{"jobTitle": "Recruitment Coordinator (Internal)", "company": "EvansDixo", "Detail": {"industry": ["HumanResources"], "jobFunction": ["HumanResources"], "jobType": "Full-time", "level": "Mid-Senior level"}, "jobId": "917962427", "location": "Melbourne,Victoria,Australia", "view": "Posted51minutesago"}{"jobTitle": "Team Assistant", "company": "TALIHealth", "Detail": {"industry": ["MedicalDevices", "ComputerSoftware", "MentalHealthCare"], "jobFunction": ["Administrative"], "jobType": "Full-time", "level": "Mid-Senior level"}, "jobId": "919501066", "location": "Cremorne,Victoria,Australia", "view": "Posted12minutesago"}{"jobTitle": "Property Lease Administrator", "company": "JBHi-Fi", "Detail": {"industry": ["ConsumerElectronics", "Retail"], "jobFunction": ["Administrative", "Finance", "Legal"], "jobType": "Full-time", "level": "Entry level"}, "jobId": "919507498", "location": "POBox561,Chadstone,VIC3148,AU", "view": "Posted30minutesago"}{"jobTitle": "HR Advisor", "company": "OliverHumeCorporatio", "Detail": {"industry": ["RealEstate"], "jobFunction": ["HumanResources"], "jobType": "Full-time", "level": "Mid-Senior level"}, "jobId": "919500408", "location": "Level2,4RiversideQuay,Southbank,VIC3006,AU", "view": "Posted51minutesago"}{"jobTitle": "Agreement Assessor \\\\u2013 Legal Graduate", "company": "OfficeofAustralianBuildingandConstructionCommissioner", "Detail": {"industry": ["GovernmentAdministration", "LegalServices"], "jobFunction": ["Legal"], "jobType": "Full-time", "level": "Entry level"}, "jobId": "919262939", "location": "Melbourne,Victoria,Australia", "view": "Posted4hoursago"}{"jobTitle": "Administration Officer - Expression of Interest", "company": "StrataconProfessionalRecruitment", "Detail": {"industry": ["GovernmentRelations"], "jobFunction": ["Administrative"], "jobType": "Contract", "level": "Associate"}, "jobId": "919299489", "location": "Melbourne,Victoria,Australia", "view": "Posted1hourago"}{"jobTitle": "Telesales Consultant - Residential", "company": "PowershopAustralia", "Detail": {"industry": ["Utilities"], "jobFunction": ["Sales"], "jobType": "Full-time", "level": "Associate"}, "jobId": "917962133", "location": "357CollinsStreet,Melbourne,VIC3000,AU", "view": "Posted56minutesago"}{"jobTitle": "Business Services Manager", "company": "ConquestServices", "Detail": {"industry": ["Accounting"], "jobFunction": ["Accounting"], "jobType": "Full-time", "level": "Mid-Senior level"}, "jobId": "919268597", "location": "Level5256QueenStreet,Melbourne,VIC3000,AU", "view": "Posted4hoursago"}{"jobTitle": "Workplace Safety  and  Wellbeing Leader", "company": "DavidJones", "Detail": {"industry": ["Retail"], "jobFunction": ["HumanResources"], "jobType": "Full-time", "level": "Mid-Senior level"}, "jobId": "919503058", "location": "Richmond,Victoria,Australia", "view": "Posted51minutesago"}{"jobTitle": "Mars Food Australia - National Health  and  Safety Leader", "company": "Mars", "Detail": {"industry": ["Food&amp;Beverages"], "jobFunction": ["HumanResources", "Management"], "jobType": "Full-time", "level": "Mid-Senior level"}, "jobId": "917957753", "location": "Melbourne,Victoria,Australia", "view": "Posted1hourago"}{"jobTitle": "Payroll Officer", "company": "ArqGroup", "Detail": {"industry": ["InformationTechnologyandServices", "Internet", "Telecommunications"], "jobFunction": ["Accounting", "Finance"], "jobType": "Full-time", "level": ""}, "jobId": "919282904", "location": "Melbourne,AU", "view": "Posted2hoursago"}{"jobTitle": "Customer Service Officer", "company": "MunroFootwearGroup", "Detail": {"industry": ["Apparel&amp;Fashion", "Retail", "ConsumerGoods"], "jobFunction": ["CustomerService", "Administrative"], "jobType": "Full-time", "level": "Entry level"}, "jobId": "919297423", "location": "PortMelbourne,Victoria,Australia", "view": "Posted1hourago"}{"jobTitle": "Senior Regulatory Affairs Associate", "company": "SwisseWellness", "Detail": {"industry": ["Health,WellnessandFitness", "ConsumerGoods", "Pharmaceuticals"], "jobFunction": ["Science"], "jobType": "Full-time", "level": "Associate"}, "jobId": "919260642", "location": "Collingwood", "view": "Posted4hoursago"}{"jobTitle": "Online Communications Coordinator", "company": "MunicipalAssociationofVictoria", "Detail": {"industry": ["GovernmentRelations", "PublicPolicy"], "jobFunction": ["InformationTechnology"], "jobType": "Full-time", "level": "Mid-Senior level"}, "jobId": "919281131", "location": "Level12,60CollinsStreet,Melbourne,VIC3000,AU", "view": "Posted3hoursago"}{"jobTitle": "Occupational Health and Safety / Return to Work Coordinator", "company": "ScalzoFoods", "Detail": {"industry": ["Food&amp;Beverages"], "jobFunction": ["HumanResources", "GeneralBusiness"], "jobType": "Full-time", "level": "Entry level"}, "jobId": "919277802", "location": "WestMelbourne,Victoria,Australia", "view": "Posted3hoursago"}{"jobTitle": "Project Manager", "company": "TheGO2PeopleLtd", "Detail": {"industry": ["CivilEngineering", "Construction", "Utilities"], "jobFunction": ["Engineering", "Management", "ProjectManagement"], "jobType": "Full-time", "level": "Mid-Senior level"}, "jobId": "919281690", "location": "Melbourne,Victoria,Australia", "view": "Posted3hoursago"}{"jobTitle": "Senior Performance Leader - Sales Trainer", "company": "FrontlinePerformanceGroup", "Detail": {"industry": ["ManagementConsulting", "ProfessionalTraining&amp;Coaching", "Retail"], "jobFunction": ["Consulting", "Management", "Training"], "jobType": "Full-time", "level": "Associate"}, "jobId": "916821890", "location": "Melbourne", "view": "Posted15hoursago"}{"jobTitle": "Deputy Principal/Head of Senior School", "company": "FisherLeadership(formerlyJoFisherExecutive)", "Detail": {"industry": ["Primary/SecondaryEducation"], "jobFunction": ["Management"], "jobType": "Full-time", "level": "Director"}, "jobId": "917362818", "location": "Brighton,Victoria,Australia", "view": "Posted5hoursago"}{"jobTitle": "Early Childhood Interventions", "company": "TradewindAustralia", "Detail": {"industry": ["Health,WellnessandFitness", "Hospital&amp;HealthCare", "Individual&amp;FamilyServices"], "jobFunction": ["HealthCareProvider", "Education", "Other"], "jobType": "Full-time", "level": "Mid-Senior level"}, "jobId": "919254986", "location": "Melbourne,Victoria,Australia", "view": "Posted5hoursago"}{"jobTitle": "Mid-Weight Graphic Designer", "company": "GDJAdvertising", "Detail": {"industry": ["MarketingandAdvertising"], "jobFunction": ["Design", "Advertising", "Art"], "jobType": "Full-time", "level": "Mid-Senior level"}, "jobId": "919291501", "location": "NorthMelbourne,Victoria,Australia", "view": "Posted2hoursago"}{"jobTitle": "HR Advisor", "company": "EvansFaullHR", "Detail": {"industry": ["HumanResources", "StaffingandRecruiting", "ProfessionalTraining&amp;Coaching"], "jobFunction": ["HumanResources", "Training", "Consulting"], "jobType": "Full-time", "level": "Mid-Senior level"}, "jobId": "919288224", "location": "Melbourne,Australia", "view": "Posted2hoursago"}{"jobTitle": "Strategic Program Manager", "company": "CourtServicesVictoria", "Detail": {"industry": ["GovernmentAdministration", "ExecutiveOffice", "ManagementConsulting"], "jobFunction": ["GeneralBusiness", "Management"], "jobType": "Full-time", "level": "Director"}, "jobId": "919297594", "location": "65KavanaghSt,SouthbankVictoria3006", "view": "Posted1hourago"}{"jobTitle": "Junior Web Developer", "company": "MDANational", "Detail": {"industry": ["Insurance"], "jobFunction": ["InformationTechnology", "Administrative", "Design"], "jobType": "Full-time", "level": "Entry level"}, "jobId": "919268460", "location": "Melbourne,Victoria,Australia", "view": "Posted4hoursago"}{"jobTitle": "API Developer / Node.js - APIs are on a mixed modern stack for Mobile IP / Web Apps in Microservices (React UI)", "company": "Saltworth\\\\xae", "Detail": {"industry": ["InformationTechnologyandServices", "ComputerSoftware", "Internet"], "jobFunction": ["InformationTechnology", "Engineering", "Design"], "jobType": "Full-time", "level": "Mid-Senior level"}, "jobId": "919272006", "location": "Melbourne,Victoria,Australia", "view": "Posted3hoursago"}{"jobTitle": "Machine Learning Engineer", "company": "black.ai", "Detail": {"industry": ["ComputerSoftware"], "jobFunction": ["Engineering", "Science"], "jobType": "Full-time", "level": "Associate"}, "jobId": "919262966", "location": "Melbourne,Australia", "view": "Posted4hoursago"}