{"jobTitle": "Senior Information Management Officer", "company": "FrankstonCityCouncil", "Detail": {"industry": ["NonprofitOrganizationManagement", "GovernmentAdministration", "Hospital&amp;HealthCare"], "jobFunction": ["InformationTechnology"], "jobType": "Full-time", "level": "Associate"}, "jobId": "919522628", "location": "Frankston,AU", "view": "Posted6minutesago"}{"jobTitle": "Production Coordinator", "company": "PrimaryEdgePromotions", "Detail": {"industry": ["MarketingandAdvertising"], "jobFunction": ["Production", "Purchasing", "Art"], "jobType": "Full-time", "level": "Mid-Senior level"}, "jobId": "919298943", "location": "SunshineWest,Victoria,Australia", "view": "Posted1hourago"}{"jobTitle": "Faculty Coordinator, Mathematics", "company": "WesleyCollege", "Detail": {"industry": ["Primary/SecondaryEducation"], "jobFunction": ["Education"], "jobType": "Part-time", "level": "Mid-Senior level"}, "jobId": "919516354", "location": "5GladstoneParade,Elsternwick,VIC3185,AU", "view": "Posted22minutesago"}{"jobTitle": "Business Services Manager", "company": "ConquestServices", "Detail": {"industry": ["Accounting"], "jobFunction": ["Accounting"], "jobType": "Full-time", "level": "Mid-Senior level"}, "jobId": "919268597", "location": "Level5256QueenStreet,Melbourne,VIC3000,AU", "view": "Posted4hoursago"}{"jobTitle": "Deputy Head of Boarding", "company": "MethodistLadies\\\\u2019College,Melbourne", "Detail": {"industry": ["Primary/SecondaryEducation", "EducationManagement"], "jobFunction": ["Education"], "jobType": "Full-time", "level": "Mid-Senior level"}, "jobId": "916598528", "location": "207BarkersRoad,Kew,VIC3101,AU", "view": "Posted24hoursago"}{"jobTitle": "Team Leader - Registered Psychologist", "company": "RehabManagement", "Detail": {"industry": ["Health,WellnessandFitness", "MedicalPractice", "Hospital&amp;HealthCare"], "jobFunction": ["HealthCareProvider"], "jobType": "Full-time", "level": "Mid-Senior level"}, "jobId": "919246607", "location": "Melbourne,Australia", "view": "Posted5hoursago"}{"jobTitle": "Company Secretary Administrator / Legal Secretary", "company": "Jemena", "Detail": {"industry": ["Oil&amp;Energy", "Utilities"], "jobFunction": ["Administrative", "Legal"], "jobType": "Full-time", "level": "Associate"}, "jobId": "917976497", "location": "MelbourneCBD", "view": "Posted14minutesago"}{"jobTitle": "Paediatric Orthopaedic Surgeon: Cerebral Palsy Clinical Lead and Gait Lab Clinical Director", "company": "TheRoyalChildren'sHospital", "Detail": {"industry": ["Hospital&amp;HealthCare"], "jobFunction": ["HealthCareProvider"], "jobType": "Full-time", "level": ""}, "jobId": "917946834", "location": "Melbourne,AU", "view": "Posted2hoursago"}{"jobTitle": "Team Leader Support and Safety Hub", "company": "KidsFirstAustralia", "Detail": {"industry": ["NonprofitOrganizationManagement"], "jobFunction": ["GeneralBusiness"], "jobType": "Contract", "level": "Mid-Senior level"}, "jobId": "917943055", "location": "Heidelberg,Victoria,Australia", "view": "Posted3hoursago"}{"jobTitle": "Cyber Security Manager", "company": "MYOB", "Detail": {"industry": ["ComputerSoftware"], "jobFunction": ["Engineering", "InformationTechnology"], "jobType": "Full-time", "level": ""}, "jobId": "919266003", "location": "Melbourne,AU", "view": "Posted4hoursago"}{"jobTitle": "Service Desk Analyst", "company": "ITbility", "Detail": {"industry": ["InformationTechnologyandServices", "ComputerNetworking"], "jobFunction": ["InformationTechnology"], "jobType": "Contract", "level": "Mid-Senior level"}, "jobId": "916802308", "location": "Melbourne,Victoria,Australia", "view": "Posted3hoursago"}{"jobTitle": "Wastewater Project Officer", "company": "YarraRangesCouncil", "Detail": {"industry": ["GovernmentAdministration"], "jobFunction": ["Other", "Strategy", "Science"], "jobType": "Full-time", "level": "Mid-Senior level"}, "jobId": "919253372", "location": "Lilydale,Victoria,Australia", "view": "Posted5hoursago"}{"jobTitle": "Senior Planner", "company": "ACCIONAGeotech", "Detail": {"industry": ["CivilEngineering", "Construction", "Renewables&amp;Environment"], "jobFunction": ["Engineering", "ProjectManagement"], "jobType": "Full-time", "level": "Associate"}, "jobId": "917936200", "location": "Melton,Victoria,Australia", "view": "Posted4hoursago"}{"jobTitle": "Assistant Manager ", "company": "RSMAustralia", "Detail": {"industry": ["Accounting"], "jobFunction": ["Other"], "jobType": "Full-time", "level": ""}, "jobId": "918218660", "location": "Melbourne,AU", "view": "Posted23hoursago"}{"jobTitle": "Drupal Developer", "company": "S2MDigitalRecruitment", "Detail": {"industry": ["InformationTechnologyandServices", "ComputerSoftware", "Internet"], "jobFunction": ["InformationTechnology", "Engineering"], "jobType": "Full-time", "level": "Mid-Senior level"}, "jobId": "918894600", "location": "Melbourne,Australia", "view": "Posted5hoursago"}{"jobTitle": "", "company": "", "Detail": "", "jobId": "919262966", "location": "", "view": ""}{"jobTitle": "UI/UX - Web Designer (eCommerce)", "company": "AdvanceVisionTechnology", "Detail": {"industry": ["InformationTechnologyandServices"], "jobFunction": ["Design", "InformationTechnology", "CustomerService"], "jobType": "Full-time", "level": "Associate"}, "jobId": "919257392", "location": "PortMelbourne,Victoria,Australia", "view": "Posted5hoursago"}{"jobTitle": "Test Manager", "company": "Contino", "Detail": {"industry": ["InformationTechnologyandServices"], "jobFunction": ["QualityAssurance"], "jobType": "Contract", "level": "Mid-Senior level"}, "jobId": "917381577", "location": "Melbourne,Victoria,Australia", "view": "Posted5hoursago"}{"jobTitle": "PeopleSoft Tester", "company": "Nexthire", "Detail": {"industry": ["EducationManagement"], "jobFunction": ["Education"], "jobType": "Contract", "level": "Mid-Senior level"}, "jobId": "917379749", "location": "Melbourne,Australia", "view": "Posted5hoursago"}{"jobTitle": "Marketing Associate China team (Melbourne)", "company": "EgoPharmaceuticals", "Detail": {"industry": ["Pharmaceuticals"], "jobFunction": ["Sales"], "jobType": "Full-time", "level": "Associate"}, "jobId": "918123013", "location": "DandenongSouth,Victoria,Australia", "view": "76views"}{"jobTitle": "Engagement  and  Retention Specialist, Digital Marketing", "company": "7-ElevenAustralia", "Detail": {"industry": ["Retail", "MarketingandAdvertising", "InformationTechnologyandServices"], "jobFunction": ["Marketing"], "jobType": "Full-time", "level": "Associate"}, "jobId": "919243637", "location": "357FerntreeGullyRoad,MountWaverley,VIC3149,AU", "view": "Posted6hoursago"}{"jobTitle": "Industrial Engineer", "company": "JaycoCorporationPtyLtd(Australia)", "Detail": {"industry": ["Automotive"], "jobFunction": ["Engineering", "Manufacturing", "Production"], "jobType": "Full-time", "level": "Associate"}, "jobId": "917948843", "location": "DandenongSouth,Victoria,Australia", "view": "Posted2hoursago"}{"jobTitle": "Director, Real Estate Finance", "company": "Cr\\\\xe9ditAgricoleCIB", "Detail": {"industry": ["Banking", "RealEstate"], "jobFunction": ["Finance", "Sales"], "jobType": "Full-time", "level": "Director"}, "jobId": "917950524", "location": "Melbourne,Victoria,Australia", "view": "Posted2hoursago"}{"jobTitle": "Software Development Engineer", "company": "PolyglotGroup", "Detail": {"industry": ["ComputerSoftware"], "jobFunction": ["InformationTechnology"], "jobType": "Contract", "level": "Mid-Senior level"}, "jobId": "917882879", "location": "Rowville", "view": "56views"}{"jobTitle": "New Business Development Manager", "company": "Coca-ColaAmatil", "Detail": {"industry": ["ConsumerGoods", "Food&amp;Beverages"], "jobFunction": ["Sales"], "jobType": "Full-time", "level": "Associate"}, "jobId": "917861024", "location": "Melbourne", "view": "94views"}