{"jobTitle": "Geotechnical Principal - Melbourne", "company": "Coffey,ATetraTechCompany", "Detail": {"industry": ["CivilEngineering", "Mining&amp;Metals", "Design"], "jobFunction": ["Engineering", "Management", "Consulting"], "jobType": "Full-time", "level": "Executive"}, "jobId": "917974483", "location": "Melbourne", "view": "Posted24minutesago"}{"jobTitle": "Solutions Architect  Insurance", "company": "MarshallMcAdam", "Detail": {"industry": ["InformationTechnologyandServices"], "jobFunction": ["InformationTechnology"], "jobType": "Contract", "level": "Associate"}, "jobId": "919513146", "location": "MelbourneCBD,Melbourne,Australia", "view": "Posted32minutesago"}{"jobTitle": "UI/UX Developer/Designer", "company": "HSD", "Detail": {"industry": ["InformationTechnologyandServices"], "jobFunction": ["InformationTechnology"], "jobType": "Contract", "level": "Mid-Senior level"}, "jobId": "919501817", "location": "PortMelbourne,Victoria,Australia", "view": "Posted12minutesago"}{"jobTitle": "Certification Officer", "company": "NZTransportAgency", "Detail": {"industry": ["InformationTechnologyandServices", "GovernmentAdministration", "FinancialServices"], "jobFunction": ["Other"], "jobType": "Full-time", "level": "Entry level"}, "jobId": "917935844", "location": "Canterbury,AU", "view": "Posted4hoursago"}{"jobTitle": "Online Communications Advisor", "company": "RailProjectsVictoria", "Detail": {"industry": ["GovernmentRelations", "PublicRelationsandCommunications", "Transportation/Trucking/Railroad"], "jobFunction": ["Art", "Writing", "Marketing"], "jobType": "Full-time", "level": "Mid-Senior level"}, "jobId": "917985300", "location": "121ExhibitionStreet,Melbourne,VIC3000,AU", "view": "Posted5minutesago"}{"jobTitle": "Laboratory Technician", "company": "Downer", "Detail": {"industry": ["Construction", "StaffingandRecruiting", "Oil&amp;Energy"], "jobFunction": ["Research", "Analyst", "InformationTechnology"], "jobType": "Full-time", "level": "Entry level"}, "jobId": "919277877", "location": "Melbourne,AU", "view": "Posted3hoursago"}{"jobTitle": "Senior Project Managers - Transformation", "company": "Talent", "Detail": {"industry": ["InformationTechnologyandServices"], "jobFunction": ["InformationTechnology"], "jobType": "Contract", "level": "Mid-Senior level"}, "jobId": "919282960", "location": "Melbourne,Australia", "view": "Posted2hoursago"}{"jobTitle": "Early Childhood Educator (Qualified)", "company": "RMITUniversity", "Detail": {"industry": ["HigherEducation"], "jobFunction": ["Education", "Training"], "jobType": "Full-time", "level": ""}, "jobId": "916599662", "location": "Melbourne,AU", "view": "Posted23hoursago"}{"jobTitle": "Staffing Partner", "company": "MelbourneRacingClub", "Detail": {"industry": ["Sports", "EventsServices", "Hospitality"], "jobFunction": ["HumanResources", "Administrative", "Other"], "jobType": "Full-time", "level": "Associate"}, "jobId": "919263841", "location": "Melbourne,Australia", "view": "Posted4hoursago"}{"jobTitle": "Compliance Operations Support", "company": "Square", "Detail": {"industry": ["FinancialServices"], "jobFunction": ["CustomerService"], "jobType": "Full-time", "level": "Associate"}, "jobId": "918915075", "location": "Melbourne,Australia", "view": "Posted12hoursago"}{"jobTitle": "Project Accountant - 9 Month Contract", "company": "Transurba", "Detail": {"industry": ["Transportation/Trucking/Railroad"], "jobFunction": ["Accounting", "Finance"], "jobType": "Other", "level": ""}, "jobId": "918204887", "location": "Melbourne,AU", "view": "Posted24hoursago"}{"jobTitle": "Visual Designer", "company": "MovemberFoundatio", "Detail": {"industry": ["NonprofitOrganizationManagement"], "jobFunction": ["Art", "Design"], "jobType": "Contract", "level": "Mid-Senior level"}, "jobId": "918289686", "location": "Level4,21-31GoodwoodStreet,Richmond,VIC3121,AU", "view": "Posted21hoursago"}{"jobTitle": "Customer Service Team Leader", "company": "LaminexAustralia", "Detail": {"industry": ["BuildingMaterials"], "jobFunction": ["BusinessDevelopment", "CustomerService"], "jobType": "Full-time", "level": "Mid-Senior level"}, "jobId": "919280158", "location": "Melbourne,Australia", "view": "Posted3hoursago"}{"jobTitle": "Graduate Recruitment Manager", "company": "Specsavers", "Detail": {"industry": ["Apparel&amp;Fashion", "Health,WellnessandFitness", "Retail"], "jobFunction": ["BusinessDevelopment"], "jobType": "Full-time", "level": "Mid-Senior level"}, "jobId": "916554627", "location": "PortMelbourne", "view": "133views"}{"jobTitle": "Technical Sales Representative", "company": "RobertWalters", "Detail": {"industry": ["Electrical/ElectronicManufacturing", "Machinery", "Research"], "jobFunction": ["BusinessDevelopment", "Manufacturing", "Sales"], "jobType": "Full-time", "level": "Mid-Senior level"}, "jobId": "916800708", "location": "Melbourne,Australia", "view": "Posted23hoursago"}{"jobTitle": "Cyber Analysts", "company": "AustralianEnergyMarketOperator(AEMO)", "Detail": {"industry": ["Utilities", "Oil&amp;Energy", "InformationTechnologyandServices"], "jobFunction": ["Analyst", "InformationTechnology"], "jobType": "Full-time", "level": "Associate"}, "jobId": "919259277", "location": "Level22530CollinsSt,Melbourne,VIC3000,AU", "view": "Posted5hoursago"}{"jobTitle": "Investment Manager \\\\u2013 Market Strategist", "company": "HESTA", "Detail": {"industry": ["FinancialServices"], "jobFunction": ["Management"], "jobType": "Temporary", "level": "Mid-Senior level"}, "jobId": "917884856", "location": ",Melbourne,VIC3000,AU", "view": "94views"}{"jobTitle": "Payroll Specialist", "company": "ChandlerMacleodGroup", "Detail": {"industry": ["HumanResources", "FinancialServices"], "jobFunction": ["Finance"], "jobType": "Full-time", "level": "Mid-Senior level"}, "jobId": "917933315", "location": "Prahran,Victoria,Australia", "view": "Posted4hoursago"}{"jobTitle": "Finance Business Partner", "company": "RSPCAVictoria", "Detail": {"industry": ["NonprofitOrganizationManagement", "FinancialServices"], "jobFunction": ["Accounting", "Finance"], "jobType": "Part-time", "level": "Mid-Senior level"}, "jobId": "919212245", "location": "BurwoodEast,Victoria,Australia", "view": "Posted8hoursago"}{"jobTitle": "Tax Advisor/Tax Manager - 12 month FTC", "company": "Carlton and UnitedBreweries", "Detail": {"industry": ["MarketingandAdvertising", "Food&amp;Beverages", "ConsumerGoods"], "jobFunction": ["Accounting", "Finance"], "jobType": "Full-time", "level": "Associate"}, "jobId": "917947132", "location": "Melbourne,AU", "view": "Posted3hoursago"}{"jobTitle": "Client Side Project Manager x 2", "company": "Sharp and Carter", "Detail": {"industry": ["Construction", "BuildingMaterials", "CivilEngineering"], "jobFunction": ["ProjectManagement", "InformationTechnology"], "jobType": "Full-time", "level": "Associate"}, "jobId": "919223498", "location": "Melbourne,AU", "view": "Posted7hoursago"}{"jobTitle": "BI Business Analyst (Melbourne)", "company": "FusionProfessionals", "Detail": {"industry": ["InformationTechnologyandServices", "ComputerHardware", "ComputerSoftware"], "jobFunction": ["CustomerService", "InformationTechnology", "Consulting"], "jobType": "Full-time", "level": "Mid-Senior level"}, "jobId": "917352338", "location": "Melbourne,Australia", "view": "Posted7hoursago"}{"jobTitle": "Senior Business Analyst - Redesign  and  Transformation", "company": "DentsuAegisNetwork", "Detail": {"industry": ["MarketingandAdvertising"], "jobFunction": ["ProjectManagement", "Strategy"], "jobType": "Full-time", "level": "Mid-Senior level"}, "jobId": "919296723", "location": "SouthMelbourne,Victoria,Australia", "view": "Posted2hoursago"}{"jobTitle": "Senior Internal Auditor", "company": "AustralianUnity", "Detail": {"industry": ["FinancialServices", "Health,WellnessandFitness", "Insurance"], "jobFunction": ["Accounting", "Consulting", "QualityAssurance"], "jobType": "Full-time", "level": "Mid-Senior level"}, "jobId": "918154531", "location": "Melbourne", "view": "43views"}{"jobTitle": "Health, Safety and Wellbeing Business Partner", "company": "RACV", "Detail": {"industry": ["Civic&amp;SocialOrganization", "Health,WellnessandFitness"], "jobFunction": ["Consulting", "ProjectManagement", "Other"], "jobType": "Full-time", "level": "Mid-Senior level"}, "jobId": "919263174", "location": "485BourkeSt,Melbourne,VIC3000,AU", "view": "Posted4hoursago"}