{"jobTitle": "Lead, Platinum Wealth Direct Service", "company": "NationalAustraliaBank", "Detail": {"industry": ["FinancialServices", "InvestmentBanking", "InvestmentManagement"], "jobFunction": ["BusinessDevelopment", "Finance", "Management"], "jobType": "Full-time", "level": "Mid-Senior level"}, "jobId": "919285417", "location": "MelbourneCBD", "view": "Posted2hoursago"}{"jobTitle": "Associate Director, Vertical Transportation Engineer", "company": "WSPinAustralia and NewZealand", "Detail": {"industry": ["CivilEngineering", "Oil&amp;Energy", "ManagementConsulting"], "jobFunction": ["Management", "Manufacturing"], "jobType": "Full-time", "level": "Director"}, "jobId": "918461519", "location": "Melbourne,AU", "view": "Posted17hoursago"}{"jobTitle": "Lead Application Developer", "company": "ADP", "Detail": {"industry": ["ComputerSoftware", "FinancialServices", "HumanResources"], "jobFunction": ["InformationTechnology"], "jobType": "Full-time", "level": "Mid-Senior level"}, "jobId": "917957131", "location": "Mulgrave,Victoria,Australia", "view": "Posted2hoursago"}{"jobTitle": "Administration Officer Professional Services / Financial Planning", "company": "AuslinkConsultingGroup", "Detail": {"industry": ["FinancialServices", "ConsumerServices"], "jobFunction": ["Administrative", "CustomerService"], "jobType": "Full-time", "level": "Mid-Senior level"}, "jobId": "917949138", "location": "Melbourne,Australia", "view": "Posted3hoursago"}{"jobTitle": "Employment Consultant - Disability Employment Services - Corio", "company": "MatchWorks", "Detail": {"industry": ["NonprofitOrganizationManagement", "StaffingandRecruiting", "GovernmentAdministration"], "jobFunction": ["Other"], "jobType": "Full-time", "level": "Associate"}, "jobId": "917105468", "location": "Geelong,AU", "view": "10views"}{"jobTitle": "Finishes Foreman - Tier 3", "company": "BaysidePersonnel", "Detail": {"industry": ["Construction"], "jobFunction": ["Engineering", "Management", "ProjectManagement"], "jobType": "Contract", "level": ""}, "jobId": "919263172", "location": "NorthernSuburbsMelbourne,Australia", "view": "Posted4hoursago"}{"jobTitle": "ERP Software Sales Account Executive - Mid-Market", "company": "Oracle", "Detail": {"industry": ["ComputerSoftware"], "jobFunction": ["InformationTechnology", "Sales"], "jobType": "Full-time", "level": "Executive"}, "jobId": "917928819", "location": "Melbourne,Victoria,Australia", "view": "Posted4hoursago"}{"jobTitle": "Clinical Project Assistant (CTA) - St Kilda", "company": "PPD", "Detail": {"industry": ["Biotechnology", "Pharmaceuticals", "Research"], "jobFunction": ["Science"], "jobType": "Full-time", "level": ""}, "jobId": "917955282", "location": "Melbourne,AU", "view": "Posted2hoursago"}{"jobTitle": "People  and  Performance Consultant", "company": "recoveriescorp", "Detail": {"industry": ["FinancialServices", "Outsourcing/Offshoring"], "jobFunction": ["HumanResources"], "jobType": "Full-time", "level": "Associate"}, "jobId": "918182179", "location": "CollinsStreet,Melbourne,VIC3000,AU", "view": "23views"}{"jobTitle": "Security Partner", "company": "ANZ", "Detail": {"industry": ["Accounting", "Banking", "FinancialServices"], "jobFunction": ["Other", "InformationTechnology", "Management"], "jobType": "Full-time", "level": ""}, "jobId": "916801514", "location": "Melbourne,AU", "view": "Posted23hoursago"}{"jobTitle": "Account Manager", "company": "Meltwater", "Detail": {"industry": ["InformationTechnologyandServices", "OnlineMedia", "ComputerSoftware"], "jobFunction": ["Management", "Consulting", "Sales"], "jobType": "Full-time", "level": "Mid-Senior level"}, "jobId": "918180103", "location": "Melbourne,Australia", "view": "29views"}{"jobTitle": "Principal Project Officer, Change Management", "company": "DepartmentofHealth and HumanServices,Victoria", "Detail": {"industry": ["NonprofitOrganizationManagement", "GovernmentAdministration", "Hospital&amp;HealthCare"], "jobFunction": ["Other"], "jobType": "Full-time", "level": "Mid-Senior level"}, "jobId": "919275359", "location": "Melbourne,AU", "view": "Posted3hoursago"}{"jobTitle": "Health, Safety and Wellbeing Business Partner", "company": "RACV", "Detail": {"industry": ["Civic&amp;SocialOrganization", "Health,WellnessandFitness"], "jobFunction": ["Consulting", "ProjectManagement", "Other"], "jobType": "Full-time", "level": "Mid-Senior level"}, "jobId": "919263174", "location": "485BourkeSt,Melbourne,VIC3000,AU", "view": "Posted4hoursago"}{"jobTitle": "Engineering Managers", "company": "LevelCrossingRemovalAuthority", "Detail": {"industry": ["Construction", "CivilEngineering"], "jobFunction": ["Engineering", "Management"], "jobType": "Full-time", "level": "Mid-Senior level"}, "jobId": "919281043", "location": "121ExhibitionStreet,Melbourne,VIC3000,AU", "view": "Posted3hoursago"}{"jobTitle": "Senior Developer", "company": "Readify", "Detail": {"industry": ["InformationTechnologyandServices", "ComputerSoftware"], "jobFunction": ["Consulting", "InformationTechnology"], "jobType": "Full-time", "level": "Mid-Senior level"}, "jobId": "916572533", "location": "Melbourne,Victoria,Australia", "view": "26views"}{"jobTitle": "Data Insights Analyst", "company": "PreactaRecruitment", "Detail": {"industry": ["Internet"], "jobFunction": ["Analyst"], "jobType": "Full-time", "level": "Mid-Senior level"}, "jobId": "918254123", "location": "Melbourne,Australia", "view": "Posted23hoursago"}{"jobTitle": "Digital Advertising Manager", "company": "Bunnings", "Detail": {"industry": ["Retail"], "jobFunction": ["Marketing", "Advertising"], "jobType": "Full-time", "level": "Mid-Senior level"}, "jobId": "917905449", "location": "HawthornEast,Victoria,Australia", "view": "Posted4hoursago"}{"jobTitle": "Risk Director ANZ", "company": "LeasePlanAustralia", "Detail": {"industry": ["FinancialServices", "Automotive"], "jobFunction": ["Finance", "Strategy"], "jobType": "Full-time", "level": "Director"}, "jobId": "918181168", "location": "Level7,SouthWharfTower30ConventionCentrePlace,SouthWharf,VIC3006,AU", "view": "32views"}{"jobTitle": "SENIOR LECTURER/ASSOCIATE PROFESSOR", "company": "UniversityofMelbourne", "Detail": {"industry": ["HigherEducation"], "jobFunction": ["Education"], "jobType": "Full-time", "level": "Mid-Senior level"}, "jobId": "917863396", "location": "Parkville,Melbourne,VIC3010,AU", "view": "40views"}{"jobTitle": "Training Manager", "company": "IndependenceAustralia", "Detail": {"industry": ["Hospital&amp;HealthCare", "Individual&amp;FamilyServices", "NonprofitOrganizationManagement"], "jobFunction": ["Training"], "jobType": "Full-time", "level": "Mid-Senior level"}, "jobId": "918174718", "location": "BurkeRd,CamberwellVictoria3124", "view": "44views"}{"jobTitle": "Principal Software Engineer", "company": "DeakinUniversity", "Detail": {"industry": ["ComputerSoftware", "HigherEducation", "InformationTechnologyandServices"], "jobFunction": ["Education", "InformationTechnology"], "jobType": "Contract", "level": "Director"}, "jobId": "916587778", "location": "Burwood,Melbourne,Australia", "view": "66views"}{"jobTitle": "Accounts Receivable Officer", "company": "IPA", "Detail": {"industry": ["Accounting"], "jobFunction": ["Accounting"], "jobType": "Full-time", "level": "Associate"}, "jobId": "918215255", "location": "MelbourneCBD,Melbourne,Australia", "view": "Posted23hoursago"}{"jobTitle": "Digital Project Manager", "company": "AKQA", "Detail": {"industry": ["MarketingandAdvertising", "InformationTechnologyandServices"], "jobFunction": ["Marketing", "InformationTechnology", "ProjectManagement"], "jobType": "Full-time", "level": "Mid-Senior level"}, "jobId": "917048097", "location": "Melbourne,Australia", "view": "71views"}{"jobTitle": "Senior Business Intelligence Analyst", "company": "WorkSafeVictoria", "Detail": {"industry": ["GovernmentAdministration"], "jobFunction": ["InformationTechnology"], "jobType": "Full-time", "level": "Associate"}, "jobId": "919217441", "location": "Melbourne,Australia", "view": "Posted7hoursago"}{"jobTitle": "Volunteer Sector Development Officer", "company": "CityofBoroondara", "Detail": {"industry": ["NonprofitOrganizationManagement", "Civic&amp;SocialOrganization", "GovernmentAdministration"], "jobFunction": ["BusinessDevelopment", "Sales"], "jobType": "Volunteer", "level": "Entry level"}, "jobId": "918161605", "location": "Boroondara,AU", "view": "26views"}