{"jobTitle": "Financial Controller", "company": "Driscoll's", "Detail": {"industry": ["Farming", "FoodProduction", "Automotive"], "jobFunction": ["Accounting", "Finance", "Consulting"], "jobType": "Full-time", "level": "Mid-Senior level"}, "jobId": "919509979", "location": "Melbourne,Australia", "view": "Posted22minutesago"}{"jobTitle": "Marketing Analyst, ASIA - 12 Month Contract", "company": "BIC", "Detail": {"industry": ["ConsumerGoods"], "jobFunction": ["Analyst"], "jobType": "Full-time", "level": ""}, "jobId": "917960026", "location": "Melbourne,Australia", "view": "Posted1hourago"}{"jobTitle": "Sales Support Officer", "company": "Elders", "Detail": {"industry": ["Farming"], "jobFunction": ["CustomerService", "InformationTechnology"], "jobType": "Full-time", "level": ""}, "jobId": "919288169", "location": "Pakenham,AU", "view": "Posted2hoursago"}{"jobTitle": "Statutory Planner", "company": "CityofCasey", "Detail": {"industry": ["GovernmentAdministration"], "jobFunction": ["Strategy"], "jobType": "Full-time", "level": "Associate"}, "jobId": "919273410", "location": "NarreWarre", "view": "Posted3hoursago"}{"jobTitle": "Logistics Manager - Warehouse", "company": "ALDIStoresAustralia", "Detail": {"industry": ["Retail", "LogisticsandSupplyChain"], "jobFunction": ["Management", "Distribution", "SupplyChain"], "jobType": "Full-time", "level": "Mid-Senior level"}, "jobId": "919267234", "location": "Derrimut,Victoria,Australia", "view": "Posted4hoursago"}{"jobTitle": "Administrative Support Officers", "company": "CityofWhittlesea", "Detail": {"industry": ["NonprofitOrganizationManagement", "GovernmentAdministration", "Hospitality"], "jobFunction": ["Administrative"], "jobType": "Full-time", "level": "Entry level"}, "jobId": "917501337", "location": "Melbourne,AU", "view": "43views"}{"jobTitle": "Change Leadership Consultant", "company": "AGLEnergy", "Detail": {"industry": ["HumanResources"], "jobFunction": ["HumanResources"], "jobType": "Contract", "level": ""}, "jobId": "919282034", "location": "Melbourne,Australia", "view": "Posted2hoursago"}{"jobTitle": "Chef de Cuisine", "company": "CrownResorts", "Detail": {"industry": ["Gambling&amp;Casinos"], "jobFunction": ["Other"], "jobType": "Full-time", "level": "Mid-Senior level"}, "jobId": "919276392", "location": "Melbourne", "view": "Posted3hoursago"}{"jobTitle": "Lead Risk Analyst", "company": "LatitudeFinancialServices", "Detail": {"industry": ["FinancialServices", "Banking"], "jobFunction": ["Finance", "Analyst"], "jobType": "Full-time", "level": "Mid-Senior level"}, "jobId": "917958528", "location": "Docklands,Victoria,Australia", "view": "Posted1hourago"}{"jobTitle": "Casual Customer Service and Sales Consultant - DONCASTER", "company": "Telstra", "Detail": {"industry": ["InformationTechnologyandServices", "OnlineMedia", "Telecommunications"], "jobFunction": ["CustomerService", "InformationTechnology"], "jobType": "Full-time", "level": ""}, "jobId": "917324971", "location": "Melbourne,AU", "view": "Posted7hoursago"}{"jobTitle": "Environmental and Planning Consultant", "company": "TecsideGroup", "Detail": {"industry": ["Architecture&amp;Planning", "EnvironmentalServices", "Construction"], "jobFunction": ["Engineering", "Science", "Strategy"], "jobType": "Full-time", "level": "Entry level"}, "jobId": "919283878", "location": "Melbourne,Victoria,Australia", "view": "Posted2hoursago"}{"jobTitle": "Data and Analytics Manager", "company": "REAGroup", "Detail": {"industry": ["OnlineMedia"], "jobFunction": ["Analyst", "InformationTechnology"], "jobType": "Full-time", "level": "Mid-Senior level"}, "jobId": "919289792", "location": "Sydney,Australia", "view": "Posted2hoursago"}{"jobTitle": "Sales Consultant", "company": "Biggin and ScottCorporate", "Detail": {"industry": ["RealEstate"], "jobFunction": ["Sales"], "jobType": "Full-time", "level": "Associate"}, "jobId": "916598172", "location": "10IllowaStreet,MalvernEast,VIC3145,AU", "view": "Posted24hoursago"}{"jobTitle": "UI Designer", "company": "CreativeRecruiters", "Detail": {"industry": ["OnlineMedia", "Design", "MarketingandAdvertising"], "jobFunction": ["Design", "Advertising"], "jobType": "Temporary", "level": "Mid-Senior level"}, "jobId": "917089865", "location": "Melbourne,Australia", "view": "30views"}{"jobTitle": "Media Manager", "company": "MelbourneWater", "Detail": {"industry": ["PublicRelationsandCommunications"], "jobFunction": ["PublicRelations"], "jobType": "Full-time", "level": "Mid-Senior level"}, "jobId": "919298738", "location": "Docklands", "view": "Posted1hourago"}{"jobTitle": "Software Engineer", "company": "Peoplebank", "Detail": {"industry": ["InformationTechnologyandServices", "ComputerSoftware", "FinancialServices"], "jobFunction": ["Engineering", "InformationTechnology"], "jobType": "Contract", "level": "Entry level"}, "jobId": "918167274", "location": "Melbourne,AU", "view": "30views"}{"jobTitle": "SAP Solution Architect", "company": "DXCOxyge", "Detail": {"industry": ["InformationTechnologyandServices"], "jobFunction": ["InformationTechnology"], "jobType": "Full-time", "level": "Mid-Senior level"}, "jobId": "919250667", "location": "Melbourne,Australia", "view": "Posted5hoursago"}{"jobTitle": "Stakeholder Manager - Local Government", "company": "TransportAccidentCommission(TAC)", "Detail": {"industry": ["Insurance", "PublicSafety"], "jobFunction": ["Other", "BusinessDevelopment", "Management"], "jobType": "Full-time", "level": "Mid-Senior level"}, "jobId": "919208193", "location": "60BroughamSt,Geelong,VIC3220,AU", "view": "Posted8hoursago"}{"jobTitle": "Compliance Analyst", "company": "MomentumEnergy", "Detail": {"industry": ["Utilities", "Oil&amp;Energy"], "jobFunction": ["Analyst", "Legal"], "jobType": "Full-time", "level": "Associate"}, "jobId": "919274553", "location": "Melbourne,Victoria,Australia", "view": "Posted3hoursago"}{"jobTitle": "Technical Lead - global trading product", "company": "IRESS", "Detail": {"industry": ["FinancialServices", "InformationTechnologyandServices"], "jobFunction": ["InformationTechnology"], "jobType": "Full-time", "level": "Mid-Senior level"}, "jobId": "919208768", "location": "Level16385BourkeStreetMelbourne,Melbourne,VIC3000,AU", "view": "Posted8hoursago"}{"jobTitle": "Manager - Cyber Security  and  Digital Trust", "company": "PwCAustralia", "Detail": {"industry": ["ManagementConsulting", "Accounting", "FinancialServices"], "jobFunction": ["Accounting"], "jobType": "Full-time", "level": ""}, "jobId": "916598715", "location": "Melbourne,AU", "view": "Posted23hoursago"}{"jobTitle": "Global Support Engineer", "company": "LeicaBiosystems", "Detail": {"industry": ["Biotechnology"], "jobFunction": ["InformationTechnology"], "jobType": "Full-time", "level": ""}, "jobId": "916801576", "location": "Melbourne,AU", "view": "Posted23hoursago"}{"jobTitle": "Technical Solutions Architect", "company": "affix", "Detail": {"industry": ["InformationTechnologyandServices"], "jobFunction": ["InformationTechnology"], "jobType": "Full-time", "level": "Mid-Senior level"}, "jobId": "918190115", "location": "Melbourne,Australia", "view": "Posted24hoursago"}{"jobTitle": "Corporate Accountant", "company": "WilmarSugarAustraliaLimited", "Detail": {"industry": ["FoodProduction"], "jobFunction": ["Accounting", "Finance"], "jobType": "Full-time", "level": "Mid-Senior level"}, "jobId": "919250338", "location": "265WhitehallStreetYarraville,Melbourne,VIC3013,AU", "view": "Posted5hoursago"}{"jobTitle": "Compliance/Investigations Officer", "company": "VicRoads", "Detail": {"industry": ["InformationTechnologyandServices", "NonprofitOrganizationManagement", "GovernmentAdministration"], "jobFunction": ["Other", "InformationTechnology", "Management"], "jobType": "Full-time", "level": "Mid-Senior level"}, "jobId": "919213544", "location": "Burwood,AU", "view": "Posted7hoursago"}