{"jobTitle": "Dynamics CRM Technical Architect", "company": "WiproLimited", "Detail": {"industry": ["InformationTechnologyandServices"], "jobFunction": ["InformationTechnology"], "jobType": "Full-time", "level": "Executive"}, "jobId": "916806218", "location": "Melbourne,Australia", "view": "Posted20hoursago"}{"jobTitle": "Registered Midwife - Special Care Nursery", "company": "Epworth", "Detail": {"industry": ["Health,WellnessandFitness", "MedicalPractice", "Hospital&amp;HealthCare"], "jobFunction": ["HealthCareProvider"], "jobType": "Full-time", "level": "Associate"}, "jobId": "918441834", "location": "Melbourne,AU", "view": "Posted19hoursago"}{"jobTitle": "Facilities Engineer", "company": "DentalHealthServicesVictoria", "Detail": {"industry": ["Hospital&amp;HealthCare", "NonprofitOrganizationManagement", "GovernmentAdministration"], "jobFunction": ["Other", "Engineering", "GeneralBusiness"], "jobType": "Full-time", "level": "Mid-Senior level"}, "jobId": "918127882", "location": "720SwanstonStreet,Melbourne,VIC3053,AU", "view": "Posted5hoursago"}{"jobTitle": "Samsung Highpoint - Retail Sales Manager", "company": "people2people", "Detail": {"industry": ["Retail"], "jobFunction": ["Sales"], "jobType": "Full-time", "level": ""}, "jobId": "919291651", "location": "Maribyrnong", "view": "Posted2hoursago"}{"jobTitle": "Solution Architect (Stack Technologies)", "company": "PureStorage", "Detail": {"industry": ["ComputerHardware", "ComputerSoftware"], "jobFunction": ["Sales", "BusinessDevelopment"], "jobType": "Full-time", "level": ""}, "jobId": "918197359", "location": "Melbourne,AU", "view": "Posted24hoursago"}{"jobTitle": "Registered Midwife \\\\u2013 Werribee Mercy Hospital", "company": "MercyHealthAustralia", "Detail": {"industry": ["NonprofitOrganizationManagement", "Health,WellnessandFitness", "Hospital&amp;HealthCare"], "jobFunction": ["HealthCareProvider"], "jobType": "Full-time", "level": "Associate"}, "jobId": "918120559", "location": "Melbourne,AU", "view": "4views"}{"jobTitle": "Lead - Commercial (Area) Global", "company": "Orica", "Detail": {"industry": ["IndustrialAutomation", "InformationServices", "Mining&amp;Metals"], "jobFunction": ["Engineering", "ProductManagement", "ProjectManagement"], "jobType": "Full-time", "level": "Executive"}, "jobId": "918124433", "location": "KurriKurri-MFG(00529)", "view": "22views"}{"jobTitle": "Publicist", "company": "TheAustralianBallet", "Detail": {"industry": ["PerformingArts"], "jobFunction": ["Marketing", "PublicRelations"], "jobType": "Full-time", "level": "Associate"}, "jobId": "919238180", "location": "Melbourne,Victoria,Australia", "view": "Posted6hoursago"}{"jobTitle": "Category Manager", "company": "Lio", "Detail": {"industry": ["ConsumerGoods", "Food&amp;Beverages"], "jobFunction": ["Marketing", "Sales"], "jobType": "Full-time", "level": "Mid-Senior level"}, "jobId": "917872347", "location": "Docklands,Melbourne,Australia", "view": "78views"}{"jobTitle": "Customer Experience and Resolution Manager", "company": "ThinkTalentPtyLtd", "Detail": {"industry": ["Utilities"], "jobFunction": ["Marketing"], "jobType": "Full-time", "level": "Mid-Senior level"}, "jobId": "917978534", "location": "Frankston,Melbourne,Australia", "view": "Posted23minutesago"}{"jobTitle": "System Engineer", "company": "IterationWorks", "Detail": {"industry": ["InformationTechnologyandServices", "MedicalDevices"], "jobFunction": ["InformationTechnology"], "jobType": "Full-time", "level": "Mid-Senior level"}, "jobId": "916598606", "location": "Melbourne,Australia", "view": "Posted24hoursago"}{"jobTitle": "Data Architect", "company": "BlueScope", "Detail": {"industry": ["InformationTechnologyandServices", "ComputerSoftware", "FinancialServices"], "jobFunction": ["InformationTechnology", "Consulting", "Engineering"], "jobType": "Full-time", "level": "Mid-Senior level"}, "jobId": "916898331", "location": "Melbourne,Victoria,Australia", "view": "Posted9hoursago"}{"jobTitle": "Information Librarian", "company": "CityofGreaterDandenong", "Detail": {"industry": ["NonprofitOrganizationManagement", "Civic&amp;SocialOrganization", "GovernmentAdministration"], "jobFunction": ["Education", "Training"], "jobType": "Full-time", "level": "Entry level"}, "jobId": "918121167", "location": "Dandenong,AU", "view": "18views"}{"jobTitle": "Principal Project Officer, Change Management", "company": "DepartmentofHealth and HumanServices,Victoria", "Detail": {"industry": ["NonprofitOrganizationManagement", "GovernmentAdministration", "Hospital&amp;HealthCare"], "jobFunction": ["Other"], "jobType": "Full-time", "level": "Mid-Senior level"}, "jobId": "919275359", "location": "Melbourne,AU", "view": "Posted3hoursago"}{"jobTitle": "", "company": "", "Detail": "", "jobId": "919248175", "location": "", "view": ""}{"jobTitle": "", "company": "", "Detail": "", "jobId": "918139231", "location": "", "view": ""}{"jobTitle": "", "company": "", "Detail": "", "jobId": "919355209", "location": "", "view": ""}{"jobTitle": "", "company": "", "Detail": "", "jobId": "919236195", "location": "", "view": ""}{"jobTitle": "", "company": "", "Detail": "", "jobId": "917146094", "location": "", "view": ""}{"jobTitle": "", "company": "", "Detail": "", "jobId": "919305013", "location": "", "view": ""}{"jobTitle": "", "company": "", "Detail": "", "jobId": "919092571", "location": "", "view": ""}{"jobTitle": "", "company": "", "Detail": "", "jobId": "918113258", "location": "", "view": ""}{"jobTitle": "", "company": "", "Detail": "", "jobId": "916562356", "location": "", "view": ""}{"jobTitle": "", "company": "", "Detail": "", "jobId": "919230736", "location": "", "view": ""}{"jobTitle": "", "company": "", "Detail": "", "jobId": "918276094", "location": "", "view": ""}