{"jobTitle": "Teach in China - Electrical  and  Renewable", "company": "ChisholmInstitute", "Detail": {"industry": ["NonprofitOrganizationManagement", "HigherEducation", "EducationManagement"], "jobFunction": ["Education", "Training"], "jobType": "Contract", "level": ""}, "jobId": "916854371", "location": "Melbourne,AU", "view": "Posted10hoursago"}{"jobTitle": "Life Coach, Corporate Coach or Speakers", "company": "YB12", "Detail": {"industry": ["ProfessionalTraining&amp;Coaching", "ManagementConsulting"], "jobFunction": ["Training", "Education", "Consulting"], "jobType": "Part-time", "level": "Mid-Senior level"}, "jobId": "919268794", "location": "Geelong,Victoria,Australia", "view": "Posted3hoursago"}{"jobTitle": "Culture  and  Organisational Health Advisor", "company": "NewcrestMining", "Detail": {"industry": ["Mining&amp;Metals", "MechanicalorIndustrialEngineering"], "jobFunction": ["Strategy", "GeneralBusiness"], "jobType": "Contract", "level": "Mid-Senior level"}, "jobId": "917381938", "location": "Level8,600StKildaRd,Melbourne,VIC3004,AU", "view": "Posted4hoursago"}{"jobTitle": "Direct Care Worker - Central Team", "company": "MooneeValleyCityCouncil", "Detail": {"industry": ["NonprofitOrganizationManagement", "Civic&amp;SocialOrganization", "GovernmentAdministration"], "jobFunction": ["Other"], "jobType": "Temporary", "level": "Entry level"}, "jobId": "918172771", "location": "MooneeValley,AU", "view": "12views"}{"jobTitle": "Organisational Development Consultant", "company": "Hays", "Detail": {"industry": ["HumanResources"], "jobFunction": ["HumanResources"], "jobType": "Full-time", "level": "Mid-Senior level"}, "jobId": "917958837", "location": "EasternSuburbsMelbourne,Australia", "view": "Posted52minutesago"}{"jobTitle": "Education and Training Coordinator", "company": "TelstraHealth", "Detail": {"industry": ["Hospital&amp;HealthCare"], "jobFunction": ["Training"], "jobType": "Contract", "level": "Mid-Senior level"}, "jobId": "916554715", "location": "Melbourne,Australia", "view": "159views"}{"jobTitle": "Associate Service Designer", "company": "Today", "Detail": {"industry": ["Design", "ManagementConsulting"], "jobFunction": ["Design", "Consulting"], "jobType": "Full-time", "level": "Associate"}, "jobId": "916844723", "location": "374GeorgeStreet,Fitzroy,VIC3065,AU", "view": "Posted10hoursago"}{"jobTitle": "Growth Manager", "company": "90Seconds", "Detail": {"industry": ["Internet", "ComputerSoftware", "InformationTechnologyandServices"], "jobFunction": ["InformationTechnology", "Sales"], "jobType": "Full-time", "level": "Mid-Senior level"}, "jobId": "917949543", "location": "Melbourne,Victoria,Australia", "view": "Posted2hoursago"}{"jobTitle": "Senior Manager, Events and Training", "company": "UITP", "Detail": {"industry": ["Transportation/Trucking/Railroad"], "jobFunction": ["Management", "Training", "Marketing"], "jobType": "Full-time", "level": "Mid-Senior level"}, "jobId": "918184308", "location": "Melbourne,Victoria,Australia", "view": "Posted24hoursago"}{"jobTitle": "WHS Coordinator", "company": "I-MEDRadiologyNetwork", "Detail": {"industry": ["Hospital&amp;HealthCare", "MedicalPractice"], "jobFunction": ["Other"], "jobType": "Full-time", "level": "Mid-Senior level"}, "jobId": "916804119", "location": "Melbourne,Australia", "view": "Posted22hoursago"}{"jobTitle": "Head of Consulting - Commercial/NFP", "company": "CompliSpace", "Detail": {"industry": ["ManagementConsulting", "LegalServices"], "jobFunction": ["Consulting"], "jobType": "Full-time", "level": "Executive"}, "jobId": "919310610", "location": "Melbourne,Australia", "view": "Posted5hoursago"}{"jobTitle": "Office Services Assistant", "company": "MacphersonKelley", "Detail": {"industry": ["LawPractice"], "jobFunction": ["Administrative"], "jobType": "Other", "level": ""}, "jobId": "918144050", "location": "Melbourne,AU", "view": "67views"}{"jobTitle": "Salesforce Developer", "company": "Capgemini", "Detail": {"industry": ["InformationTechnologyandServices"], "jobFunction": ["InformationTechnology"], "jobType": "Full-time", "level": "Mid-Senior level"}, "jobId": "917936923", "location": "Melbourne,Victoria,Australia", "view": "Posted3hoursago"}{"jobTitle": "Senior Credit Risk Systems Analyst", "company": "MEBank", "Detail": {"industry": ["Banking", "FinancialServices", "InformationTechnologyandServices"], "jobFunction": ["Analyst", "Finance", "InformationTechnology"], "jobType": "Full-time", "level": "Associate"}, "jobId": "917951152", "location": "MelbourneCBD,Melbourne,Australia", "view": "Posted2hoursago"}{"jobTitle": "Document and Information Systems manager", "company": "KPMGAustralia", "Detail": {"industry": ["Accounting", "FinancialServices", "ManagementConsulting"], "jobFunction": ["InformationTechnology"], "jobType": "Full-time", "level": ""}, "jobId": "916598678", "location": "Melbourne,AU", "view": "Posted23hoursago"}{"jobTitle": "Manager, Data Solution Delivery", "company": "AustralianSuper", "Detail": {"industry": ["FinancialServices", "InvestmentBanking", "InvestmentManagement"], "jobFunction": ["ProjectManagement", "InformationTechnology"], "jobType": "Contract", "level": "Mid-Senior level"}, "jobId": "917922321", "location": "Melbourne,Australia", "view": "Posted4hoursago"}{"jobTitle": "Business Partnering and Employee Relations Manager", "company": "CityofMelbourne", "Detail": {"industry": ["NonprofitOrganizationManagement", "StaffingandRecruiting", "GovernmentAdministration"], "jobFunction": ["HumanResources"], "jobType": "Part-time", "level": "Associate"}, "jobId": "916810824", "location": "Melbourne,AU", "view": "Posted18hoursago"}{"jobTitle": "Market Analyst", "company": "EnergyAustralia", "Detail": {"industry": ["Utilities"], "jobFunction": ["Analyst"], "jobType": "Full-time", "level": "Mid-Senior level"}, "jobId": "916592207", "location": "Melbourne", "view": "50views"}{"jobTitle": "Accountant", "company": "ASGGroup", "Detail": {"industry": ["ManagementConsulting"], "jobFunction": ["Accounting", "Finance"], "jobType": "Full-time", "level": "Mid-Senior level"}, "jobId": "919280849", "location": "Melbourne,Victoria,Australia", "view": "Posted2hoursago"}{"jobTitle": "Drupal Developer", "company": "RowbenConsulting-RecruitmentSpecialistsacrossTechnology|Digital|Insurance and Superannuatio", "Detail": {"industry": ["InformationServices"], "jobFunction": ["InformationTechnology"], "jobType": "Contract", "level": "Mid-Senior level"}, "jobId": "917332119", "location": "Melbourne,Australia", "view": "Posted7hoursago"}{"jobTitle": "Team and Marketing Coordinator", "company": "Cushman and Wakefield", "Detail": {"industry": ["CommercialRealEstate", "RealEstate", "FacilitiesServices"], "jobFunction": ["Marketing", "Sales"], "jobType": "Full-time", "level": "Entry level"}, "jobId": "917959090", "location": "Melbourne,AU", "view": "Posted1hourago"}{"jobTitle": "Engineering Planner", "company": "VictoriaInternationalContainerTerminal", "Detail": {"industry": ["Maritime", "IndustrialAutomation"], "jobFunction": ["Engineering"], "jobType": "Full-time", "level": "Associate"}, "jobId": "919221565", "location": "PortMelbourne,Victoria,Australia", "view": "Posted7hoursago"}{"jobTitle": "Business Analyst", "company": "Ultradata", "Detail": {"industry": ["ComputerSoftware", "InformationTechnologyandServices", "Banking"], "jobFunction": ["InformationTechnology", "Analyst", "Consulting"], "jobType": "Full-time", "level": "Associate"}, "jobId": "919239223", "location": "1919MalvernRoad,MalvernEast,VIC3145,AU", "view": "Posted6hoursago"}{"jobTitle": "Head of Market Development- ANZ (Melbourne or Sydney based)", "company": "MichaelPage", "Detail": {"industry": ["MedicalDevices"], "jobFunction": ["Sales"], "jobType": "Full-time", "level": "Mid-Senior level"}, "jobId": "917045143", "location": "Melbourne,Australia", "view": "110views"}{"jobTitle": "Centre Manager", "company": "JLL", "Detail": {"industry": ["RealEstate"], "jobFunction": ["Other"], "jobType": "Full-time", "level": "Mid-Senior level"}, "jobId": "917383558", "location": "Melbourne,AU", "view": "Posted5hoursago"}