{"jobTitle": "Sales Manager, Melbourne (Real Estate)", "company": "CompassOffices", "Detail": {"industry": ["ExecutiveOffice", "CommercialRealEstate", "RealEstate"], "jobFunction": ["Sales", "BusinessDevelopment"], "jobType": "Full-time", "level": "Associate"}, "jobId": "884910220", "location": "Melbourne,Australia", "view": "Posted21minutesago"}{"jobTitle": "Marketing Director(Location: Tianjin, China)", "company": "Tiens", "Detail": {"industry": ["Health,WellnessandFitness", "Biotechnology", "ConsumerGoods"], "jobFunction": ["ProductManagement", "Marketing", "Management"], "jobType": "Full-time", "level": "Executive"}, "jobId": "884795615", "location": "Melbourne,Australia", "view": "Posted60minutesago"}{"jobTitle": "Engineering Draftsperson", "company": "BTE-BulkTransportEquipment", "Detail": {"industry": ["Transportation/Trucking/Railroad"], "jobFunction": ["Design", "Engineering"], "jobType": "Full-time", "level": "Mid-Senior level"}, "jobId": "883726341", "location": "Melbourne,Australia", "view": "42views"}{"jobTitle": "Sitecore Engineers (Contract  and  Permanent)", "company": "BecomeRecruitmentAustralia", "Detail": {"industry": ["InformationTechnologyandServices", "Internet", "MarketingandAdvertising"], "jobFunction": ["InformationTechnology", "Advertising", "Other"], "jobType": "Contract", "level": "Mid-Senior level"}, "jobId": "884764762", "location": "Melbourne,Australia", "view": "Posted4hoursago"}{"jobTitle": "Application Architect_SAP Basis - 1 year Fixed Term Hire - Melbourne", "company": "IBM", "Detail": {"industry": ["InformationTechnologyandServices", "ComputerSoftware", "FinancialServices"], "jobFunction": ["Engineering", "InformationTechnology"], "jobType": "Full-time", "level": "Associate"}, "jobId": "885165221", "location": "Melbourne,AU", "view": "Posted17hoursago"}{"jobTitle": "SMB Sales Executive", "company": "Salt", "Detail": {"industry": ["InformationTechnologyandServices"], "jobFunction": ["Sales", "BusinessDevelopment", "InformationTechnology"], "jobType": "Full-time", "level": "Mid-Senior level"}, "jobId": "884909964", "location": "Melbourne,Australia", "view": "Posted21minutesago"}{"jobTitle": "Technical Lead - Data Platform", "company": "REAGroup", "Detail": {"industry": ["MediaProduction"], "jobFunction": ["InformationTechnology"], "jobType": "Full-time", "level": "Mid-Senior level"}, "jobId": "884731556", "location": "Richmond,Melbourne,Australia", "view": "Posted8hoursago"}{"jobTitle": "Ecommerce Coordinator", "company": "PETstock", "Detail": {"industry": ["Retail", "ConsumerGoods"], "jobFunction": ["Design", "Administrative"], "jobType": "Full-time", "level": "Associate"}, "jobId": "884921306", "location": "Melbourne,Victoria,Australia", "view": "Posted10minutesago"}{"jobTitle": "Food Production Worker", "company": "WhalesRegionalWorkforcePtyLtd", "Detail": {"industry": ["HumanResources"], "jobFunction": ["Manufacturing"], "jobType": "Full-time", "level": "Executive"}, "jobId": "884901536", "location": "Melbourne,Victoria,Australia", "view": "Posted43minutesago"}{"jobTitle": "Marketing  and  Communications Officer", "company": "UCAFundsManagement", "Detail": {"industry": ["InvestmentManagement", "FinancialServices", "InvestmentBanking"], "jobFunction": ["Marketing", "Design", "Administrative"], "jobType": "Full-time", "level": "Entry level"}, "jobId": "884756543", "location": "Melbourne,Australia", "view": "Posted3hoursago"}{"jobTitle": "Big Data and Machine Learning Engineer", "company": "nbn\\\\u2122Australia", "Detail": {"industry": ["InformationServices", "InformationTechnologyandServices", "Telecommunications"], "jobFunction": ["Engineering", "InformationTechnology", "Science"], "jobType": "Full-time", "level": "Mid-Senior level"}, "jobId": "884144135", "location": "Docklands,Melbourne,Australia", "view": "159views"}{"jobTitle": "Marketing Coordinator", "company": "Cushman and Wakefield", "Detail": {"industry": ["CommercialRealEstate", "RealEstate", "FacilitiesServices"], "jobFunction": ["Marketing", "Sales"], "jobType": "Full-time", "level": "Entry level"}, "jobId": "886463331", "location": "Melbourne,AU", "view": "Posted3hoursago"}{"jobTitle": "Business Advisor", "company": "QuantumLeapBusinessAdvisorsPtyLtd", "Detail": {"industry": ["ProfessionalTraining&amp;Coaching", "ManagementConsulting", "Accounting"], "jobFunction": ["Training", "Consulting", "BusinessDevelopment"], "jobType": "Part-time", "level": "Mid-Senior level"}, "jobId": "884194752", "location": "Melbourne,Victoria,Australia", "view": "24views"}{"jobTitle": "Enterprise PMO Officer", "company": "BaysideCityCouncil", "Detail": {"industry": ["NonprofitOrganizationManagement", "Civic&amp;SocialOrganization", "GovernmentAdministration"], "jobFunction": ["ProjectManagement", "InformationTechnology"], "jobType": "Full-time", "level": "Mid-Senior level"}, "jobId": "884619538", "location": "Bayside,AU", "view": "Posted19hoursago"}{"jobTitle": "Investment Operations SME - Contract", "company": "AIAAustralia", "Detail": {"industry": ["Insurance", "InvestmentManagement"], "jobFunction": ["Consulting", "Finance"], "jobType": "Full-time", "level": "Mid-Senior level"}, "jobId": "884757975", "location": "Melbourne", "view": "Posted5hoursago"}{"jobTitle": "Senior Executive Assistant", "company": "AustralianEnergyMarketOperator(AEMO)", "Detail": {"industry": ["Oil&amp;Energy", "Utilities"], "jobFunction": ["Administrative", "GeneralBusiness"], "jobType": "Full-time", "level": "Associate"}, "jobId": "886717715", "location": "Level22530CollinsSt,Melbourne,VIC3000,AU", "view": "Posted2hoursago"}{"jobTitle": "Senior Financial Accountant", "company": "Sharp and Carter", "Detail": {"industry": ["Accounting", "FinancialServices", "Banking"], "jobFunction": ["Accounting", "Finance"], "jobType": "Full-time", "level": "Associate"}, "jobId": "886458587", "location": "Melbourne,AU", "view": "Posted3hoursago"}{"jobTitle": "Regulatory Affairs / Quality Assurance Manager", "company": "OLYMPUSAUSTRALIAandNEWZEALAND", "Detail": {"industry": ["MedicalDevices"], "jobFunction": ["Management", "QualityAssurance"], "jobType": "Full-time", "level": "Mid-Senior level"}, "jobId": "884287719", "location": "NottingHill,Melbourne,Australia", "view": "75views"}{"jobTitle": "Billing Analyst", "company": "Transurba", "Detail": {"industry": ["Transportation/Trucking/Railroad"], "jobFunction": ["Accounting", "Finance"], "jobType": "Other", "level": ""}, "jobId": "884792426", "location": "Melbourne,AU", "view": "Posted1hourago"}{"jobTitle": "Software Developer", "company": "RobertWalters", "Detail": {"industry": ["InformationTechnologyandServices"], "jobFunction": ["InformationTechnology"], "jobType": "Full-time", "level": ""}, "jobId": "883739114", "location": "InnerSuburbsMelbourne,Australia", "view": "68views"}{"jobTitle": "Business Analyst - Business Intelligence", "company": "TransportAccidentCommission(TAC)", "Detail": {"industry": ["Insurance", "PublicSafety"], "jobFunction": ["Other", "Strategy", "BusinessDevelopment"], "jobType": "Full-time", "level": "Mid-Senior level"}, "jobId": "884182804", "location": "60BroughamSt,Geelong,VIC3220,AU", "view": "123views"}{"jobTitle": "Business Analyst - Transformation Office", "company": "AustralianUnity", "Detail": {"industry": ["FinancialServices", "Hospital&amp;HealthCare", "Insurance"], "jobFunction": ["Analyst", "HumanResources", "ProjectManagement"], "jobType": "Full-time", "level": "Mid-Senior level"}, "jobId": "883732967", "location": "Melbourne", "view": "211views"}{"jobTitle": "Salesforce Solution Architect", "company": "iSelect", "Detail": {"industry": ["ConsumerServices", "Insurance"], "jobFunction": ["InformationTechnology"], "jobType": "Full-time", "level": "Mid-Senior level"}, "jobId": "884550858", "location": "294BayRd,Cheltenham,VIC3192,AU", "view": "23views"}{"jobTitle": "Content and Social Media Coordinator", "company": "TheAustralianRedCrossBloodService", "Detail": {"industry": ["Health,WellnessandFitness", "ManagementConsulting", "NonprofitOrganizationManagement"], "jobFunction": ["Marketing", "PublicRelations", "Writing"], "jobType": "Full-time", "level": ""}, "jobId": "884770182", "location": "Melbourne,AU", "view": "Posted4hoursago"}{"jobTitle": "Leasing Executive", "company": "QIC", "Detail": {"industry": ["RealEstate", "InvestmentManagement"], "jobFunction": ["Sales"], "jobType": "Contract", "level": ""}, "jobId": "884925618", "location": "Melbourne,Australia", "view": "Posted11minutesago"}