{"jobTitle": "Head of Marketing Partnerships and Product", "company": "ScottishPacificBusinessFinance", "Detail": {"industry": ["FinancialServices", "Banking"], "jobFunction": ["Marketing", "ProductManagement", "Strategy"], "jobType": "Full-time", "level": "Director"}, "jobId": "886499804", "location": "Sydney,NewSouthWales,Australia", "view": "Posted3hoursago"}{"jobTitle": "Consulting Delivery Regional Manager, ANZ", "company": "Autodesk", "Detail": {"industry": ["ComputerSoftware", "Design", "InformationTechnologyandServices"], "jobFunction": ["Sales"], "jobType": "Full-time", "level": ""}, "jobId": "883725253", "location": "Sydney,AU", "view": "84views"}{"jobTitle": "Account Manager NSW", "company": "EagleLightingAustralia", "Detail": {"industry": ["Electrical/ElectronicManufacturing"], "jobFunction": ["Sales"], "jobType": "Full-time", "level": "Mid-Senior level"}, "jobId": "884558176", "location": "Unit4,21MarsRoadLaneCove,Sydney,NSW2066,AU", "view": "23views"}{"jobTitle": "Senior Project Manager", "company": "WoolworthsGroup", "Detail": {"industry": ["InformationTechnologyandServices", "Retail", "FinancialServices"], "jobFunction": ["ProjectManagement", "InformationTechnology"], "jobType": "Full-time", "level": "Associate"}, "jobId": "884900417", "location": "Sydney,AU", "view": "Posted2hoursago"}{"jobTitle": "Business Support Officer", "company": "DepartmentofPremierandCabinet(Tas)", "Detail": {"industry": ["NonprofitOrganizationManagement", "GovernmentRelations", "GovernmentAdministration"], "jobFunction": ["CustomerService", "InformationTechnology"], "jobType": "Full-time", "level": "Entry level"}, "jobId": "885899813", "location": "Melbourne,AU", "view": "Posted8hoursago"}{"jobTitle": "Digital Campaign Producer", "company": "FOXSPORTSAustralia", "Detail": {"industry": ["BroadcastMedia"], "jobFunction": ["Other"], "jobType": "Full-time", "level": "Associate"}, "jobId": "884766598", "location": "Sydney,Australia", "view": "Posted6hoursago"}{"jobTitle": "Postdoctoral Scientist", "company": "PeterMacCallumCancerCentre", "Detail": {"industry": ["Research", "MedicalPractice", "Hospital&amp;HealthCare"], "jobFunction": ["Research", "Analyst", "InformationTechnology"], "jobType": "Full-time", "level": "Entry level"}, "jobId": "886743762", "location": "Melbourne,AU", "view": "Posted2hoursago"}{"jobTitle": "Physiotherapist Grade 1 Graduate", "company": "CabriniHEALTH", "Detail": {"industry": ["Health,WellnessandFitness", "MedicalPractice", "Hospital&amp;HealthCare"], "jobFunction": ["HealthCareProvider"], "jobType": "Full-time", "level": "Associate"}, "jobId": "884770853", "location": "Prahran,AU", "view": "Posted5hoursago"}{"jobTitle": "Fresh, Fun and Exciting Sales Position", "company": "InternationalPaintballGroup", "Detail": {"industry": ["MarketingandAdvertising", "StaffingandRecruiting", "ConsumerServices"], "jobFunction": ["Sales", "BusinessDevelopment"], "jobType": "Full-time", "level": "Entry level"}, "jobId": "886045688", "location": "Melbourne,AU", "view": "Posted8hoursago"}{"jobTitle": "SALES CONSULTANT", "company": "TheEnglishTapwareCompany", "Detail": {"industry": ["Architecture&amp;Planning", "Design", "Retail"], "jobFunction": ["Sales", "BusinessDevelopment"], "jobType": "Full-time", "level": "Associate"}, "jobId": "885894983", "location": "Melbourne,AU", "view": "Posted8hoursago"}{"jobTitle": "Installer/Shop Fitter", "company": "Marble", "Detail": {"industry": ["Construction", "StaffingandRecruiting", "Retail"], "jobFunction": ["InformationTechnology"], "jobType": "Full-time", "level": "Entry level"}, "jobId": "886026293", "location": "Melbourne,AU", "view": "Posted8hoursago"}{"jobTitle": "BARISTA/FOH ALL-ROUNDER", "company": "NOTJUSTAPRETTYFACELIMITED", "Detail": {"industry": ["Restaurants", "Food&amp;Beverages", "FoodProduction"], "jobFunction": ["Management", "Manufacturing"], "jobType": "Part-time", "level": "Entry level"}, "jobId": "885898217", "location": "Hawthorn,AU", "view": "Posted8hoursago"}{"jobTitle": "Occupational Therapist - Grade 2 - Hospital", "company": "AustralianHealthProfessionals", "Detail": {"industry": ["StaffingandRecruiting", "Health,WellnessandFitness", "Hospital&amp;HealthCare"], "jobFunction": ["HealthCareProvider"], "jobType": "Full-time", "level": "Entry level"}, "jobId": "886037917", "location": "Melbourne,AU", "view": "Posted8hoursago"}{"jobTitle": "Mid Weight Graphic Designer", "company": "NOSETOTAILLIMITED", "Detail": {"industry": ["MarketingandAdvertising", "Design", "GraphicDesign"], "jobFunction": ["Design", "Art", "InformationTechnology"], "jobType": "Full-time", "level": "Entry level"}, "jobId": "886014864", "location": "Melbourne,AU", "view": "Posted8hoursago"}{"jobTitle": "Health and Safety Officer", "company": "RymanHealthcare", "Detail": {"industry": ["Health,WellnessandFitness", "Hospital&amp;HealthCare", "Hospitality"], "jobFunction": ["Management", "Manufacturing"], "jobType": "Contract", "level": "Entry level"}, "jobId": "886015056", "location": "Melbourne,AU", "view": "Posted8hoursago"}{"jobTitle": "Program Coordinator - Outpatient Program Intake", "company": "MelbourneInstituteofTechnology,SydneyCampus", "Detail": {"industry": ["MentalHealthCare", "Health,WellnessandFitness", "Hospital&amp;HealthCare"], "jobFunction": ["Other"], "jobType": "Full-time", "level": "Entry level"}, "jobId": "885894927", "location": "Melbourne,AU", "view": "Posted8hoursago"}{"jobTitle": "Professional Dog Groomer / Stylist", "company": "PETSFRIENDSLTD", "Detail": {"industry": ["Veterinary", "Retail", "ConsumerServices"], "jobFunction": ["Other"], "jobType": "Full-time", "level": "Entry level"}, "jobId": "886000993", "location": "Maribyrnong,AU", "view": "Posted8hoursago"}{"jobTitle": "Senior Data and Solutions Specialist, Executive Level 1, Economic and Analytical Services", "company": "DepartmentofIndustry,InnovationandScience", "Detail": {"industry": ["GovernmentAdministration"], "jobFunction": ["InformationTechnology"], "jobType": "Full-time", "level": ""}, "jobId": "884052256", "location": "Canberra,AU", "view": "41views"}{"jobTitle": "Trauma Team Training Coordinator", "company": "AlfredHealth", "Detail": {"industry": ["NonprofitOrganizationManagement", "Health,WellnessandFitness", "Hospital&amp;HealthCare"], "jobFunction": ["HumanResources"], "jobType": "Full-time", "level": "Entry level"}, "jobId": "884669528", "location": "Melbourne,AU", "view": "Posted17hoursago"}{"jobTitle": "Construction Project Manager", "company": "TSAManagement", "Detail": {"industry": ["ManagementConsulting", "CivilEngineering"], "jobFunction": ["Management", "ProjectManagement", "Engineering"], "jobType": "Full-time", "level": "Mid-Senior level"}, "jobId": "886460419", "location": "Sydney,Australia", "view": "Posted4hoursago"}{"jobTitle": "Customer Relationship Manager - Mornington", "company": "BendigoBank", "Detail": {"industry": ["InformationTechnologyandServices", "Banking", "FinancialServices"], "jobFunction": ["BusinessDevelopment", "Sales"], "jobType": "Full-time", "level": "Mid-Senior level"}, "jobId": "886018594", "location": "Mornington,AU", "view": "Posted8hoursago"}{"jobTitle": "Customer Service Consultants", "company": "Ignite", "Detail": {"industry": ["InformationTechnologyandServices", "StaffingandRecruiting", "FinancialServices"], "jobFunction": ["CustomerService", "InformationTechnology"], "jobType": "Full-time", "level": "Associate"}, "jobId": "885891111", "location": "Melbourne,AU", "view": "Posted9hoursago"}{"jobTitle": "Volunteer", "company": "AveoGroup", "Detail": {"industry": ["NonprofitOrganizationManagement", "Health,WellnessandFitness", "Hospital&amp;HealthCare"], "jobFunction": ["Other"], "jobType": "Volunteer", "level": ""}, "jobId": "885560082", "location": "Melbourne,AU", "view": "Posted12hoursago"}{"jobTitle": "Performance  and  Contract Management Officer", "company": "CityofPortPhillip", "Detail": {"industry": ["NonprofitOrganizationManagement", "StaffingandRecruiting", "GovernmentAdministration"], "jobFunction": ["Management", "Manufacturing"], "jobType": "Contract", "level": "Entry level"}, "jobId": "885652941", "location": "Melbourne,AU", "view": "Posted11hoursago"}{"jobTitle": "Food Service Assistant", "company": "BlueCrossBlueShield", "Detail": {"industry": ["NonprofitOrganizationManagement", "Health,WellnessandFitness", "Hospital&amp;HealthCare"], "jobFunction": ["Administrative"], "jobType": "Full-time", "level": "Entry level"}, "jobId": "885560034", "location": "Melbourne,AU", "view": "Posted12hoursago"}