{"jobTitle": "Technical director rail - Victoria", "company": "MottMacDonald", "Detail": {"industry": ["CivilEngineering"], "jobFunction": ["Engineering"], "jobType": "Full-time", "level": "Director"}, "jobId": "883829065", "location": "Melbourne,Australia", "view": "53views"}{"jobTitle": "Sales Engineer", "company": "DenovoConsulting", "Detail": {"industry": ["BuildingMaterials", "BusinessSuppliesandEquipment", "Construction"], "jobFunction": ["Consulting", "ProjectManagement", "Sales"], "jobType": "Full-time", "level": ""}, "jobId": "884926518", "location": "Southbank,Melbourne,Australia", "view": "Posted40minutesago"}{"jobTitle": "Assistant Director - Planning  and  Environment", "company": "HousingIndustryAssociation(HIA)", "Detail": {"industry": ["Construction", "EnvironmentalServices", "NonprofitOrganizationManagement"], "jobFunction": ["Strategy", "Consulting"], "jobType": "Full-time", "level": "Mid-Senior level"}, "jobId": "884510590", "location": "EastMelbourne,Victoria,Australia", "view": "13views"}{"jobTitle": "Project Manager - Library Projects", "company": "CityofBoroondara", "Detail": {"industry": ["NonprofitOrganizationManagement", "GovernmentAdministration", "Hospital&amp;HealthCare"], "jobFunction": ["ProjectManagement", "InformationTechnology"], "jobType": "Contract", "level": "Entry level"}, "jobId": "884001189", "location": "Boroondara,AU", "view": "70views"}{"jobTitle": "Livestock Operative", "company": "Elders", "Detail": {"industry": ["Farming"], "jobFunction": ["Other"], "jobType": "Full-time", "level": ""}, "jobId": "883895449", "location": "Yea,AU", "view": "5views"}{"jobTitle": "Marketing Analyst", "company": "GrantExecutiveSearch", "Detail": {"industry": ["Retail", "OnlineMedia", "ConsumerServices"], "jobFunction": ["Analyst", "Marketing", "Strategy"], "jobType": "Full-time", "level": "Associate"}, "jobId": "883723399", "location": "Melbourne,Australia", "view": "66views"}{"jobTitle": "Team Manager Operations - Colonial First State Custom Solutions", "company": "CommonwealthBank", "Detail": {"industry": ["Banking"], "jobFunction": ["Management", "Manufacturing"], "jobType": "Full-time", "level": ""}, "jobId": "884532930", "location": "Melbourne,AU", "view": "83views"}{"jobTitle": "Executive Assistant Popualtion Health, Planning and Aboriginal Engagement", "company": "DepartmentofHealth and HumanServices,Victoria", "Detail": {"industry": ["NonprofitOrganizationManagement", "GovernmentAdministration", "Hospital&amp;HealthCare"], "jobFunction": ["Administrative"], "jobType": "Full-time", "level": "Associate"}, "jobId": "884606346", "location": "Melbourne,AU", "view": "Posted21hoursago"}{"jobTitle": "Business Development Manager", "company": "sgfleet", "Detail": {"industry": ["FinancialServices", "Automotive", "ConsumerServices"], "jobFunction": ["Management", "Sales", "BusinessDevelopment"], "jobType": "Full-time", "level": "Mid-Senior level"}, "jobId": "884131831", "location": "SouthMelbourne,Victoria,Australia", "view": "95views"}{"jobTitle": "Digital Marketing Specialist", "company": "LKPropertyGroup", "Detail": {"industry": ["RealEstate", "Sports"], "jobFunction": ["Marketing", "Advertising"], "jobType": "Full-time", "level": "Executive"}, "jobId": "883835359", "location": "Level1310Queensroad,Melbourne,VIC3004,AU", "view": "130views"}{"jobTitle": "Multi-Cloud Technical Architect", "company": "Dell", "Detail": {"industry": ["ComputerHardware", "ComputerSoftware", "InformationTechnologyandServices"], "jobFunction": ["Sales", "Consulting"], "jobType": "Full-time", "level": ""}, "jobId": "883971547", "location": "Melbourne,AU", "view": "Posted23hoursago"}{"jobTitle": "Policy Analyst", "company": "EssentialServicesCommissio", "Detail": {"industry": ["GovernmentAdministration", "Utilities"], "jobFunction": ["Analyst"], "jobType": "Full-time", "level": "Associate"}, "jobId": "884144377", "location": "Level372LonsdaleStreet,Melbourne,VIC3000,AU", "view": "42views"}{"jobTitle": "Human Resources Business Partner", "company": "PZCussons", "Detail": {"industry": ["ConsumerGoods"], "jobFunction": ["HumanResources"], "jobType": "Part-time", "level": "Mid-Senior level"}, "jobId": "884551840", "location": "Melbourne,Australia", "view": "148views"}{"jobTitle": "Seasonal work - Pick Packers", "company": "", "Detail": {"industry": ["Construction", "StaffingandRecruiting", "Retail"], "jobFunction": ["Management", "Manufacturing"], "jobType": "Temporary", "level": "Entry level"}, "jobId": "884504354", "location": "Melbourne,AU", "view": "4views"}{"jobTitle": "Chief Medical Officer / EDMS", "company": "CcentricGroup", "Detail": {"industry": ["Hospital&amp;HealthCare"], "jobFunction": ["Management"], "jobType": "Full-time", "level": "Director"}, "jobId": "885662186", "location": "Melbourne,Australia", "view": "Posted10hoursago"}{"jobTitle": "Pathways System Implementations- Project Professionals", "company": "CoxPurtellStaffingServices", "Detail": {"industry": ["GovernmentAdministration"], "jobFunction": ["ProjectManagement", "InformationTechnology", "Consulting"], "jobType": "Full-time", "level": "Mid-Senior level"}, "jobId": "884502546", "location": "Melbourne,Victoria,Australia", "view": "16views"}{"jobTitle": "Talent Acquisition Manager", "company": "Epworth", "Detail": {"industry": ["Health,WellnessandFitness", "MedicalPractice", "Hospital&amp;HealthCare"], "jobFunction": ["HumanResources"], "jobType": "Full-time", "level": "Associate"}, "jobId": "884095351", "location": "Melbourne,AU", "view": "89views"}{"jobTitle": "Legal Secretary/Legal Assistant", "company": "people2people", "Detail": {"industry": ["LegalServices"], "jobFunction": ["Legal"], "jobType": "Temporary", "level": ""}, "jobId": "884545556", "location": "MelbourneCBD", "view": "30views"}{"jobTitle": "Teacher", "company": "GoodstartEarlyLearning", "Detail": {"industry": ["NonprofitOrganizationManagement", "EducationManagement", "StaffingandRecruiting"], "jobFunction": ["Education", "Training"], "jobType": "Full-time", "level": "Associate"}, "jobId": "883823358", "location": "Sunbury,AU", "view": "23views"}{"jobTitle": "The Foodary - Cooks - Derrimut", "company": "CaltexAustralia", "Detail": {"industry": ["Hospitality"], "jobFunction": ["CustomerService", "Other"], "jobType": "Part-time", "level": ""}, "jobId": "884117907", "location": "Derrimut,Melbourne,Australia", "view": "20views"}{"jobTitle": "Sales Stylist", "company": "LeviStrauss and Co.", "Detail": {"industry": ["Apparel&amp;Fashion", "Design", "Retail"], "jobFunction": ["Design", "Art", "InformationTechnology"], "jobType": "Part-time", "level": ""}, "jobId": "883709815", "location": "Melbourne,AU", "view": "66views"}{"jobTitle": "Medical Marketing Manager Wound Care", "company": "AustCorpExecutive", "Detail": {"industry": ["Hospital&amp;HealthCare", "MedicalPractice"], "jobFunction": ["HealthCareProvider"], "jobType": "Full-time", "level": ""}, "jobId": "884668355", "location": "Melbourne,AU", "view": "Posted16hoursago"}{"jobTitle": "Senior Interior Designer (12-month Contract)", "company": "IncorpSolutions", "Detail": {"industry": ["Architecture&amp;Planning"], "jobFunction": ["Design"], "jobType": "Full-time", "level": "Mid-Senior level"}, "jobId": "884109544", "location": "Melbourne,Australia", "view": "46views"}{"jobTitle": "User Experience Designer", "company": "TimingSolutions", "Detail": {"industry": ["ComputerSoftware"], "jobFunction": ["ProjectManagement", "InformationTechnology", "Design"], "jobType": "Full-time", "level": "Associate"}, "jobId": "884073315", "location": "Melbourne,Australia", "view": "42views"}{"jobTitle": "Lawyer - M and A, ECM and Corporate Law", "company": "ClarendonLawyers", "Detail": {"industry": ["LawPractice", "LegalServices"], "jobFunction": ["Legal"], "jobType": "Full-time", "level": "Mid-Senior level"}, "jobId": "884076278", "location": "Level2955CollinsStreet,Melbourne,VIC3000,AU", "view": "27views"}