{"jobTitle": "Ruby on Rails Software Engineering Manager ($100K/yr) - Online Hiring Event", "company": "CrossoverforWork", "Detail": {"industry": ["ComputerSoftware", "Internet", "InformationTechnologyandServices"], "jobFunction": ["InformationTechnology", "Engineering", "Consulting"], "jobType": "Full-time", "level": "Associate"}, "jobId": "884959743", "location": "Melbourne,AU", "view": "Posted21minutesago"}{"jobTitle": "Store Manager - Dan Murphy's Warrnambool", "company": "DanMurphy's", "Detail": {"industry": ["Apparel&amp;Fashion", "Retail", "ConsumerServices"], "jobFunction": ["Sales", "BusinessDevelopment"], "jobType": "Full-time", "level": "Mid-Senior level"}, "jobId": "884537369", "location": "Melbourne,AU", "view": "2views"}{"jobTitle": "Mechanical Engineer", "company": "APAGroup", "Detail": {"industry": ["Oil&amp;Energy"], "jobFunction": ["Other"], "jobType": "Contract", "level": ""}, "jobId": "884537642", "location": "Melbourne,AU", "view": "149views"}{"jobTitle": "Talent and Sourcing Business Partner - Major Projects", "company": "Downer", "Detail": {"industry": ["Construction", "StaffingandRecruiting", "Oil&amp;Energy"], "jobFunction": ["Consulting", "InformationTechnology", "Sales"], "jobType": "Full-time", "level": "Mid-Senior level"}, "jobId": "883776023", "location": "Melbourne,AU", "view": "57views"}{"jobTitle": "Civil Estimating Manager", "company": "CPBContractors", "Detail": {"industry": ["Construction", "CivilEngineering", "StaffingandRecruiting"], "jobFunction": ["GeneralBusiness", "Administrative", "Engineering"], "jobType": "Full-time", "level": ""}, "jobId": "884660316", "location": "Melbourne,AU", "view": "Posted18hoursago"}{"jobTitle": "Head of Hospitality and Customer Experience - Chadstone Shopping Centre", "company": "VicinityCentres", "Detail": {"industry": ["MarketingandAdvertising", "Retail", "FinancialServices"], "jobFunction": ["Other"], "jobType": "Full-time", "level": "Director"}, "jobId": "884722213", "location": "Melbourne,AU", "view": "Posted11hoursago"}{"jobTitle": "Senior Marketing Manager", "company": "carsales.com.au", "Detail": {"industry": ["MarketingandAdvertising", "ComputerSoftware", "Internet"], "jobFunction": ["Marketing", "Sales"], "jobType": "Full-time", "level": "Mid-Senior level"}, "jobId": "884283511", "location": "Melbourne,AU", "view": "129views"}