{"jobTitle": "Executive Account Manager", "company": "EBM-Insurance and RiskManagement", "Detail": {"industry": ["Insurance"], "jobFunction": ["CustomerService", "Consulting", "BusinessDevelopment"], "jobType": "Full-time", "level": "Mid-Senior level"}, "jobId": "886490664", "location": "Level4,151CastlereaghStreet,Sydney,NSW2000,AU", "view": "Posted4hoursago"}{"jobTitle": "Marketing Manager", "company": "ChallengerLimited", "Detail": {"industry": ["FinancialServices"], "jobFunction": ["Marketing"], "jobType": "Full-time", "level": "Mid-Senior level"}, "jobId": "884766259", "location": "Level2,5MartinPlace,Sydney,NSW2000,AU", "view": "Posted6hoursago"}{"jobTitle": "Marketing Communications Manager", "company": "ThinkChildcareLimited", "Detail": {"industry": ["EducationManagement"], "jobFunction": ["Marketing", "Writing"], "jobType": "Full-time", "level": "Mid-Senior level"}, "jobId": "884758419", "location": "Sydney,NewSouthWales,Australia", "view": "Posted7hoursago"}{"jobTitle": "Sales Specialist", "company": "TakeitOnce", "Detail": {"industry": ["PackagingandContainers", "Food&amp;Beverages"], "jobFunction": ["Sales", "BusinessDevelopment"], "jobType": "Contract", "level": "Mid-Senior level"}, "jobId": "884756507", "location": "Sydney,NewSouthWales,Australia", "view": "Posted7hoursago"}{"jobTitle": "Events  and  Travel Manager", "company": "ResourceHub", "Detail": {"industry": ["Leisure,Travel&amp;Tourism"], "jobFunction": ["BusinessDevelopment", "Consulting", "ProjectManagement"], "jobType": "Full-time", "level": "Associate"}, "jobId": "886491076", "location": "SurryHills,NewSouthWales,Australia", "view": "Posted4hoursago"}{"jobTitle": "Architect/Graduate", "company": "SmartDesignStudio", "Detail": {"industry": ["Architecture&amp;Planning"], "jobFunction": ["Art", "Design"], "jobType": "Full-time", "level": "Entry level"}, "jobId": "884752420", "location": "SurryHills,NewSouthWales,Australia", "view": "Posted8hoursago"}{"jobTitle": "Contracts Administrator | Fit-Out", "company": "Build-Search", "Detail": {"industry": ["Construction"], "jobFunction": ["Other", "Administrative", "ProjectManagement"], "jobType": "Full-time", "level": "Associate"}, "jobId": "884768617", "location": "NorthSydney,NewSouthWales,Australia", "view": "Posted6hoursago"}{"jobTitle": "IoT Platform Security Architect", "company": "WeirMineralsAustraliaLtd.", "Detail": {"industry": ["Computer&amp;NetworkSecurity", "ComputerSoftware"], "jobFunction": ["Engineering", "InformationTechnology", "Manufacturing"], "jobType": "Full-time", "level": "Mid-Senior level"}, "jobId": "886467056", "location": "Artarmo", "view": "Posted5hoursago"}{"jobTitle": "Account Executive", "company": "WeberShandwick", "Detail": {"industry": ["PublicRelationsandCommunications"], "jobFunction": ["PublicRelations", "Writing"], "jobType": "Full-time", "level": "Associate"}, "jobId": "886321646", "location": "Sydney,NewSouthWales,Australia", "view": "Posted7hoursago"}{"jobTitle": "Administration Manager", "company": "JohnHolland", "Detail": {"industry": ["Construction"], "jobFunction": ["Administrative"], "jobType": "Full-time", "level": "Mid-Senior level"}, "jobId": "886708933", "location": "Sydney", "view": "Posted4hoursago"}{"jobTitle": "Senior Full Stack Developer", "company": "PolyglotGroup", "Detail": {"industry": ["InformationTechnologyandServices"], "jobFunction": ["InformationTechnology"], "jobType": "Full-time", "level": ""}, "jobId": "884289503", "location": "SydneyCBD", "view": "10views"}{"jobTitle": "Digital Producer", "company": "Salt and Shei", "Detail": {"industry": ["Health,WellnessandFitness"], "jobFunction": ["Marketing", "Production", "ProjectManagement"], "jobType": "Full-time", "level": "Mid-Senior level"}, "jobId": "884785630", "location": "Sydney,Australia", "view": "Posted3hoursago"}{"jobTitle": "SAP HR PY Functional Consultant", "company": "SaptureInternational-SAPRecruitment", "Detail": {"industry": ["InformationServices", "Internet"], "jobFunction": ["InformationTechnology"], "jobType": "Contract", "level": ""}, "jobId": "886466089", "location": "Melbourne,AU", "view": "Posted5hoursago"}{"jobTitle": "Technical Application Specialist", "company": "Mediaocea", "Detail": {"industry": ["InformationServices", "BroadcastMedia"], "jobFunction": ["CustomerService", "InformationTechnology"], "jobType": "Full-time", "level": "Mid-Senior level"}, "jobId": "884037960", "location": "Gladesville,NewSouthWales,Australia", "view": "69views"}{"jobTitle": "Quality Assurance Specialist", "company": "PettitPharma and DeviceSearch|HealthcareRecruitment", "Detail": {"industry": ["Hospital&amp;HealthCare", "Pharmaceuticals", "MedicalDevices"], "jobFunction": ["QualityAssurance"], "jobType": "Contract", "level": "Mid-Senior level"}, "jobId": "883738901", "location": "Sydney,Australia", "view": "58views"}{"jobTitle": "Junior Programmer Analyst", "company": "CollectionHouseGroup", "Detail": {"industry": ["FinancialServices", "InformationTechnologyandServices"], "jobFunction": ["ProjectManagement", "Finance"], "jobType": "Full-time", "level": "Mid-Senior level"}, "jobId": "884502851", "location": "100SkyringTerrace,Newstead,QLD4006,AU", "view": "44views"}{"jobTitle": "Marketing Manager", "company": "SAIGlobal", "Detail": {"industry": ["InformationServices", "FinancialServices"], "jobFunction": ["Marketing", "ProjectManagement"], "jobType": "Part-time", "level": "Mid-Senior level"}, "jobId": "884911765", "location": "Sydney,NewSouthWales,Australia", "view": "Posted2hoursago"}{"jobTitle": "Payroll Officer", "company": "HamiltonIsland", "Detail": {"industry": ["Hospitality", "FinancialServices"], "jobFunction": ["GeneralBusiness"], "jobType": "Full-time", "level": "Mid-Senior level"}, "jobId": "886714788", "location": "CorporateOfficesLevel3,100PacificHighway,St.Leonards,NSW2065,AU", "view": "Posted3hoursago"}{"jobTitle": "Program Support Officer (VPSG3)", "company": "DepartmentofEnvironmentandPrimaryIndustries", "Detail": {"industry": ["Research", "EnvironmentalServices", "Biotechnology"], "jobFunction": ["ProjectManagement", "InformationTechnology"], "jobType": "Full-time", "level": "Entry level"}, "jobId": "885556070", "location": "Melbourne,AU", "view": "Posted12hoursago"}{"jobTitle": "Implementation Specialist", "company": "HomeAway", "Detail": {"industry": ["ConsumerServices", "Internet", "Leisure,Travel&amp;Tourism"], "jobFunction": ["Advertising", "Sales", "BusinessDevelopment"], "jobType": "Full-time", "level": ""}, "jobId": "886709030", "location": "Sydney,AU", "view": "Posted4hoursago"}{"jobTitle": "Sales Advisor PT", "company": "MANGO", "Detail": {"industry": ["Apparel&amp;Fashion", "Retail", "LuxuryGoods&amp;Jewelry"], "jobFunction": ["Sales", "BusinessDevelopment"], "jobType": "Part-time", "level": "Associate"}, "jobId": "884785540", "location": "", "view": ""}{"jobTitle": "Business Director (Media)", "company": "BecomeRecruitmentUK", "Detail": {"industry": ["MarketingandAdvertising", "Internet", "StaffingandRecruiting"], "jobFunction": ["BusinessDevelopment", "Sales"], "jobType": "Full-time", "level": "Director"}, "jobId": "886356034", "location": "Melbourne,AU", "view": "Posted6hoursago"}{"jobTitle": ".Net developers - North Ryde", "company": "M and TResources", "Detail": {"industry": ["GovernmentAdministration", "InformationTechnologyandServices"], "jobFunction": ["InformationTechnology"], "jobType": "Contract", "level": "Mid-Senior level"}, "jobId": "884754077", "location": "Sydney,Australia", "view": "Posted8hoursago"}{"jobTitle": "Program Manager", "company": "CamillaAustralia", "Detail": {"industry": ["Apparel&amp;Fashion", "Retail"], "jobFunction": ["Management", "ProjectManagement", "InformationTechnology"], "jobType": "Full-time", "level": "Mid-Senior level"}, "jobId": "884294751", "location": "13BowdenStreet,Alexandria,NSW2015,AU", "view": "120views"}{"jobTitle": "Proposals Manager", "company": "CAEAustralia", "Detail": {"industry": ["Defense&amp;Space", "Aviation&amp;Aerospace", "GovernmentRelations"], "jobFunction": ["BusinessDevelopment", "Sales"], "jobType": "Full-time", "level": "Mid-Senior level"}, "jobId": "884742546", "location": "Unit40SloughAvenue,Silverwater,NSW2128,AU", "view": "Posted9hoursago"}