{"jobTitle": "Project Managers - All Levels!", "company": "Orchard", "Detail": {"industry": ["MarketingandAdvertising"], "jobFunction": ["Advertising", "Art", "ProjectManagement"], "jobType": "Full-time", "level": "Associate"}, "jobId": "883714436", "location": "100HarrisSt,Pyrmont,NSW2009,AU", "view": "119views"}{"jobTitle": "Account Director", "company": "PoemGroup", "Detail": {"industry": ["PublicRelationsandCommunications"], "jobFunction": ["PublicRelations"], "jobType": "Full-time", "level": "Mid-Senior level"}, "jobId": "884620881", "location": "SurryHills,NewSouthWales,Australia", "view": "Posted19hoursago"}{"jobTitle": "Customer Service Administrator", "company": "TrueAlliance", "Detail": {"industry": ["Wholesale", "ConsumerGoods", "ConsumerServices"], "jobFunction": ["Sales", "Administrative", "CustomerService"], "jobType": "Full-time", "level": "Entry level"}, "jobId": "884786250", "location": "Sydney,NewSouthWales,Australia", "view": "Posted2hoursago"}{"jobTitle": "Administrative Support Officer", "company": "OfficeofEnvironmentandHeritage(NSW)", "Detail": {"industry": ["NonprofitOrganizationManagement", "EnvironmentalServices", "GovernmentAdministration"], "jobFunction": ["GeneralBusiness", "Administrative", "CustomerService"], "jobType": "Full-time", "level": "Entry level"}, "jobId": "883721159", "location": "Oberon,AU", "view": "82views"}{"jobTitle": "Brand  and  Promotions Assistant Director", "company": "NOVAEntertainment", "Detail": {"industry": ["MarketingandAdvertising", "OnlineMedia", "Entertainment"], "jobFunction": ["Marketing", "Sales"], "jobType": "Full-time", "level": "Entry level"}, "jobId": "884755456", "location": "Sydney,AU", "view": "Posted6hoursago"}{"jobTitle": "Project Coordinator", "company": "ASGGroup", "Detail": {"industry": ["InformationTechnologyandServices"], "jobFunction": ["ProjectManagement", "Administrative"], "jobType": "Contract", "level": "Associate"}, "jobId": "884179657", "location": "Canberra,AustralianCapitalTerritory,Australia", "view": "103views"}{"jobTitle": "Customer Service Officer - Windsor - jobactive", "company": "MatchWorks", "Detail": {"industry": ["NonprofitOrganizationManagement", "StaffingandRecruiting", "GovernmentAdministration"], "jobFunction": ["CustomerService", "InformationTechnology"], "jobType": "Full-time", "level": "Entry level"}, "jobId": "884345441", "location": "Sydney,AU", "view": "Posted21hoursago"}{"jobTitle": "Test Coordinator (Manual and Automation)", "company": "AustralianInstituteofCompanyDirectors", "Detail": {"industry": ["NonprofitOrganizationManagement", "EducationManagement", "ProfessionalTraining&amp;Coaching"], "jobFunction": ["InformationTechnology", "QualityAssurance"], "jobType": "Full-time", "level": "Mid-Senior level"}, "jobId": "884510391", "location": "Level1,20BondStreet,Sydney,NSW2000,AU", "view": "103views"}{"jobTitle": "Business Support Officer", "company": "VictorianGovernment", "Detail": {"industry": ["NonprofitOrganizationManagement", "GovernmentRelations", "GovernmentAdministration"], "jobFunction": ["CustomerService", "InformationTechnology"], "jobType": "Full-time", "level": "Entry level"}, "jobId": "883725537", "location": "Melbourne,AU", "view": "15views"}{"jobTitle": "Head Of Engineering", "company": "MotionRecruitment", "Detail": {"industry": ["ComputerSoftware", "InformationTechnologyandServices", "FinancialServices"], "jobFunction": ["Engineering", "Strategy", "InformationTechnology"], "jobType": "Full-time", "level": "Director"}, "jobId": "886012976", "location": "Sydney,Australia", "view": "Posted8hoursago"}{"jobTitle": "Marketing Coordinator - Contract Position", "company": "NationalRugbyLeague", "Detail": {"industry": ["Sports"], "jobFunction": ["Marketing"], "jobType": "Contract", "level": "Associate"}, "jobId": "884745465", "location": "DriverAve,MoorePark,NSW2021,AU", "view": "Posted8hoursago"}{"jobTitle": "Executive Services Coordinator", "company": "RuralCityofWangaratta", "Detail": {"industry": ["NonprofitOrganizationManagement", "GovernmentAdministration", "Hospital&amp;HealthCare"], "jobFunction": ["BusinessDevelopment", "Sales"], "jobType": "Full-time", "level": "Entry level"}, "jobId": "884744289", "location": "Wangaratta,AU", "view": "Posted8hoursago"}{"jobTitle": "Digital Project Manager", "company": "LakebaGroup", "Detail": {"industry": ["InformationTechnologyandServices"], "jobFunction": ["Consulting", "InformationTechnology", "ProjectManagement"], "jobType": "Full-time", "level": "Associate"}, "jobId": "886497271", "location": "Manly,NewSouthWales,Australia", "view": "Posted3hoursago"}{"jobTitle": "Project Engineer", "company": "LaingO'Rourke", "Detail": {"industry": ["Construction", "CivilEngineering", "StaffingandRecruiting"], "jobFunction": ["Engineering", "InformationTechnology"], "jobType": "Full-time", "level": "Entry level"}, "jobId": "886403484", "location": "Sydney,AU", "view": "Posted5hoursago"}{"jobTitle": "Commercial Business Advisor: Advanced Manufacturing, Infrastructure", "company": "NewZealandTradeandEnterprise", "Detail": {"industry": ["InternationalTradeandDevelopment"], "jobFunction": ["Consulting", "InformationTechnology", "Sales"], "jobType": "Full-time", "level": ""}, "jobId": "886735624", "location": "Sydney,AU", "view": "Posted2hoursago"}{"jobTitle": "Senior ServiceNow Consultants", "company": "RXPServices", "Detail": {"industry": ["InformationTechnologyandServices", "ManagementConsulting"], "jobFunction": ["InformationTechnology"], "jobType": "Full-time", "level": "Mid-Senior level"}, "jobId": "884196119", "location": "Level1,7NationalCircuit,Barton,ACT2600,AU", "view": "44views"}{"jobTitle": "Senior Home Modifications Officer", "company": "icareNSW", "Detail": {"industry": ["Insurance"], "jobFunction": ["Manufacturing", "Engineering"], "jobType": "Full-time", "level": "Mid-Senior level"}, "jobId": "884932212", "location": "Sydney", "view": "Posted46minutesago"}{"jobTitle": "Senior Legal Counsel \\\\u2013 Finance  and  Commercial", "company": "TransGrid", "Detail": {"industry": ["Utilities", "Oil&amp;Energy", "Telecommunications"], "jobFunction": ["Legal"], "jobType": "Full-time", "level": "Mid-Senior level"}, "jobId": "883716192", "location": "180ThomasSt,Sydney,NSW2000,AU", "view": "140views"}{"jobTitle": "Leader Fleet Transition - Tigerair", "company": "VirginAustralia", "Detail": {"industry": ["Airlines/Aviation", "Aviation&amp;Aerospace", "Leisure,Travel&amp;Tourism"], "jobFunction": ["Other"], "jobType": "Full-time", "level": ""}, "jobId": "886482923", "location": "Melbourne,AU", "view": "Posted8hoursago"}{"jobTitle": "Off The Plan Sales Consultant | Inner City Fringe", "company": "HOME789", "Detail": {"industry": ["RealEstate"], "jobFunction": ["CustomerService", "GeneralBusiness", "Sales"], "jobType": "Full-time", "level": "Associate"}, "jobId": "884758308", "location": "Sydney,Australia", "view": "Posted6hoursago"}{"jobTitle": "Practice Innovation Advisor (Technical)", "company": "CenterForDomesticViolence", "Detail": {"industry": ["NonprofitOrganizationManagement", "Civic&amp;SocialOrganization", "GovernmentAdministration"], "jobFunction": ["ProductManagement", "Marketing"], "jobType": "Full-time", "level": "Associate"}, "jobId": "886026801", "location": "Melbourne,AU", "view": "Posted7hoursago"}{"jobTitle": "Corporate Receptionist", "company": "BartierPerryPtyLimited", "Detail": {"industry": ["LawPractice", "LegalServices", "LawEnforcement"], "jobFunction": ["Legal", "Other", "GeneralBusiness"], "jobType": "Full-time", "level": "Associate"}, "jobId": "883721339", "location": "Level10,77CastlereaghStreet,Sydney,NSW2000,AU", "view": "55views"}{"jobTitle": "People and Culture Director", "company": "TEARAustralia", "Detail": {"industry": ["NonprofitOrganizationManagement", "ReligiousInstitutions", "Civic&amp;SocialOrganization"], "jobFunction": ["Other"], "jobType": "Full-time", "level": "Director"}, "jobId": "886015682", "location": "Blackburn,AU", "view": "Posted8hoursago"}{"jobTitle": "Financial Accountant (6 Month Contract)", "company": "INGAustralia", "Detail": {"industry": ["Banking", "Insurance", "FinancialServices"], "jobFunction": ["Accounting", "Finance"], "jobType": "Contract", "level": "Entry level"}, "jobId": "884758023", "location": "Sydney,AU", "view": "Posted6hoursago"}{"jobTitle": "Senior Lawyer", "company": "ASIC", "Detail": {"industry": ["FinancialServices", "LawPractice"], "jobFunction": ["Analyst", "Management", "Legal"], "jobType": "Full-time", "level": "Mid-Senior level"}, "jobId": "883709303", "location": "Level5,100MarketStreet,Sydney,NSW2000,AU", "view": "220views"}