{"jobTitle": "Sous Chef - Little Creatures Canteen - Geelong", "company": "Lio", "Detail": {"industry": ["ConsumerGoods", "Food&amp;Beverages"], "jobFunction": ["BusinessDevelopment", "Sales"], "jobType": "Full-time", "level": ""}, "jobId": "884523432", "location": "Geelong,Australia", "view": "11views"}{"jobTitle": "Senior Devops Engineer", "company": "HydrogenGroup", "Detail": {"industry": ["InformationTechnologyandServices"], "jobFunction": ["Other"], "jobType": "Full-time", "level": "Mid-Senior level"}, "jobId": "884593071", "location": "Melbourne,AU", "view": "Posted22hoursago"}{"jobTitle": "Application Software Engineer Team Lead", "company": "XCalibreSolutions", "Detail": {"industry": ["MechanicalorIndustrialEngineering"], "jobFunction": ["Engineering", "Manufacturing"], "jobType": "Full-time", "level": "Mid-Senior level"}, "jobId": "884282609", "location": "Melbourne,Australia", "view": "37views"}{"jobTitle": "Digital Producer/Project Manager", "company": "Tundra", "Detail": {"industry": ["Internet", "InformationTechnologyandServices", "OnlineMedia"], "jobFunction": ["InformationTechnology", "ProjectManagement", "Strategy"], "jobType": "Full-time", "level": "Mid-Senior level"}, "jobId": "884277543", "location": "Melbourne,Australia", "view": "102views"}{"jobTitle": "Sales", "company": "CoffeeOnCue", "Detail": {"industry": ["Food&amp;Beverages", "EventsServices"], "jobFunction": ["Sales", "BusinessDevelopment"], "jobType": "Full-time", "level": "Mid-Senior level"}, "jobId": "884285080", "location": "Melbourne,Australia", "view": "68views"}{"jobTitle": "System Administrator", "company": "EnergyandWaterOmbudsman(Victoria)(EWOV)", "Detail": {"industry": ["ComputerHardware", "Electrical/ElectronicManufacturing", "InformationTechnologyandServices"], "jobFunction": ["InformationTechnology", "Engineering"], "jobType": "Contract", "level": "Mid-Senior level"}, "jobId": "884200668", "location": "Melbourne,Australia", "view": "108views"}{"jobTitle": "Safety and Property Risk Advisor", "company": "safesearch", "Detail": {"industry": ["HumanResources"], "jobFunction": ["HumanResources"], "jobType": "Contract", "level": "Mid-Senior level"}, "jobId": "884142770", "location": "Melbourne,Australia", "view": "25views"}{"jobTitle": "Business Development Specialist", "company": "BOCSouthPacific", "Detail": {"industry": ["Oil&amp;Energy"], "jobFunction": ["Sales"], "jobType": "Full-time", "level": "Associate"}, "jobId": "884138058", "location": "Melbourne,Australia", "view": "59views"}{"jobTitle": "Commercial Associate", "company": "MacphersonKelley", "Detail": {"industry": ["LawPractice"], "jobFunction": ["Sales", "Management"], "jobType": "Other", "level": ""}, "jobId": "884745790", "location": "Melbourne,AU", "view": "Posted7hoursago"}{"jobTitle": "Real Estate - Occupier Advisory Consultant / Senior Consultant", "company": "DeloitteAustralia", "Detail": {"industry": ["RealEstate"], "jobFunction": ["Analyst", "Consulting", "Finance"], "jobType": "Full-time", "level": "Associate"}, "jobId": "884550473", "location": "MelbourneCBD,Melbourne,Australia", "view": "37views"}{"jobTitle": "Senior Solutions Engineer", "company": "Nitro,Inc.", "Detail": {"industry": ["ComputerSoftware"], "jobFunction": ["Sales", "CustomerService", "Engineering"], "jobType": "Full-time", "level": "Mid-Senior level"}, "jobId": "884665219", "location": "Melbourne,Australia", "view": "Posted16hoursago"}{"jobTitle": "EA to Mayor  and  Councillors", "company": "MorelandCityCouncil", "Detail": {"industry": ["NonprofitOrganizationManagement", "Civic&amp;SocialOrganization", "GovernmentAdministration"], "jobFunction": ["Administrative"], "jobType": "Full-time", "level": "Associate"}, "jobId": "884003059", "location": "Moreland,AU", "view": "73views"}{"jobTitle": "Customer Service Representative", "company": "RUSSELLCORPPTYLTD", "Detail": {"industry": ["SportingGoods", "Wholesale"], "jobFunction": ["CustomerService", "Sales", "Administrative"], "jobType": "Full-time", "level": "Entry level"}, "jobId": "884549611", "location": "Scoresby,Victoria,Australia", "view": "89views"}{"jobTitle": "Senior Media Director \\\\u2013 Melbourne Agency", "company": "3rdeyeRecruitment and TalentManagementAgency", "Detail": {"industry": ["MarketingandAdvertising"], "jobFunction": ["Advertising", "Strategy", "BusinessDevelopment"], "jobType": "Full-time", "level": "Director"}, "jobId": "884749768", "location": "Melbourne,Victoria,Australia", "view": "Posted7hoursago"}{"jobTitle": "Campaign Specialist- Salesforce Marketing Cloud", "company": "DavidsonTechnology", "Detail": {"industry": ["InformationTechnologyandServices", "MarketingandAdvertising"], "jobFunction": ["InformationTechnology"], "jobType": "Contract", "level": "Mid-Senior level"}, "jobId": "884546342", "location": "Melbourne,Australia", "view": "20views"}{"jobTitle": "Professional Urban Planner", "company": "AECOM", "Detail": {"industry": ["Design", "Architecture&amp;Planning", "CivilEngineering"], "jobFunction": ["Design", "Engineering"], "jobType": "Full-time", "level": "Mid-Senior level"}, "jobId": "884563071", "location": "Melbourne,Victoria,Australia", "view": "Posted24hoursago"}{"jobTitle": "Senior Project Manager - Project Controls", "company": "GHD", "Detail": {"industry": ["CivilEngineering"], "jobFunction": ["Consulting", "Engineering"], "jobType": "Full-time", "level": "Mid-Senior level"}, "jobId": "884552324", "location": "Melbourne,Victoria,Australia", "view": "129views"}{"jobTitle": "Risk Manager", "company": "Lander and Rogers", "Detail": {"industry": ["LawPractice"], "jobFunction": ["Other"], "jobType": "Full-time", "level": ""}, "jobId": "884742788", "location": "Melbourne,Australia", "view": "Posted8hoursago"}{"jobTitle": "Registered Nurse", "company": "Healthscope", "Detail": {"industry": ["Hospital&amp;HealthCare", "MedicalPractice", "Health,WellnessandFitness"], "jobFunction": ["HealthCareProvider"], "jobType": "Full-time", "level": "Associate"}, "jobId": "883882815", "location": "Melbourne,AU", "view": "22views"}{"jobTitle": "Senior Analyst", "company": "FreshwaterGroup", "Detail": {"industry": ["Renewables&amp;Environment", "Oil&amp;Energy", "Utilities"], "jobFunction": ["Analyst", "Finance"], "jobType": "Full-time", "level": "Associate"}, "jobId": "883736979", "location": "Melbourne,Australia", "view": "219views"}{"jobTitle": "Manager - Business Advisory (Private Clients)", "company": "BlueRock", "Detail": {"industry": ["Accounting"], "jobFunction": ["Accounting"], "jobType": "Full-time", "level": "Mid-Senior level"}, "jobId": "883741180", "location": "Melbourne,Victoria,Australia", "view": "62views"}{"jobTitle": "Senior Payroll Officer", "company": "Medibank", "Detail": {"industry": ["Insurance", "HumanResources"], "jobFunction": ["HumanResources", "Accounting", "Administrative"], "jobType": "Full-time", "level": "Associate"}, "jobId": "884540025", "location": "720BourkeStreetDocklandsMelbourne,Victoria,VIC3008,AU", "view": "46views"}{"jobTitle": "OPSM Store Manager - Brimbank", "company": "OPSM", "Detail": {"industry": ["Apparel&amp;Fashion", "Retail", "Hospital&amp;HealthCare"], "jobFunction": ["Sales", "BusinessDevelopment"], "jobType": "Full-time", "level": "Mid-Senior level"}, "jobId": "884054141", "location": "DeerPark,AU", "view": "8views"}{"jobTitle": "Community Engagement Advisor \\\\u2013 Expression of Interest", "company": "VeoliaWaterTechnologies", "Detail": {"industry": ["Renewables&amp;Environment"], "jobFunction": ["Other"], "jobType": "Full-time", "level": "Associate"}, "jobId": "884513274", "location": "Melbourne,AU", "view": "28views"}{"jobTitle": "Principal Lawyer, Regional Rail Revival", "company": "RailProjectsVictoria", "Detail": {"industry": ["Transportation/Trucking/Railroad", "GovernmentRelations", "InformationTechnologyandServices"], "jobFunction": ["Consulting", "Legal", "Analyst"], "jobType": "Full-time", "level": "Director"}, "jobId": "884743483", "location": "121ExhibitionStreet,Melbourne,VIC3000,AU", "view": "Posted8hoursago"}