{"jobTitle": "Senior Underwriter", "company": "BlakeOliverConsulting", "Detail": {"industry": ["Insurance"], "jobFunction": ["Legal", "BusinessDevelopment", "Writing"], "jobType": "Full-time", "level": "Mid-Senior level"}, "jobId": "884927421", "location": "SydneyCBD,NewSouthWales,Australia", "view": "Posted2hoursago"}{"jobTitle": "After Hours Corporate Travel Consultant - Work From Home", "company": "TravelEdgeGroup", "Detail": {"industry": ["Leisure,Travel&amp;Tourism", "Airlines/Aviation", "ConsumerServices"], "jobFunction": ["CustomerService", "Other"], "jobType": "Part-time", "level": "Mid-Senior level"}, "jobId": "884797366", "location": "Level7175LiverpoolStreet,Sydney,NSW2000,AU", "view": "Posted2hoursago"}{"jobTitle": "Legal Director", "company": "SuccessionPartnersPtyLtd", "Detail": {"industry": ["Insurance", "LegalServices"], "jobFunction": ["Legal"], "jobType": "Full-time", "level": "Mid-Senior level"}, "jobId": "886701144", "location": "Sydney,Australia", "view": "Posted4hoursago"}{"jobTitle": "Account Manager", "company": "HeyYouApp", "Detail": {"industry": ["Internet"], "jobFunction": ["Sales"], "jobType": "Full-time", "level": "Mid-Senior level"}, "jobId": "886485988", "location": "Sydney,Australia", "view": "Posted4hoursago"}{"jobTitle": "Part Time Accountant  and  Bookkeeper", "company": "GPayments", "Detail": {"industry": ["InformationTechnologyandServices"], "jobFunction": ["Accounting", "Administrative"], "jobType": "Part-time", "level": "Associate"}, "jobId": "886453584", "location": "Sydney,Australia", "view": "Posted5hoursago"}{"jobTitle": "Technical Coordinator (Sustainability)", "company": "GreenBuildingCouncilofAustralia", "Detail": {"industry": ["Architecture&amp;Planning", "Construction", "EnvironmentalServices"], "jobFunction": ["Consulting", "Other", "Engineering"], "jobType": "Full-time", "level": "Associate"}, "jobId": "886455109", "location": "Sydney,Australia", "view": "Posted5hoursago"}{"jobTitle": "Sales and Digital Marketing Executive", "company": "ShriroAustraliaPtyLtd", "Detail": {"industry": ["ConsumerGoods", "MarketingandAdvertising", "GraphicDesign"], "jobFunction": ["Marketing", "Sales", "Administrative"], "jobType": "Full-time", "level": "Associate"}, "jobId": "886448372", "location": "Sydney,Australia", "view": "Posted5hoursago"}{"jobTitle": "Corporate M and A Lawyer - In house", "company": "Cicero-SpecialistLegalRecruitment", "Detail": {"industry": ["LegalServices", "LawPractice"], "jobFunction": ["Legal"], "jobType": "Full-time", "level": "Mid-Senior level"}, "jobId": "884769005", "location": "Sydney,Australia", "view": "Posted6hoursago"}{"jobTitle": "Junior Project Assistant - Focussing on Retail", "company": "RetailDoctorGroup", "Detail": {"industry": ["Retail"], "jobFunction": ["Consulting", "ProjectManagement", "Research"], "jobType": "Full-time", "level": "Entry level"}, "jobId": "884765444", "location": "Sydney,Australia", "view": "Posted6hoursago"}{"jobTitle": "Project Manager, Store Planning  and  Construction, ANZ", "company": "Tapestry", "Detail": {"industry": ["Apparel&amp;Fashion", "LuxuryGoods&amp;Jewelry", "Retail"], "jobFunction": ["ProjectManagement"], "jobType": "Full-time", "level": "Mid-Senior level"}, "jobId": "886362780", "location": "Sydney,Australia", "view": "Posted6hoursago"}{"jobTitle": "Customer Success Specialist", "company": "SpotlightReporting", "Detail": {"industry": ["ComputerSoftware", "Accounting"], "jobFunction": ["CustomerService", "Training"], "jobType": "Full-time", "level": "Mid-Senior level"}, "jobId": "884757428", "location": "Sydney,Australia", "view": "Posted7hoursago"}{"jobTitle": "Social Media Specialist", "company": "Longtail", "Detail": {"industry": ["MarketingandAdvertising"], "jobFunction": ["Advertising", "Marketing"], "jobType": "Full-time", "level": "Mid-Senior level"}, "jobId": "886046876", "location": "Sydney,Australia", "view": "Posted8hoursago"}{"jobTitle": "Infrastructure Lead", "company": "Viostream", "Detail": {"industry": ["ComputerSoftware"], "jobFunction": ["InformationTechnology"], "jobType": "Full-time", "level": "Mid-Senior level"}, "jobId": "884743771", "location": "Sydney,Australia", "view": "Posted9hoursago"}{"jobTitle": "Media Coordinator", "company": "FrontierAustralia", "Detail": {"industry": ["MarketingandAdvertising", "OnlineMedia"], "jobFunction": ["Administrative", "Advertising"], "jobType": "Full-time", "level": "Entry level"}, "jobId": "884747638", "location": "Sydney,Australia", "view": "Posted8hoursago"}{"jobTitle": "Front End Developer with strong UI", "company": "AlphaITPtyLtd", "Detail": {"industry": ["InformationTechnologyandServices"], "jobFunction": ["InformationTechnology"], "jobType": "Full-time", "level": "Mid-Senior level"}, "jobId": "884743628", "location": "Sydney,Australia", "view": "Posted9hoursago"}{"jobTitle": "Financial Controller", "company": "AgriDigital", "Detail": {"industry": ["InformationTechnologyandServices"], "jobFunction": ["Finance", "Accounting", "Administrative"], "jobType": "Full-time", "level": "Mid-Senior level"}, "jobId": "884747181", "location": "Sydney,Australia", "view": "Posted8hoursago"}{"jobTitle": "Social Media Manager (Mat leave contract)", "company": "VirginActiveAustralia", "Detail": {"industry": ["Health,WellnessandFitness"], "jobFunction": ["Marketing", "Management"], "jobType": "Part-time", "level": "Associate"}, "jobId": "884746368", "location": "Sydney,Australia", "view": "Posted8hoursago"}{"jobTitle": "Cloud Architect", "company": "Carecone", "Detail": {"industry": ["InformationTechnologyandServices", "InformationServices"], "jobFunction": ["InformationTechnology"], "jobType": "Full-time", "level": "Mid-Senior level"}, "jobId": "884588087", "location": "Sydney,Australia", "view": "Posted6hoursago"}{"jobTitle": "Mobile QA Tester", "company": "Domai", "Detail": {"industry": ["RealEstate", "OnlineMedia", "InformationTechnologyandServices"], "jobFunction": ["InformationTechnology"], "jobType": "Full-time", "level": "Director"}, "jobId": "884758783", "location": "Sydney,Australia", "view": "Posted5hoursago"}{"jobTitle": "Workplace Health Safety and Environment (WHSE) Leader", "company": "TimberlinkAustraliaINewZealand", "Detail": {"industry": ["BuildingMaterials"], "jobFunction": ["Accounting"], "jobType": "Full-time", "level": "Executive"}, "jobId": "884144219", "location": "Tarpeena,SouthAustralia,Australia", "view": "30views"}{"jobTitle": "Chief Scientific Information Officer", "company": "GeoscienceAustralia", "Detail": {"industry": ["InformationTechnologyandServices"], "jobFunction": ["InformationTechnology", "Management"], "jobType": "Full-time", "level": "Executive"}, "jobId": "884141534", "location": "Canberra,AustralianCapitalTerritory,Australia", "view": "65views"}{"jobTitle": "Real Estate Sales", "company": "EolutionInvesting", "Detail": {"industry": ["RealEstate", "FinancialServices"], "jobFunction": ["Sales", "Management", "Finance"], "jobType": "Full-time", "level": "Director"}, "jobId": "886700286", "location": "CastleHill,NewSouthWales,Australia", "view": "Posted4hoursago"}{"jobTitle": "Sales Co-ordinator", "company": "Fox(Film,TVandSports)", "Detail": {"industry": ["Entertainment", "MediaProduction"], "jobFunction": ["Sales"], "jobType": "Full-time", "level": "Associate"}, "jobId": "886092066", "location": "MoorePark,Sydney,Australia", "view": "Posted7hoursago"}{"jobTitle": "Senior Account Executive", "company": "Eleven", "Detail": {"industry": ["PublicRelationsandCommunications"], "jobFunction": ["PublicRelations"], "jobType": "Full-time", "level": "Director"}, "jobId": "884768633", "location": "Sydney,NewSouthWales,Australia", "view": "Posted6hoursago"}{"jobTitle": "Recruitment Consultant", "company": "MedacsGlobalGroup", "Detail": {"industry": ["Hospital&amp;HealthCare", "StaffingandRecruiting", "HumanResources"], "jobFunction": ["Sales", "HumanResources"], "jobType": "Full-time", "level": "Associate"}, "jobId": "884755145", "location": "Sydney,NewSouthWales,Australia", "view": "Posted7hoursago"}