{"jobTitle": "DSP Engineer - Defence", "company": "InterproPeople", "Detail": {"industry": ["ComputerSoftware", "FinancialServices", "InformationTechnologyandServices"], "jobFunction": ["Engineering", "InformationTechnology"], "jobType": "Full-time", "level": ""}, "jobId": "884900286", "location": "Sydney,AU", "view": "Posted3hoursago"}{"jobTitle": "Events  and  Digitial Coordinator", "company": "Nestl\\\\xe9", "Detail": {"industry": ["EventsServices", "Food&amp;Beverages", "MarketingandAdvertising"], "jobFunction": ["Administrative", "Marketing"], "jobType": "Full-time", "level": ""}, "jobId": "884789917", "location": "Sydney", "view": "Posted3hoursago"}{"jobTitle": "Medical Laboratory Technician", "company": "PeterMacCallumCancerCentre", "Detail": {"industry": ["Research", "MedicalPractice", "Hospital&amp;HealthCare"], "jobFunction": ["Research", "Analyst", "InformationTechnology"], "jobType": "Full-time", "level": "Entry level"}, "jobId": "886742864", "location": "Melbourne,AU", "view": "Posted3hoursago"}{"jobTitle": "Registered Psychiatric Nurse - Adult Acute Unit -", "company": "BallaratHealthServices", "Detail": {"industry": ["GovernmentAdministration", "Health,WellnessandFitness", "Hospital&amp;HealthCare"], "jobFunction": ["HealthCareProvider"], "jobType": "Part-time", "level": "Associate"}, "jobId": "886020791", "location": "Melbourne,AU", "view": "Posted9hoursago"}{"jobTitle": "Master Scheduler", "company": "UniSuper", "Detail": {"industry": ["FinancialServices"], "jobFunction": ["Management", "Manufacturing"], "jobType": "Full-time", "level": "Associate"}, "jobId": "884628597", "location": "Melbourne,AU", "view": "9views"}{"jobTitle": "Deputy CIO GM DC Investments", "company": "DerwentExecutive", "Detail": {"industry": ["ExecutiveOffice"], "jobFunction": ["Finance"], "jobType": "Full-time", "level": "Executive"}, "jobId": "884763529", "location": "SydneyCBD,Sydney,Australia", "view": "Posted7hoursago"}{"jobTitle": "Software Solution Architect", "company": "AYANInfoTech", "Detail": {"industry": ["InformationTechnologyandServices"], "jobFunction": ["InformationTechnology"], "jobType": "Full-time", "level": "Mid-Senior level"}, "jobId": "884901983", "location": "Chatswood,Sydney,Australia", "view": "Posted3hoursago"}{"jobTitle": "Territory Manager", "company": "SUEZ", "Detail": {"industry": ["EnvironmentalServices"], "jobFunction": ["CustomerService", "Sales"], "jobType": "Full-time", "level": "Associate"}, "jobId": "883706224", "location": "Canberra,AustralianCapitalTerritory,Australia", "view": "77views"}{"jobTitle": "Trainer - Learning and Development", "company": "VerizonConnect", "Detail": {"industry": ["ComputerSoftware", "InformationTechnologyandServices"], "jobFunction": ["Education", "Training"], "jobType": "Full-time", "level": "Associate"}, "jobId": "884900490", "location": "Sydney,AU", "view": "Posted3hoursago"}{"jobTitle": "Secondary Maths Teacher. Brunei", "company": "GLOBALEDUCATIONLOGISTICSLIMITED", "Detail": {"industry": ["Primary/SecondaryEducation", "HigherEducation", "EducationManagement"], "jobFunction": ["Education", "Training"], "jobType": "Full-time", "level": "Entry level"}, "jobId": "885893195", "location": "Melbourne,AU", "view": "Posted9hoursago"}{"jobTitle": "Customer Service Consultant", "company": "Ignite", "Detail": {"industry": ["InformationTechnologyandServices", "StaffingandRecruiting", "FinancialServices"], "jobFunction": ["CustomerService", "InformationTechnology"], "jobType": "Full-time", "level": "Associate"}, "jobId": "885891105", "location": "Melbourne,AU", "view": "Posted9hoursago"}{"jobTitle": "Marketing Assistant", "company": "JXTGlobal", "Detail": {"industry": ["Construction", "StaffingandRecruiting", "FinancialServices"], "jobFunction": ["Marketing", "Sales"], "jobType": "Full-time", "level": "Entry level"}, "jobId": "885551035", "location": "Melbourne,AU", "view": "Posted13hoursago"}{"jobTitle": "Casual Teacher - EAL, AMEP (Foundation College)", "company": "ChisholmInstitute", "Detail": {"industry": ["NonprofitOrganizationManagement", "HigherEducation", "EducationManagement"], "jobFunction": ["Education", "Training"], "jobType": "Temporary", "level": ""}, "jobId": "884647346", "location": "Melbourne,AU", "view": "Posted19hoursago"}{"jobTitle": "Teacher - Mathematics", "company": "LoretoMandevilleHall", "Detail": {"industry": ["BusinessSuppliesandEquipment", "EducationManagement", "ArtsandCrafts"], "jobFunction": ["Education", "Training"], "jobType": "Full-time", "level": "Entry level"}, "jobId": "883609958", "location": "Toorak,AU", "view": "2views"}{"jobTitle": "Sales Consultant", "company": "sgfleet", "Detail": {"industry": ["FinancialServices", "Automotive"], "jobFunction": ["Sales", "Consulting", "Finance"], "jobType": "Full-time", "level": "Entry level"}, "jobId": "884904037", "location": "Pymble,NewSouthWales,Australia", "view": "Posted3hoursago"}{"jobTitle": "Manager", "company": "CroweHorwathAustralia", "Detail": {"industry": ["Accounting"], "jobFunction": ["Management"], "jobType": "Full-time", "level": "Mid-Senior level"}, "jobId": "884754362", "location": "Armidale,Australia", "view": "Posted8hoursago"}{"jobTitle": "MR Driver", "company": "ChandlerMacleodGroup", "Detail": {"industry": ["Construction", "StaffingandRecruiting", "FinancialServices"], "jobFunction": ["Management", "Manufacturing"], "jobType": "Full-time", "level": "Entry level"}, "jobId": "886333162", "location": "Melbourne,AU", "view": "Posted9hoursago"}{"jobTitle": "Inside Sales | Publishing", "company": "MichaelPage", "Detail": {"industry": ["InformationTechnologyandServices", "StaffingandRecruiting", "FinancialServices"], "jobFunction": ["Sales", "BusinessDevelopment"], "jobType": "Full-time", "level": "Entry level"}, "jobId": "885192863", "location": "Melbourne,AU", "view": "Posted17hoursago"}{"jobTitle": "Registered Home Manager \\\\u2013 Nursing  and  Residential", "company": "CompassAssociates", "Detail": {"industry": ["StaffingandRecruiting", "Health,WellnessandFitness", "Hospital&amp;HealthCare"], "jobFunction": ["Sales", "BusinessDevelopment"], "jobType": "Full-time", "level": "Associate"}, "jobId": "886353995", "location": "Canterbury,AU", "view": "Posted7hoursago"}{"jobTitle": "Registered Psychiatric Nurse", "company": "StVincent\\\\u2019sHealthNetworkSydney", "Detail": {"industry": ["NonprofitOrganizationManagement", "GovernmentAdministration", "Hospital&amp;HealthCare"], "jobFunction": ["HealthCareProvider"], "jobType": "Full-time", "level": "Associate"}, "jobId": "885559368", "location": "Fitzroy,AU", "view": "Posted13hoursago"}{"jobTitle": "Consultant - Tax", "company": "BDOinAustralia", "Detail": {"industry": ["Accounting"], "jobFunction": ["Accounting", "Finance"], "jobType": "Full-time", "level": ""}, "jobId": "884654176", "location": "Sydney,AU", "view": "Posted19hoursago"}{"jobTitle": "Finishes Foreman", "company": "ParkviewGroup(Australia)PtyLtd", "Detail": {"industry": ["Construction"], "jobFunction": ["Other", "Management"], "jobType": "Full-time", "level": "Mid-Senior level"}, "jobId": "884297103", "location": "Sydney,Australia", "view": "15views"}{"jobTitle": "Finance Officer", "company": "VictoriaPolice", "Detail": {"industry": ["NonprofitOrganizationManagement", "GovernmentAdministration", "FinancialServices"], "jobFunction": ["Finance", "Sales"], "jobType": "Full-time", "level": "Associate"}, "jobId": "884516515", "location": "Melbourne,AU", "view": "22views"}{"jobTitle": "Administration Operations Leader", "company": "Mercer", "Detail": {"industry": ["InformationTechnologyandServices", "Insurance", "FinancialServices"], "jobFunction": ["Management", "Manufacturing"], "jobType": "Full-time", "level": "Associate"}, "jobId": "886787863", "location": "Melbourne,AU", "view": "Posted2hoursago"}{"jobTitle": "Administration Manager", "company": "Mirvac", "Detail": {"industry": ["Retail"], "jobFunction": ["Administrative"], "jobType": "Full-time", "level": ""}, "jobId": "884743179", "location": "Sydney", "view": "Posted10hoursago"}