{"jobTitle": "Men's Therapeutic Practitioner - A Better Way", "company": "AnglicareVictoria", "Detail": {"industry": ["NonprofitOrganizationManagement"], "jobFunction": ["Other"], "jobType": "Full-time", "level": "Mid-Senior level"}, "jobId": "884932329", "location": "Franksto", "view": "Posted2hoursago"}{"jobTitle": "Quantum Computing Research Scientist", "company": "IBM", "Detail": {"industry": ["InformationTechnologyandServices", "ComputerSoftware", "FinancialServices"], "jobFunction": ["Research"], "jobType": "Full-time", "level": "Associate"}, "jobId": "885163586", "location": "Melbourne,AU", "view": "Posted19hoursago"}{"jobTitle": "Ruby on Rails Developer", "company": "PwCAustralia", "Detail": {"industry": ["ManagementConsulting", "Accounting", "FinancialServices"], "jobFunction": ["Engineering", "InformationTechnology"], "jobType": "Full-time", "level": ""}, "jobId": "883735945", "location": "Melbourne,AU", "view": "36views"}{"jobTitle": "Security Engineer", "company": "REAGroup", "Detail": {"industry": ["InformationTechnologyandServices"], "jobFunction": ["BusinessDevelopment", "InformationTechnology"], "jobType": "Full-time", "level": "Mid-Senior level"}, "jobId": "884756426", "location": "Richmond,Melbourne,Australia", "view": "Posted7hoursago"}{"jobTitle": "Restaurant Supervisor - Silks", "company": "CrownResorts", "Detail": {"industry": ["ConsumerServices", "Hospitality"], "jobFunction": ["CustomerService", "Management"], "jobType": "Full-time", "level": ""}, "jobId": "884754649", "location": "Melbourne", "view": "Posted7hoursago"}{"jobTitle": "Home Loan Credit Assessment Officer", "company": "MEBank", "Detail": {"industry": ["Banking", "FinancialServices"], "jobFunction": ["Finance"], "jobType": "Full-time", "level": "Associate"}, "jobId": "883709319", "location": "Melbourne,Australia", "view": "88views"}{"jobTitle": "Store Manager - Woolworths Doncaster Town", "company": "WoolworthsSupermarkets", "Detail": {"industry": ["Restaurants", "Food&amp;Beverages", "Retail"], "jobFunction": ["Sales", "BusinessDevelopment"], "jobType": "Full-time", "level": "Mid-Senior level"}, "jobId": "884901112", "location": "Melbourne,AU", "view": "Posted3hoursago"}{"jobTitle": "Code Compliance Analyst - Life Insurance", "company": "AustralianFinancialComplaintsAuthority", "Detail": {"industry": ["FinancialServices"], "jobFunction": ["Legal"], "jobType": "Full-time", "level": "Associate"}, "jobId": "886485636", "location": "Melbourne,Victoria,Australia", "view": "Posted4hoursago"}{"jobTitle": "Account Relationship Manager", "company": "SearchWorksPtyLtd", "Detail": {"industry": ["Construction", "BuildingMaterials"], "jobFunction": ["BusinessDevelopment", "Sales"], "jobType": "Full-time", "level": "Associate"}, "jobId": "886031774", "location": "Melbourne,Australia", "view": "Posted8hoursago"}{"jobTitle": "Business Director Media", "company": "BecomeRecruitmentAustralia", "Detail": {"industry": ["MarketingandAdvertising", "OnlineMedia"], "jobFunction": ["Advertising", "Marketing"], "jobType": "Full-time", "level": "Director"}, "jobId": "884538851", "location": "Melbourne,Australia", "view": "36views"}{"jobTitle": "Portfolio Service Centre Administration Assistant", "company": "Cushman and Wakefield", "Detail": {"industry": ["CommercialRealEstate", "RealEstate", "FacilitiesServices"], "jobFunction": ["Administrative"], "jobType": "Full-time", "level": "Entry level"}, "jobId": "886463325", "location": "SouthMelbourne,AU", "view": "Posted5hoursago"}{"jobTitle": "AU Public Relations  and  Corporate Communications Manager", "company": "MYOB", "Detail": {"industry": ["ComputerSoftware"], "jobFunction": ["Marketing", "PublicRelations", "Writing"], "jobType": "Full-time", "level": ""}, "jobId": "884961734", "location": "Melbourne,AU", "view": "Posted9minutesago"}{"jobTitle": "Chief Financial Officer", "company": "VictorianBuildingAuthority", "Detail": {"industry": ["GovernmentAdministration"], "jobFunction": ["Finance"], "jobType": "Full-time", "level": "Executive"}, "jobId": "884725583", "location": "737BourkeSt,DocklandsVictoria3008", "view": "Posted11hoursago"}{"jobTitle": "Manager Statutory Extracts", "company": "NorthernHealth", "Detail": {"industry": ["Hospital&amp;HealthCare"], "jobFunction": ["Other"], "jobType": "Full-time", "level": ""}, "jobId": "884670655", "location": "Epping,AU", "view": "Posted17hoursago"}{"jobTitle": "Senior Front End Developer", "company": "BrickLaneRecruitment", "Detail": {"industry": ["MarketingandAdvertising", "ManagementConsulting"], "jobFunction": ["Marketing", "InformationTechnology", "Art"], "jobType": "Full-time", "level": "Mid-Senior level"}, "jobId": "884732709", "location": "Melbourne,Australia", "view": "Posted10hoursago"}{"jobTitle": "Contract Administrator", "company": "Sharp and Carter", "Detail": {"industry": ["Construction", "BuildingMaterials", "CivilEngineering"], "jobFunction": ["Management", "Manufacturing"], "jobType": "Full-time", "level": "Entry level"}, "jobId": "884281122", "location": "Melbourne,AU", "view": "17views"}{"jobTitle": "Client Services Representative", "company": "AustralianUnity", "Detail": {"industry": ["FinancialServices", "Health,WellnessandFitness", "Insurance"], "jobFunction": ["CustomerService", "ProductManagement"], "jobType": "Full-time", "level": "Mid-Senior level"}, "jobId": "884191075", "location": "Melbourne", "view": "26views"}{"jobTitle": "Project Engineer - Grid Compliance", "company": "Vestas", "Detail": {"industry": ["Construction", "Renewables&amp;Environment", "Utilities"], "jobFunction": ["Engineering", "ProjectManagement"], "jobType": "Full-time", "level": "Mid-Senior level"}, "jobId": "885874900", "location": "Melbourne", "view": "Posted9hoursago"}{"jobTitle": "Senior Java Developer", "company": "MarshallMcAdam", "Detail": {"industry": ["InformationTechnologyandServices"], "jobFunction": ["InformationTechnology"], "jobType": "Contract", "level": ""}, "jobId": "884731412", "location": "Docklands,Melbourne,Australia", "view": "Posted10hoursago"}{"jobTitle": "Workplace Relations Manager", "company": "Linfox", "Detail": {"industry": ["LogisticsandSupplyChain", "Transportation/Trucking/Railroad", "HumanResources"], "jobFunction": ["SupplyChain", "HumanResources", "Other"], "jobType": "Full-time", "level": "Executive"}, "jobId": "884949635", "location": "Melbourne,Australia", "view": "Posted1hourago"}{"jobTitle": "Email Marketing Specialist", "company": "AIAAustralia", "Detail": {"industry": ["Insurance", "MarketingandAdvertising"], "jobFunction": ["Administrative", "Advertising", "Marketing"], "jobType": "Full-time", "level": "Entry level"}, "jobId": "883727132", "location": "Melbourne", "view": "78views"}{"jobTitle": "Territory Planning Manager", "company": "AustraliaPost", "Detail": {"industry": ["MarketingandAdvertising", "Retail", "FinancialServices"], "jobFunction": ["Management", "Manufacturing"], "jobType": "Full-time", "level": "Associate"}, "jobId": "883895456", "location": "Melbourne,AU", "view": "61views"}{"jobTitle": "PM Transport Manager", "company": "TollPeople", "Detail": {"industry": ["LogisticsandSupplyChain", "Transportation/Trucking/Railroad"], "jobFunction": ["Management", "SupplyChain"], "jobType": "Full-time", "level": "Mid-Senior level"}, "jobId": "884503964", "location": "AltonaNorth,Melbourne,Australia", "view": "33views"}{"jobTitle": "Landscape Architect", "company": "HASSELL", "Detail": {"industry": ["Architecture&amp;Planning"], "jobFunction": ["Design", "Art", "InformationTechnology"], "jobType": "Full-time", "level": ""}, "jobId": "884770487", "location": "Melbourne,AU", "view": "Posted6hoursago"}{"jobTitle": "Security Applications Expert", "company": "Telstra", "Detail": {"industry": ["InformationTechnologyandServices", "OnlineMedia", "Telecommunications"], "jobFunction": ["Engineering", "InformationTechnology"], "jobType": "Full-time", "level": ""}, "jobId": "885688689", "location": "Melbourne,AU", "view": "Posted11hoursago"}