{"jobTitle": "Senior Technical Recruiter", "company": "IMCTrading", "Detail": {"industry": ["FinancialServices", "InformationTechnologyandServices", "ComputerNetworking"], "jobFunction": ["HumanResources"], "jobType": "Full-time", "level": "Mid-Senior level"}, "jobId": "886064859", "location": "Sydney,Australia", "view": "Posted7hoursago"}{"jobTitle": "Road Worker - Asphalt", "company": "CityofGreaterBendigo", "Detail": {"industry": ["Construction", "NonprofitOrganizationManagement", "GovernmentAdministration"], "jobFunction": ["Administrative"], "jobType": "Full-time", "level": "Entry level"}, "jobId": "884002059", "location": "Bendigo,AU", "view": "2views"}{"jobTitle": "SAS Administrator", "company": "EagnaConsulting", "Detail": {"industry": ["ComputerSoftware", "InformationTechnologyandServices"], "jobFunction": ["InformationTechnology", "Consulting"], "jobType": "Contract", "level": "Mid-Senior level"}, "jobId": "884748268", "location": "Canberra,Australia", "view": "Posted8hoursago"}{"jobTitle": "Marketing Manager - Life Insurance", "company": "HCFAustralia", "Detail": {"industry": ["Insurance", "MarketResearch", "MarketingandAdvertising"], "jobFunction": ["HealthCareProvider", "Other"], "jobType": "Full-time", "level": "Mid-Senior level"}, "jobId": "884742653", "location": "403GeorgeStreet,Sydney,NSW2000,AU", "view": "Posted8hoursago"}{"jobTitle": "AppleCare Senior Specialist - Australia AHA", "company": "Apple", "Detail": {"industry": ["ConsumerElectronics"], "jobFunction": ["InformationTechnology"], "jobType": "Full-time", "level": ""}, "jobId": "884928303", "location": "Sydney,AU", "view": "Posted1hourago"}{"jobTitle": "", "company": "", "Detail": "", "jobId": "883728952", "location": "", "view": ""}{"jobTitle": "Client Services Manager", "company": "AMP", "Detail": {"industry": ["FinancialServices"], "jobFunction": ["CustomerService", "Management", "Sales"], "jobType": "Full-time", "level": "Mid-Senior level"}, "jobId": "884931115", "location": "Sydney,Australia", "view": "Posted54minutesago"}{"jobTitle": "Business Analyst (Maternity Cover)", "company": "HelloworldTravelLimited", "Detail": {"industry": ["Leisure,Travel&amp;Tourism", "InformationTechnologyandServices", "Wholesale"], "jobFunction": ["Analyst", "BusinessDevelopment", "InformationTechnology"], "jobType": "Full-time", "level": "Associate"}, "jobId": "886433027", "location": "Mascot,NewSouthWales,Australia", "view": "Posted4hoursago"}{"jobTitle": "Senior AWS Software Development Engineer", "company": "CloudTalentGroup", "Detail": {"industry": ["InformationTechnologyandServices"], "jobFunction": ["InformationTechnology"], "jobType": "Full-time", "level": "Mid-Senior level"}, "jobId": "883721102", "location": "Sydney,Australia", "view": "93views"}{"jobTitle": "Non Executive Director, MAIB", "company": "InterSearch", "Detail": {"industry": ["Insurance"], "jobFunction": ["Strategy", "Accounting"], "jobType": "Part-time", "level": "Director"}, "jobId": "884733657", "location": "Launceston,Tasmania,Australia", "view": "Posted9hoursago"}{"jobTitle": "HP Workstation Product and Development Manager", "company": "DickerData", "Detail": {"industry": ["InformationTechnologyandServices", "ComputerHardware"], "jobFunction": ["ProductManagement", "BusinessDevelopment", "CustomerService"], "jobType": "Full-time", "level": "Mid-Senior level"}, "jobId": "884547072", "location": "Sydney,Australia", "view": "34views"}{"jobTitle": "Data Analyst", "company": "QinetiQ", "Detail": {"industry": ["Defense&amp;Space"], "jobFunction": ["InformationTechnology"], "jobType": "Full-time", "level": ""}, "jobId": "884727618", "location": "Cardigan,AU", "view": "Posted9hoursago"}{"jobTitle": "Consultant Business", "company": "DXCTechnology", "Detail": {"industry": ["InformationTechnologyandServices", "ComputerSoftware", "FinancialServices"], "jobFunction": ["Consulting", "InformationTechnology", "Sales"], "jobType": "Full-time", "level": "Associate"}, "jobId": "884681707", "location": "Canberra,AU", "view": "Posted15hoursago"}{"jobTitle": "Process Engineer", "company": "ANSTO", "Detail": {"industry": ["Pharmaceuticals", "GovernmentAdministration"], "jobFunction": ["Engineering"], "jobType": "Full-time", "level": "Mid-Senior level"}, "jobId": "884786609", "location": "NewIllawarraRd,LucasHeights,NSW2234,AU", "view": "Posted2hoursago"}{"jobTitle": "Executive Assistant", "company": "BeaumontPeople", "Detail": {"industry": ["EducationManagement"], "jobFunction": ["Education", "Administrative"], "jobType": "Full-time", "level": "Mid-Senior level"}, "jobId": "884288932", "location": "Sydney,Australia", "view": "99views"}{"jobTitle": "Media Research Analyst", "company": "NineEntertainmentCo.", "Detail": {"industry": ["BroadcastMedia", "Entertainment", "MarketingandAdvertising"], "jobFunction": ["Marketing", "Research", "Advertising"], "jobType": "Full-time", "level": "Associate"}, "jobId": "884749124", "location": "Sydney,NewSouthWales,Australia", "view": "Posted7hoursago"}{"jobTitle": "Senior Software Engineer", "company": "Nearmap", "Detail": {"industry": ["InformationServices"], "jobFunction": ["InformationTechnology", "Other"], "jobType": "Full-time", "level": "Mid-Senior level"}, "jobId": "884745956", "location": "Barangaroo,NewSouthWales,Australia", "view": "Posted7hoursago"}{"jobTitle": "Business Manager Milk Supply", "company": "TheLucasGroup|Australia", "Detail": {"industry": ["Farming", "Dairy"], "jobFunction": ["BusinessDevelopment", "Management"], "jobType": "Full-time", "level": "Mid-Senior level"}, "jobId": "884269678", "location": "MurrayBridge,SouthAustralia,Australia", "view": "46views"}{"jobTitle": "Senior Dynamics CRM Developer", "company": "DialogInformationTechnology", "Detail": {"industry": ["InformationTechnologyandServices", "ComputerSoftware", "ManagementConsulting"], "jobFunction": ["Engineering", "InformationTechnology"], "jobType": "Full-time", "level": "Entry level"}, "jobId": "885551343", "location": "Melbourne,AU", "view": "Posted12hoursago"}{"jobTitle": "Software Engineer", "company": "InterproPeople", "Detail": {"industry": ["InformationTechnologyandServices", "Defense&amp;Space", "ComputerSoftware"], "jobFunction": ["InformationTechnology", "Engineering"], "jobType": "Full-time", "level": "Mid-Senior level"}, "jobId": "884787301", "location": "InterproHouseLevel10,447KentStreet,Sydney,NSW2000,AU", "view": "Posted2hoursago"}{"jobTitle": "Digital Marketer / Growth Marketer", "company": "Snug.com", "Detail": {"industry": ["Internet", "RealEstate", "InformationTechnologyandServices"], "jobFunction": ["Marketing", "Analyst", "Art"], "jobType": "Full-time", "level": "Mid-Senior level"}, "jobId": "883715738", "location": "Sydney,Australia", "view": "125views"}{"jobTitle": "Project Manager", "company": "SouthernGrampiansShireCouncil", "Detail": {"industry": ["GovernmentAdministration", "Construction"], "jobFunction": ["ProjectManagement", "Engineering"], "jobType": "Full-time", "level": "Mid-Senior level"}, "jobId": "884742859", "location": "1MarketPlace,Hamilton,VIC3300,AU", "view": "Posted8hoursago"}{"jobTitle": "Account Specialist - Hospital", "company": "Nestl\\\\xe9", "Detail": {"industry": ["Hospital&amp;HealthCare", "MedicalDevices", "Pharmaceuticals"], "jobFunction": ["Sales"], "jobType": "Full-time", "level": "Mid-Senior level"}, "jobId": "884749269", "location": "Sydney", "view": "Posted7hoursago"}{"jobTitle": "Practice and Quality Officer. Permanent Full Time,", "company": "LifeWithoutBarriers", "Detail": {"industry": ["BusinessSuppliesandEquipment", "ConsumerServices", "Hospital&amp;HealthCare"], "jobFunction": ["QualityAssurance"], "jobType": "Full-time", "level": "Associate"}, "jobId": "883644135", "location": "Richmond,AU", "view": "6views"}{"jobTitle": "Learning Lead", "company": "EnergyAustralia", "Detail": {"industry": ["Oil&amp;Energy", "Utilities", "FinancialServices"], "jobFunction": ["HumanResources"], "jobType": "Full-time", "level": "Associate"}, "jobId": "885554478", "location": "Melbourne,AU", "view": "Posted12hoursago"}