{"jobTitle": "Financial Controller", "company": "QuinnAlla", "Detail": {"industry": ["FinancialServices"], "jobFunction": ["Finance"], "jobType": "Full-time", "level": "Director"}, "jobId": "883706286", "location": "Melbourne,Victoria,Australia", "view": "360views"}{"jobTitle": "Natural Reserves Ranger", "company": "FrankstonCityCouncil", "Detail": {"industry": ["Food&amp;Beverages", "NonprofitOrganizationManagement", "GovernmentAdministration"], "jobFunction": ["Other"], "jobType": "Full-time", "level": "Entry level"}, "jobId": "884001763", "location": "Frankston,AU", "view": "18views"}{"jobTitle": "Digital Producer", "company": "HalcyonKnights-Tech and ExecutiveTalent", "Detail": {"industry": ["InformationServices", "InformationTechnologyandServices"], "jobFunction": ["InformationTechnology", "ProductManagement"], "jobType": "Full-time", "level": ""}, "jobId": "883732434", "location": "Melbourne", "view": "41views"}{"jobTitle": "Trend Director", "company": "CottonOnGroup", "Detail": {"industry": ["Apparel&amp;Fashion"], "jobFunction": ["ProductManagement", "Design", "Art"], "jobType": "Full-time", "level": "Associate"}, "jobId": "883716981", "location": "Melbourne,Australia", "view": "108views"}{"jobTitle": "Clinical Manager Psychology / Clinical Lead Psychology", "company": "BarwonHealth", "Detail": {"industry": ["NonprofitOrganizationManagement", "Health,WellnessandFitness", "Hospital&amp;HealthCare"], "jobFunction": ["HealthCareProvider"], "jobType": "Temporary", "level": "Mid-Senior level"}, "jobId": "884672870", "location": "Geelong,AU", "view": "Posted17hoursago"}{"jobTitle": "Planning Administration Support Officer", "company": "Design and BuildRecruitment", "Detail": {"industry": ["GovernmentAdministration"], "jobFunction": ["CustomerService", "InformationTechnology"], "jobType": "Contract", "level": ""}, "jobId": "884134654", "location": "Melbourne,AU", "view": "24views"}{"jobTitle": "Product Manager \\\\u2013 Commercial Marketing", "company": "MARSRecruitment", "Detail": {"industry": ["MarketingandAdvertising", "PublicRelationsandCommunications"], "jobFunction": ["ProductManagement", "Marketing"], "jobType": "Full-time", "level": ""}, "jobId": "883739882", "location": "Melbourne,AU", "view": "79views"}{"jobTitle": "Arborist", "company": "MorelandCityCouncil", "Detail": {"industry": ["NonprofitOrganizationManagement", "Civic&amp;SocialOrganization", "GovernmentAdministration"], "jobFunction": ["Management", "Manufacturing"], "jobType": "Full-time", "level": "Entry level"}, "jobId": "884003058", "location": "Moreland,AU", "view": "11views"}{"jobTitle": "Graduate Recruitment Consultant", "company": "people2people", "Detail": {"industry": ["HumanResources"], "jobFunction": ["HumanResources"], "jobType": "Full-time", "level": "Mid-Senior level"}, "jobId": "883704954", "location": "Melbourne,Australia", "view": "55views"}{"jobTitle": "Contract Manager", "company": "", "Detail": {"industry": ["CivilEngineering", "Construction", "FacilitiesServices"], "jobFunction": ["Engineering", "Management", "ProjectManagement"], "jobType": "Full-time", "level": "Mid-Senior level"}, "jobId": "886004290", "location": "Melbourne,Victoria,Australia", "view": "Posted9hoursago"}{"jobTitle": "Lawyer (Real Estate  and  Projects)", "company": "Lander and Rogers", "Detail": {"industry": ["LawPractice"], "jobFunction": ["Legal"], "jobType": "Full-time", "level": ""}, "jobId": "884130806", "location": "Melbourne,AU", "view": "15views"}{"jobTitle": "Corporate Sales Manager", "company": "AudiAustralia", "Detail": {"industry": ["Automotive"], "jobFunction": ["Manufacturing", "Sales"], "jobType": "Full-time", "level": "Mid-Senior level"}, "jobId": "884143468", "location": "Sydney,NewSouthWales,Australia", "view": "182views"}{"jobTitle": "Centre Lead - Rio Tinto Centre for Mine Automation", "company": "UniversityofSydney", "Detail": {"industry": ["HigherEducation", "Research", "Mining&amp;Metals"], "jobFunction": ["Education", "Science", "Research"], "jobType": "Full-time", "level": "Mid-Senior level"}, "jobId": "884299372", "location": "Sydney,Australia", "view": "28views"}{"jobTitle": "General Utility/Dishwasher", "company": "FloridaInstituteofTechnology", "Detail": {"industry": ["NonprofitOrganizationManagement", "HigherEducation", "EducationManagement"], "jobFunction": ["Management", "Manufacturing"], "jobType": "Full-time", "level": "Entry level"}, "jobId": "886018658", "location": "Melbourne,AU", "view": "Posted9hoursago"}{"jobTitle": "Bid Administrator", "company": "Serco", "Detail": {"industry": ["FacilitiesServices", "GovernmentAdministration", "HumanResources"], "jobFunction": ["Administrative", "BusinessDevelopment", "Writing"], "jobType": "Full-time", "level": "Mid-Senior level"}, "jobId": "883741054", "location": "Sydney", "view": "49views"}{"jobTitle": "Business Analyst- ERP/e-commerce", "company": "DXSolutions", "Detail": {"industry": ["InformationTechnologyandServices"], "jobFunction": ["InformationTechnology", "Analyst", "Consulting"], "jobType": "Contract", "level": "Associate"}, "jobId": "886439181", "location": "Sydney,NewSouthWales,Australia", "view": "Posted5hoursago"}{"jobTitle": "Site / Project Engineer", "company": "LaingO'Rourke", "Detail": {"industry": ["Construction", "CivilEngineering", "StaffingandRecruiting"], "jobFunction": ["Engineering", "InformationTechnology"], "jobType": "Full-time", "level": "Entry level"}, "jobId": "886406781", "location": "Sydney,AU", "view": "Posted6hoursago"}{"jobTitle": "Local Area Coordinator", "company": "VictorianGovernment", "Detail": {"industry": ["Hospital&amp;HealthCare"], "jobFunction": ["Administrative"], "jobType": "Full-time", "level": "Entry level"}, "jobId": "883646029", "location": "Melbourne,AU", "view": "5views"}{"jobTitle": "End User Computing (EUC) Collaboration Specialist", "company": "icareNSW", "Detail": {"industry": ["Insurance"], "jobFunction": ["InformationTechnology"], "jobType": "Full-time", "level": "Mid-Senior level"}, "jobId": "884931197", "location": "Sydney", "view": "Posted2hoursago"}{"jobTitle": "Water Quality Field Technician", "company": "SouthEastWater", "Detail": {"industry": ["InformationTechnologyandServices", "Utilities", "GovernmentAdministration"], "jobFunction": ["QualityAssurance"], "jobType": "Full-time", "level": "Entry level"}, "jobId": "883733688", "location": "Frankston,AU", "view": "15views"}{"jobTitle": "Practice Innovation Advisor (Systems)", "company": "CenterForDomesticViolence", "Detail": {"industry": ["NonprofitOrganizationManagement", "Civic&amp;SocialOrganization", "GovernmentAdministration"], "jobFunction": ["ProductManagement", "Marketing"], "jobType": "Full-time", "level": "Associate"}, "jobId": "886028553", "location": "Melbourne,AU", "view": "Posted9hoursago"}{"jobTitle": "Supporter Relations Officer (phone)", "company": "TEARAustralia", "Detail": {"industry": ["NonprofitOrganizationManagement", "ReligiousInstitutions", "Civic&amp;SocialOrganization"], "jobFunction": ["Other"], "jobType": "Part-time", "level": "Entry level"}, "jobId": "886006168", "location": "Blackburn,AU", "view": "Posted9hoursago"}{"jobTitle": "Commercial Business Development Manager, QLD", "company": "INGAustralia", "Detail": {"industry": ["Banking", "Insurance", "FinancialServices"], "jobFunction": ["Sales", "BusinessDevelopment"], "jobType": "Full-time", "level": "Mid-Senior level"}, "jobId": "884756192", "location": "Sydney,AU", "view": "Posted7hoursago"}{"jobTitle": "Account Executive", "company": "FujiXeroxAustralia", "Detail": {"industry": ["BusinessSuppliesandEquipment", "InformationTechnologyandServices", "Printing"], "jobFunction": ["BusinessDevelopment", "Consulting", "Sales"], "jobType": "Full-time", "level": "Associate"}, "jobId": "884911823", "location": "NewSouthWales", "view": "Posted2hoursago"}{"jobTitle": "Highett Campus | Room Leader | Nursery Room", "company": "OnlyAboutChildre", "Detail": {"industry": ["Primary/SecondaryEducation", "NonprofitOrganizationManagement", "EducationManagement"], "jobFunction": ["Other"], "jobType": "Full-time", "level": ""}, "jobId": "884932621", "location": "Melbourne,AU", "view": "Posted2hoursago"}