{"jobTitle": "Mailroom Supervisor", "company": "PwCAustralia", "Detail": {"industry": ["ManagementConsulting", "Accounting", "FinancialServices"], "jobFunction": ["Finance", "Administrative"], "jobType": "Full-time", "level": ""}, "jobId": "884794068", "location": "Melbourne,AU", "view": "Posted59minutesago"}{"jobTitle": "Neonatal Intensive Care - Registered Nurses, Melbourne", "company": "MercyHealthAustralia", "Detail": {"industry": ["NonprofitOrganizationManagement", "Health,WellnessandFitness", "Hospital&amp;HealthCare"], "jobFunction": ["HealthCareProvider"], "jobType": "Contract", "level": "Associate"}, "jobId": "884253725", "location": "Melbourne,AU", "view": "5views"}{"jobTitle": "Accounts  and  Admin Officer", "company": "HSD", "Detail": {"industry": ["InformationTechnologyandServices"], "jobFunction": ["Accounting"], "jobType": "Full-time", "level": "Associate"}, "jobId": "883743936", "location": "Level1,296WhitehorseRoad,Nunawading,VIC3131,AU", "view": "201views"}{"jobTitle": "Senior Image and Permissions Researcher", "company": "CengageAustralia", "Detail": {"industry": ["Publishing"], "jobFunction": ["Writing"], "jobType": "Full-time", "level": "Associate"}, "jobId": "883710312", "location": "80DorcasStreetLevel7,SouthMelbourne,VIC3205,AU", "view": "28views"}{"jobTitle": "Project Services Coordinator", "company": "VictorianBuildingAuthority", "Detail": {"industry": ["GovernmentAdministration"], "jobFunction": ["ProjectManagement", "Administrative"], "jobType": "Full-time", "level": "Associate"}, "jobId": "884726625", "location": "737BourkeSt,DocklandsVictoria3008", "view": "Posted9hoursago"}{"jobTitle": "Consultant - Environment and Planning", "company": "Aureco", "Detail": {"industry": ["ManagementConsulting"], "jobFunction": ["Science"], "jobType": "Full-time", "level": "Mid-Senior level"}, "jobId": "886039072", "location": "Melbourne,Victoria,Australia", "view": "Posted6hoursago"}{"jobTitle": "Accounts Receivable Assistant", "company": "Baptcare", "Detail": {"industry": ["Civic&amp;SocialOrganization"], "jobFunction": ["Accounting"], "jobType": "Part-time", "level": "Entry level"}, "jobId": "883640464", "location": "Melbourne,Victoria,Australia", "view": "29views"}{"jobTitle": "Curriculum Manager - National Training", "company": "TeachForAustralia", "Detail": {"industry": ["EducationManagement"], "jobFunction": ["Education", "ProjectManagement", "Training"], "jobType": "Full-time", "level": "Mid-Senior level"}, "jobId": "884535145", "location": "Melbourne,Australia", "view": "67views"}{"jobTitle": "Project Manager - IT Transformation", "company": "Talent", "Detail": {"industry": ["InformationTechnologyandServices"], "jobFunction": ["InformationTechnology"], "jobType": "Contract", "level": "Mid-Senior level"}, "jobId": "884773343", "location": "Melbourne,Australia", "view": "Posted4hoursago"}{"jobTitle": "Field Leader Faults  and  UG \\\\u2013 Geelong", "company": "CitiPowerandPowercor", "Detail": {"industry": ["Utilities"], "jobFunction": ["Distribution", "Management", "Other"], "jobType": "Full-time", "level": "Mid-Senior level"}, "jobId": "884753567", "location": "Geelong,Victoria,Australia", "view": "Posted6hoursago"}{"jobTitle": "Business Support Officer", "company": "TelstraHealth", "Detail": {"industry": ["Hospital&amp;HealthCare"], "jobFunction": ["Administrative"], "jobType": "Contract", "level": "Associate"}, "jobId": "884542104", "location": "Melbourne,Australia", "view": "53views"}{"jobTitle": "Business Analyst - Utilities", "company": "ModisAustralia(formerlyAjilon)", "Detail": {"industry": ["InformationTechnologyandServices"], "jobFunction": ["InformationTechnology"], "jobType": "Contract", "level": "Associate"}, "jobId": "884755881", "location": "Melbourne,Australia", "view": "Posted5hoursago"}{"jobTitle": "Business Planning Manager", "company": "AustraliaPost", "Detail": {"industry": ["MarketingandAdvertising", "Retail", "FinancialServices"], "jobFunction": ["BusinessDevelopment", "Sales"], "jobType": "Full-time", "level": "Mid-Senior level"}, "jobId": "883896733", "location": "Melbourne,AU", "view": "158views"}{"jobTitle": "Team Leader, Advice Services", "company": "CbusSuperFund", "Detail": {"industry": ["FinancialServices", "InvestmentBanking"], "jobFunction": ["Finance", "CustomerService"], "jobType": "Full-time", "level": "Mid-Senior level"}, "jobId": "884742869", "location": "Level282LonsdaleStreet,Melbourne,VIC3000,AU", "view": "Posted1hourago"}{"jobTitle": "People  and  Culture Analyst", "company": "RACV", "Detail": {"industry": ["Automotive", "Hospitality", "Leisure,Travel&amp;Tourism"], "jobFunction": ["HumanResources", "Analyst"], "jobType": "Full-time", "level": "Associate"}, "jobId": "884607154", "location": "485BourkeSt,Melbourne,VIC3000,AU", "view": "Posted20hoursago"}{"jobTitle": "Executive Manager, Program Management", "company": "ESTA(EmergencyServicesTelecommunicationsAuthority)", "Detail": {"industry": ["GovernmentAdministration"], "jobFunction": ["GeneralBusiness", "ProjectManagement", "Management"], "jobType": "Full-time", "level": "Mid-Senior level"}, "jobId": "884597388", "location": "33LakesideDrive,BurwoodEast,VIC3151,AU", "view": "Posted21hoursago"}{"jobTitle": "Cleaning  and  Environmental Services Coordinator", "company": "CrownResorts", "Detail": {"industry": ["Gambling&amp;Casinos"], "jobFunction": ["CustomerService", "Other", "QualityAssurance"], "jobType": "Full-time", "level": "Associate"}, "jobId": "883709191", "location": "Melbourne", "view": "36views"}{"jobTitle": "Facility Manager", "company": "Mirvac", "Detail": {"industry": ["CommercialRealEstate", "FacilitiesServices", "RealEstate"], "jobFunction": ["Administrative", "CustomerService", "Other"], "jobType": "Full-time", "level": ""}, "jobId": "884761809", "location": "RiversideQuay", "view": "Posted5hoursago"}{"jobTitle": "Product Managers/Designers", "company": "MEBank", "Detail": {"industry": ["Banking", "FinancialServices", "MarketingandAdvertising"], "jobFunction": ["Marketing", "ProductManagement", "Strategy"], "jobType": "Full-time", "level": "Associate"}, "jobId": "884758266", "location": "Melbourne,Australia", "view": "Posted5hoursago"}{"jobTitle": "Research Consultant", "company": "CSIRO", "Detail": {"industry": ["Research"], "jobFunction": ["Research", "Science"], "jobType": "Contract", "level": "Associate"}, "jobId": "884790698", "location": "Clayton,Victoria,Australia", "view": "Posted1hourago"}{"jobTitle": "Lead Solar", "company": "WSPinAustralia and NewZealand", "Detail": {"industry": ["Construction", "CivilEngineering", "MechanicalorIndustrialEngineering"], "jobFunction": ["Other"], "jobType": "Full-time", "level": "Associate"}, "jobId": "884622907", "location": "Melbourne,AU", "view": "Posted19hoursago"}{"jobTitle": "Product Manager", "company": "CSG:TheGlobalTalentExperts", "Detail": {"industry": ["Electrical/ElectronicManufacturing", "InformationTechnologyandServices", "MarketingandAdvertising"], "jobFunction": ["Engineering", "InformationTechnology", "Marketing"], "jobType": "Full-time", "level": "Entry level"}, "jobId": "884755069", "location": "Melbourne,Australia", "view": "Posted6hoursago"}{"jobTitle": "Manager, Project Management Framework", "company": "AGLEnergy", "Detail": {"industry": ["MechanicalorIndustrialEngineering"], "jobFunction": ["ProjectManagement"], "jobType": "Full-time", "level": "Mid-Senior level"}, "jobId": "884286707", "location": "MelbourneCBD,Melbourne,Australia", "view": "168views"}{"jobTitle": "SEO Graduate - Entry Level (Digital)", "company": "InnovateOnline", "Detail": {"industry": ["MarketingandAdvertising"], "jobFunction": ["Marketing"], "jobType": "Full-time", "level": "Entry level"}, "jobId": "883704705", "location": "Melbourne,Australia", "view": "79views"}{"jobTitle": "Manager Stakeholder Engagement and Communications", "company": "WorkSafeVictoria", "Detail": {"industry": ["GovernmentRelations"], "jobFunction": ["Other"], "jobType": "Contract", "level": "Mid-Senior level"}, "jobId": "883724861", "location": "Geelong", "view": "206views"}