{"jobTitle": "Senior Digital Designer", "company": "OriginEnergy", "Detail": {"industry": ["Mining&amp;Metals", "Oil&amp;Energy"], "jobFunction": ["Marketing"], "jobType": "Full-time", "level": ""}, "jobId": "884795260", "location": "Melbourne,AU", "view": "Posted53minutesago"}{"jobTitle": "Business Development Manager - Corporate", "company": "FujiXeroxAustralia", "Detail": {"industry": ["BusinessSuppliesandEquipment", "InformationTechnologyandServices", "Printing"], "jobFunction": ["BusinessDevelopment", "InformationTechnology", "Sales"], "jobType": "Full-time", "level": "Mid-Senior level"}, "jobId": "884908630", "location": "Victoria", "view": "Posted13minutesago"}{"jobTitle": "MDI Inventory Demand Analyst", "company": "PACCARAustralia", "Detail": {"industry": ["Automotive", "LogisticsandSupplyChain", "Transportation/Trucking/Railroad"], "jobFunction": ["Analyst", "SupplyChain"], "jobType": "Full-time", "level": "Associate"}, "jobId": "884745034", "location": "64CanterburyRd,BayswaterNorthVictoria3153", "view": "Posted7hoursago"}{"jobTitle": "Program Manager - UO Applications", "company": "RMITUniversity", "Detail": {"industry": ["HigherEducation"], "jobFunction": ["ProjectManagement", "InformationTechnology"], "jobType": "Full-time", "level": ""}, "jobId": "884793981", "location": "Melbourne,AU", "view": "Posted52minutesago"}{"jobTitle": "Mid-Level Full-Stack PHP Developer (Laravel)", "company": "Peoplebank", "Detail": {"industry": ["InformationTechnologyandServices", "ComputerNetworking", "Computer&amp;NetworkSecurity"], "jobFunction": ["Engineering", "InformationTechnology"], "jobType": "Full-time", "level": "Associate"}, "jobId": "884690021", "location": "Melbourne,AU", "view": "Posted13hoursago"}{"jobTitle": "Business Analysts", "company": "TerraFirmaBusinessConsulting", "Detail": {"industry": ["ManagementConsulting"], "jobFunction": ["Consulting"], "jobType": "Full-time", "level": "Mid-Senior level"}, "jobId": "883722939", "location": "Melbourne,Victoria,Australia", "view": "113views"}{"jobTitle": "Account Manager", "company": "TheBrandAgency", "Detail": {"industry": ["MarketingandAdvertising"], "jobFunction": ["BusinessDevelopment", "Advertising", "ProjectManagement"], "jobType": "Full-time", "level": "Mid-Senior level"}, "jobId": "884759997", "location": "Melbourne,Australia", "view": "Posted5hoursago"}{"jobTitle": "Donor Relations Manager", "company": "UniversityofMelbourne", "Detail": {"industry": ["HigherEducation", "Fund-Raising"], "jobFunction": ["Education"], "jobType": "Full-time", "level": "Mid-Senior level"}, "jobId": "884160505", "location": "Parkville,Melbourne,VIC3010,AU", "view": "28views"}{"jobTitle": "Sales and Relationship Manager", "company": "GuildGroup", "Detail": {"industry": ["Insurance"], "jobFunction": ["BusinessDevelopment"], "jobType": "Full-time", "level": "Mid-Senior level"}, "jobId": "883737289", "location": "Melbourne,Australia", "view": "92views"}{"jobTitle": "Administration and Reception", "company": "McArthur", "Detail": {"industry": ["NonprofitOrganizationManagement", "StaffingandRecruiting", "Hospital&amp;HealthCare"], "jobFunction": ["Administrative"], "jobType": "Full-time", "level": "Associate"}, "jobId": "886480400", "location": "Melbourne,AU", "view": "Posted3hoursago"}{"jobTitle": "Junior Front End Developer", "company": "PrimeMotive", "Detail": {"industry": ["Design", "Internet"], "jobFunction": ["InformationTechnology", "Design"], "jobType": "Full-time", "level": "Entry level"}, "jobId": "884755601", "location": "Melbourne,Australia", "view": "Posted5hoursago"}{"jobTitle": "Recruitment Coordinator", "company": "IndependenceAustralia", "Detail": {"industry": ["Hospital&amp;HealthCare", "NonprofitOrganizationManagement"], "jobFunction": ["HealthCareProvider", "Administrative", "HumanResources"], "jobType": "Full-time", "level": "Associate"}, "jobId": "883710190", "location": "Building19AshleyStreet,WestFootscray,VIC3012,AU", "view": "170views"}{"jobTitle": "Scientific Mechanical, Electronic  and  Microelectronic Engineers", "company": "DefenceScienceandTechnologyGroup", "Detail": {"industry": ["Defense&amp;Space"], "jobFunction": ["Science", "Engineering"], "jobType": "Full-time", "level": "Executive"}, "jobId": "884726411", "location": "FishermansBend,Victoria,Australia", "view": "Posted9hoursago"}{"jobTitle": "Audio Visual Systems Engineer", "company": "MelbourneConventionandExhibitionCentre", "Detail": {"industry": ["EventsServices", "Entertainment", "MediaProduction"], "jobFunction": ["CustomerService", "Production", "Engineering"], "jobType": "Full-time", "level": "Associate"}, "jobId": "884747946", "location": "1ConventionCentrePlace,SouthWharf,VIC3006,AU", "view": "Posted6hoursago"}{"jobTitle": "Business Design and Planning Officer", "company": "CityofWhittlesea", "Detail": {"industry": ["NonprofitOrganizationManagement", "GovernmentAdministration", "Hospital&amp;HealthCare"], "jobFunction": ["Management", "Manufacturing"], "jobType": "Full-time", "level": "Entry level"}, "jobId": "884721927", "location": "Melbourne,AU", "view": "Posted9hoursago"}{"jobTitle": "Associate", "company": "GrayPuksand", "Detail": {"industry": ["Architecture&amp;Planning", "Design", "Construction"], "jobFunction": ["Design", "ProjectManagement", "Art"], "jobType": "Full-time", "level": "Mid-Senior level"}, "jobId": "886457924", "location": "Melbourne,Australia", "view": "Posted3hoursago"}{"jobTitle": "Graphic Designer", "company": "CreativeRecruiters", "Detail": {"industry": ["MarketingandAdvertising", "Design", "GraphicDesign"], "jobFunction": ["Art", "Marketing", "Advertising"], "jobType": "Contract", "level": "Mid-Senior level"}, "jobId": "884753558", "location": "Melbourne,Australia", "view": "Posted6hoursago"}{"jobTitle": "Product Marketing Manager", "company": "AshdownPeople", "Detail": {"industry": ["MarketingandAdvertising"], "jobFunction": ["Marketing", "Sales"], "jobType": "Full-time", "level": "Mid-Senior level"}, "jobId": "886477720", "location": "Melbourne,AU", "view": "Posted3hoursago"}{"jobTitle": "Community and Cultural Development Officer", "company": "cohealth", "Detail": {"industry": ["Health,WellnessandFitness"], "jobFunction": ["Art"], "jobType": "Part-time", "level": "Mid-Senior level"}, "jobId": "886029296", "location": "Footscray,Victoria,Australia", "view": "Posted6hoursago"}{"jobTitle": "HRIS Business Analyst", "company": "EndeavourFoundatio", "Detail": {"industry": ["NonprofitOrganizationManagement", "FinancialServices", "Hospital&amp;HealthCare"], "jobFunction": ["HumanResources"], "jobType": "Part-time", "level": "Associate"}, "jobId": "883718807", "location": "Bayside,AU", "view": "77views"}{"jobTitle": "ICT Project Manager", "company": "WiproLimited", "Detail": {"industry": ["Banking"], "jobFunction": ["InformationTechnology", "Finance"], "jobType": "Full-time", "level": "Mid-Senior level"}, "jobId": "886439608", "location": "Melbourne,Australia", "view": "Posted3hoursago"}{"jobTitle": "IT Governance  and  Assurance Manager", "company": "CityWestWater", "Detail": {"industry": ["Insurance", "GovernmentAdministration", "FinancialServices"], "jobFunction": ["InformationTechnology"], "jobType": "Full-time", "level": "Associate"}, "jobId": "883826062", "location": "Melbourne,AU", "view": "154views"}{"jobTitle": "Assistant Project Manager", "company": "Unispace", "Detail": {"industry": ["Architecture&amp;Planning", "Design", "Construction"], "jobFunction": ["ProjectManagement", "Strategy", "Administrative"], "jobType": "Full-time", "level": "Associate"}, "jobId": "884726930", "location": "Melbourne,Victoria,Australia", "view": "Posted9hoursago"}{"jobTitle": "Strategic Partnerships Manager", "company": "Xero", "Detail": {"industry": ["InformationTechnologyandServices", "Accounting"], "jobFunction": ["Strategy", "Sales", "BusinessDevelopment"], "jobType": "Full-time", "level": "Associate"}, "jobId": "884747641", "location": "Melbourne,Australia", "view": "Posted6hoursago"}{"jobTitle": "Casual Language Educators", "company": "RMITTraining", "Detail": {"industry": ["EducationManagement"], "jobFunction": ["Education"], "jobType": "Contract", "level": "Entry level"}, "jobId": "884747621", "location": "Melbourne,Victoria,Australia", "view": "Posted6hoursago"}