{"jobTitle": "Sales Support Coordinator", "company": "Medibank", "Detail": {"industry": ["Hospital&amp;HealthCare", "Insurance", "FinancialServices"], "jobFunction": ["Administrative", "CustomerService", "HealthCareProvider"], "jobType": "Full-time", "level": "Associate"}, "jobId": "883710301", "location": "Sydney,NewSouthWales,Australia", "view": "100views"}{"jobTitle": "PR Manager", "company": "THEICONIC", "Detail": {"industry": ["Retail", "MarketingandAdvertising", "PublicRelationsandCommunications"], "jobFunction": ["PublicRelations", "Advertising", "Marketing"], "jobType": "Full-time", "level": "Mid-Senior level"}, "jobId": "886088646", "location": "Sydney,NewSouthWales,Australia", "view": "Posted8hoursago"}{"jobTitle": "Primary Languages Teacher (Japanese)", "company": "WilliamClarkeCollege", "Detail": {"industry": ["Primary/SecondaryEducation"], "jobFunction": ["Education"], "jobType": "Temporary", "level": "Associate"}, "jobId": "886455764", "location": "1MorrisGrove,Kellyville,NSW2155,AU", "view": "Posted5hoursago"}{"jobTitle": "Sales Specialist", "company": "TotalTools", "Detail": {"industry": ["StaffingandRecruiting", "ConsumerGoods", "Retail"], "jobFunction": ["Sales", "BusinessDevelopment"], "jobType": "Full-time", "level": "Entry level"}, "jobId": "886019333", "location": "Maidstone,AU", "view": "Posted9hoursago"}{"jobTitle": "Research Scientist - Energy and Economic Modelling", "company": "CSIRO", "Detail": {"industry": ["Research"], "jobFunction": ["Research", "Science"], "jobType": "Full-time", "level": "Mid-Senior level"}, "jobId": "884757361", "location": "Newcastle,NewSouthWales,Australia", "view": "Posted8hoursago"}{"jobTitle": "Senior Managed Operating Environment Developer", "company": "Programmed", "Detail": {"industry": ["InformationTechnologyandServices"], "jobFunction": ["InformationTechnology"], "jobType": "Contract", "level": "Mid-Senior level"}, "jobId": "884903680", "location": "Canberra,AustralianCapitalTerritory,Australia", "view": "Posted3hoursago"}{"jobTitle": "Product Manager - Loyalty", "company": "AmadeusITPacific", "Detail": {"industry": ["InformationTechnologyandServices"], "jobFunction": ["InformationTechnology"], "jobType": "Full-time", "level": "Mid-Senior level"}, "jobId": "883686999", "location": "L7,180Thomasst,Haymarket,NSW2000,AU", "view": "78views"}{"jobTitle": "Warehouse Team Member", "company": "TheGoodGuys", "Detail": {"industry": ["Retail", "ConsumerGoods", "ConsumerElectronics"], "jobFunction": ["CustomerService", "Administrative"], "jobType": "Full-time", "level": "Entry level"}, "jobId": "884539113", "location": "MoorePark,NewSouthWales,Australia", "view": "17views"}{"jobTitle": "Structures Technical Officer (Graduate Aircraft Engineer)", "company": "VirginAustralia", "Detail": {"industry": ["Airlines/Aviation", "Aviation&amp;Aerospace", "Leisure,Travel&amp;Tourism"], "jobFunction": ["Engineering", "InformationTechnology"], "jobType": "Temporary", "level": ""}, "jobId": "884572641", "location": "Brisbane,AU", "view": "44views"}{"jobTitle": "Triple Zero Emergency Call-Takers - Police", "company": "ESTA(EmergencyServicesTelecommunicationsAuthority)", "Detail": {"industry": ["NonprofitOrganizationManagement", "GovernmentAdministration", "Hospital&amp;HealthCare"], "jobFunction": ["Other", "InformationTechnology", "Management"], "jobType": "Full-time", "level": "Entry level"}, "jobId": "886000507", "location": "WilliamsLanding,AU", "view": "Posted9hoursago"}{"jobTitle": "Sheet Metal Worker - Hornsby", "company": "DesignandConstruct", "Detail": {"industry": ["Construction", "CivilEngineering"], "jobFunction": ["Management", "Manufacturing"], "jobType": "Full-time", "level": ""}, "jobId": "883738839", "location": "Sydney,AU", "view": "13views"}{"jobTitle": "Marketing Projects Intern", "company": "ShopBack", "Detail": {"industry": ["InformationTechnologyandServices", "Internet", "ConsumerServices"], "jobFunction": ["BusinessDevelopment", "Marketing", "Strategy"], "jobType": "Internship", "level": "Internship"}, "jobId": "883686895", "location": "Sydney,NewSouthWales,Australia", "view": "159views"}{"jobTitle": "Database Administrator", "company": "EagnaConsulting", "Detail": {"industry": ["ComputerSoftware", "InformationTechnologyandServices"], "jobFunction": ["InformationTechnology", "Consulting", "Other"], "jobType": "Full-time", "level": "Mid-Senior level"}, "jobId": "884920097", "location": "Canberra,Australia", "view": "Posted2hoursago"}{"jobTitle": "Manager, Quality Assurance Advice Audit", "company": "AMP", "Detail": {"industry": ["FinancialServices", "Banking"], "jobFunction": ["Management", "QualityAssurance"], "jobType": "Full-time", "level": "Associate"}, "jobId": "884930293", "location": "Various", "view": "Posted2hoursago"}{"jobTitle": "Head Of Business Development", "company": "PhillipRiley:RenewableEnergyRecruitment,Consulting and Contracting", "Detail": {"industry": ["Renewables&amp;Environment", "Oil&amp;Energy", "InvestmentManagement"], "jobFunction": ["BusinessDevelopment", "Finance"], "jobType": "Full-time", "level": "Mid-Senior level"}, "jobId": "886713835", "location": "Sydney,NewSouthWales,Australia", "view": "Posted4hoursago"}{"jobTitle": "Client Implementation Executive", "company": "NOVAEntertainment", "Detail": {"industry": ["MarketingandAdvertising", "OnlineMedia", "Entertainment"], "jobFunction": ["BusinessDevelopment", "Sales"], "jobType": "Full-time", "level": "Associate"}, "jobId": "884755201", "location": "Sydney,AU", "view": "Posted8hoursago"}{"jobTitle": "Employment Consultant - Launceston", "company": "JoblifeEmployment", "Detail": {"industry": ["HumanResources", "Civic&amp;SocialOrganization"], "jobFunction": ["CustomerService", "Administrative", "HumanResources"], "jobType": "Full-time", "level": "Mid-Senior level"}, "jobId": "885803271", "location": "Launceston,Tasmania,Australia", "view": "Posted11hoursago"}{"jobTitle": "Principal Social Worker", "company": "DepartmentforChildProtection,SouthAustralia", "Detail": {"industry": ["NonprofitOrganizationManagement", "GovernmentAdministration", "Hospital&amp;HealthCare"], "jobFunction": ["Other"], "jobType": "Full-time", "level": "Entry level"}, "jobId": "884215627", "location": "Adelaide,AU", "view": "6views"}{"jobTitle": "AngularJS Developer", "company": "DialogInformationTechnology", "Detail": {"industry": ["InformationTechnologyandServices", "ComputerSoftware", "ManagementConsulting"], "jobFunction": ["Engineering", "InformationTechnology"], "jobType": "Full-time", "level": "Entry level"}, "jobId": "885552244", "location": "Melbourne,AU", "view": "Posted13hoursago"}{"jobTitle": "Business Services Administrator", "company": "QinetiQ", "Detail": {"industry": ["Defense&amp;Space"], "jobFunction": ["ProjectManagement", "InformationTechnology"], "jobType": "Full-time", "level": ""}, "jobId": "884729486", "location": "Helensburgh,AU", "view": "Posted11hoursago"}{"jobTitle": "Digital Producer", "company": "AustralianBroadcastingCorporation(ABC)", "Detail": {"industry": ["BroadcastMedia"], "jobFunction": ["Writing"], "jobType": "Full-time", "level": ""}, "jobId": "884952102", "location": "Sydney,AU", "view": "Posted1hourago"}{"jobTitle": "Business Partner/Advisor - People Operations", "company": "cohealth", "Detail": {"industry": ["NonprofitOrganizationManagement", "GovernmentAdministration", "Hospital&amp;HealthCare"], "jobFunction": ["Consulting", "InformationTechnology", "Sales"], "jobType": "Contract", "level": "Mid-Senior level"}, "jobId": "886010548", "location": "Melbourne,AU", "view": "Posted9hoursago"}{"jobTitle": "SQL Developer", "company": "RobertHalf", "Detail": {"industry": ["InformationTechnologyandServices", "StaffingandRecruiting", "FinancialServices"], "jobFunction": ["InformationTechnology"], "jobType": "Full-time", "level": "Entry level"}, "jobId": "886453919", "location": "Melbourne,AU", "view": "Posted5hoursago"}{"jobTitle": "NDIS Local Area Coordinator - Queanbeyan", "company": "Uniting", "Detail": {"industry": ["Hospital&amp;HealthCare", "NonprofitOrganizationManagement"], "jobFunction": ["Administrative"], "jobType": "Full-time", "level": ""}, "jobId": "883739902", "location": "Queanbeyan,AU", "view": "14views"}{"jobTitle": "Assistant Director", "company": "GoodstartEarlyLearning", "Detail": {"industry": ["NonprofitOrganizationManagement", "EducationManagement", "StaffingandRecruiting"], "jobFunction": ["BusinessDevelopment", "Sales"], "jobType": "Full-time", "level": "Associate"}, "jobId": "884964787", "location": "Melbourne,AU", "view": "Posted16minutesago"}