{"jobTitle": "Digital Price Modelling Analyst", "company": "CorrelateResources", "Detail": {"industry": ["Banking", "FinancialServices", "ManagementConsulting"], "jobFunction": ["Analyst", "InformationTechnology", "Strategy"], "jobType": "Full-time", "level": "Mid-Senior level"}, "jobId": "883768078", "location": "Sydney,Australia", "view": "64views"}{"jobTitle": "Premier Support Engineer", "company": "Atlassia", "Detail": {"industry": ["InformationTechnologyandServices", "ComputerSoftware", "Internet"], "jobFunction": ["InformationTechnology"], "jobType": "Full-time", "level": "Mid-Senior level"}, "jobId": "884636587", "location": "Sydney,AU", "view": "Posted19hoursago"}{"jobTitle": "Litigation Associate", "company": "Allen and Overy", "Detail": {"industry": ["LawPractice", "LegalServices"], "jobFunction": ["Legal"], "jobType": "Full-time", "level": "Associate"}, "jobId": "884171849", "location": "Sydney,Australia", "view": "57views"}{"jobTitle": "Testing  and  Commissioning Manager", "company": "UGL", "Detail": {"industry": ["Construction", "StaffingandRecruiting", "Oil&amp;Energy"], "jobFunction": ["Engineering", "InformationTechnology"], "jobType": "Full-time", "level": "Associate"}, "jobId": "884755278", "location": "CityofParramatta,AU", "view": "Posted7hoursago"}{"jobTitle": "Management Consultant - IT Strategy  and  Application Architecture", "company": "OceansGroupSearch and Selectio", "Detail": {"industry": ["ManagementConsulting"], "jobFunction": ["Consulting"], "jobType": "Full-time", "level": "Mid-Senior level"}, "jobId": "884178803", "location": "SydneyCBD,Sydney,Australia", "view": "41views"}{"jobTitle": "Area Manager - Victoria", "company": "ALDIStoresAustralia", "Detail": {"industry": ["StaffingandRecruiting", "ConsumerGoods", "Retail"], "jobFunction": ["Sales", "BusinessDevelopment"], "jobType": "Full-time", "level": "Mid-Senior level"}, "jobId": "885551870", "location": "Derrimut,AU", "view": "Posted12hoursago"}{"jobTitle": "Development Manager, Sydney", "company": "PropertyRecruitmentAustralia", "Detail": {"industry": ["RealEstate", "CommercialRealEstate"], "jobFunction": ["Other", "ProjectManagement"], "jobType": "Full-time", "level": "Mid-Senior level"}, "jobId": "886721059", "location": "Sydney,Australia", "view": "Posted3hoursago"}{"jobTitle": "Broker Support Manager - NSW", "company": "Bankwest", "Detail": {"industry": ["Banking", "FinancialServices"], "jobFunction": ["BusinessDevelopment"], "jobType": "Full-time", "level": ""}, "jobId": "884751941", "location": "Sydney,AU", "view": "Posted8hoursago"}{"jobTitle": "Indigenous Student Success and Support Officer", "company": "UniversityofSouthernQueensland", "Detail": {"industry": ["HigherEducation", "InformationServices", "ProfessionalTraining&amp;Coaching"], "jobFunction": ["Education", "CustomerService", "Other"], "jobType": "Full-time", "level": "Entry level"}, "jobId": "886711151", "location": "Toowoomba,Queensland,Australia", "view": "Posted4hoursago"}{"jobTitle": "English Teacher - Teach English in China", "company": "EFEnglishFirst", "Detail": {"industry": ["HumanResources"], "jobFunction": ["Education", "Training"], "jobType": "Full-time", "level": "Entry level"}, "jobId": "886466267", "location": "Melbourne,AU", "view": "Posted5hoursago"}{"jobTitle": "Assistant Accountant", "company": "SuzanneGrae", "Detail": {"industry": ["Apparel&amp;Fashion", "Retail", "LuxuryGoods&amp;Jewelry"], "jobFunction": ["Accounting", "Finance"], "jobType": "Full-time", "level": "Entry level"}, "jobId": "885550911", "location": "Melbourne,AU", "view": "Posted12hoursago"}{"jobTitle": "Chiropractor", "company": "ProvolutionHealth", "Detail": {"industry": ["Health,WellnessandFitness", "AlternativeMedicine", "MedicalPractice"], "jobFunction": ["Other", "ProjectManagement", "HealthCareProvider"], "jobType": "Full-time", "level": "Associate"}, "jobId": "883635875", "location": "Queanbeyan,NewSouthWales,Australia", "view": "5views"}{"jobTitle": "Executive Assistant", "company": "BridgeITEngineering", "Detail": {"industry": ["InformationTechnologyandServices"], "jobFunction": ["Administrative", "GeneralBusiness"], "jobType": "Full-time", "level": "Mid-Senior level"}, "jobId": "884318457", "location": "Canberra,Australia", "view": "Posted23hoursago"}{"jobTitle": "Philanthropy Coordinator", "company": "SydneySymphonyOrchestra", "Detail": {"industry": ["Entertainment", "PerformingArts", "Fund-Raising"], "jobFunction": ["Art", "Administrative", "CustomerService"], "jobType": "Full-time", "level": "Entry level"}, "jobId": "884256325", "location": "CircularQuay,Sydney,NSW2000,AU", "view": "29views"}{"jobTitle": "Business Analyst - MS Online Project", "company": "DFPRecruitment", "Detail": {"industry": ["StaffingandRecruiting", "GovernmentAdministration", "FinancialServices"], "jobFunction": ["BusinessDevelopment", "Sales"], "jobType": "Full-time", "level": "Associate"}, "jobId": "885448873", "location": "Melbourne,AU", "view": "Posted14hoursago"}{"jobTitle": "Junior Digital Producer", "company": "FBITALENTCO.", "Detail": {"industry": ["StaffingandRecruiting", "MarketingandAdvertising"], "jobFunction": ["Art", "Design", "Advertising"], "jobType": "Full-time", "level": "Associate"}, "jobId": "884736313", "location": "63-65FitzroyStreet,SurryHills,NSW2010,AU", "view": "Posted9hoursago"}{"jobTitle": "Account Manager - Quarries", "company": "Boral", "Detail": {"industry": ["Construction", "Mining&amp;Metals"], "jobFunction": ["Sales", "BusinessDevelopment"], "jobType": "Full-time", "level": "Mid-Senior level"}, "jobId": "884193149", "location": "Wollongong,NewSouthWales,Australia", "view": "44views"}{"jobTitle": "Travel BDM", "company": "C and MTravelRecruitment", "Detail": {"industry": ["StaffingandRecruiting", "Leisure,Travel&amp;Tourism", "Hospitality"], "jobFunction": ["Sales", "BusinessDevelopment"], "jobType": "Full-time", "level": "Associate"}, "jobId": "886319259", "location": "Melbourne,AU", "view": "Posted7hoursago"}{"jobTitle": "Experienced FOH / All rounder / Barista", "company": "LightYearsInc", "Detail": {"industry": ["Food&amp;Beverages", "StaffingandRecruiting", "Accounting"], "jobFunction": ["Management", "Manufacturing"], "jobType": "Full-time", "level": "Entry level"}, "jobId": "886001597", "location": "HawthornEast,AU", "view": "Posted9hoursago"}{"jobTitle": "Advertising  and  Partnerships Account Manager", "company": "PedestrianGroupPtyLtd-Pedestrian.TV", "Detail": {"industry": ["MarketingandAdvertising", "OnlineMedia", "MediaProduction"], "jobFunction": ["BusinessDevelopment", "Sales"], "jobType": "Full-time", "level": "Associate"}, "jobId": "886001213", "location": "Melbourne,AU", "view": "Posted9hoursago"}{"jobTitle": "Advocate - Conduct  and  Discipline", "company": "CharteredAccountantsAustraliaandNewZealand", "Detail": {"industry": ["LegalServices", "LawEnforcement", "LawPractice"], "jobFunction": ["Legal", "Accounting", "Other"], "jobType": "Part-time", "level": "Mid-Senior level"}, "jobId": "884773325", "location": "Sydney", "view": "Posted6hoursago"}{"jobTitle": "Allied Health Practitioner - Speech Pathologist, Occupational Therapist, Physiotherapist or Psychologist", "company": "WindermereGroupLLC", "Detail": {"industry": ["NonprofitOrganizationManagement", "EducationManagement", "Individual&amp;FamilyServices"], "jobFunction": ["HealthCareProvider"], "jobType": "Part-time", "level": "Associate"}, "jobId": "886029693", "location": "Harkaway,AU", "view": "Posted8hoursago"}{"jobTitle": "Hospital Sales Representative: Special Projects: Melbourne", "company": "AscottSalesIntegratio", "Detail": {"industry": ["StaffingandRecruiting", "Hospital&amp;HealthCare", "Pharmaceuticals"], "jobFunction": ["Sales", "BusinessDevelopment"], "jobType": "Full-time", "level": "Entry level"}, "jobId": "885559133", "location": "Melbourne,AU", "view": "Posted12hoursago"}{"jobTitle": "Retail Sales Assistant x3", "company": "RoyalBotanicGardensVictoria", "Detail": {"industry": ["NonprofitOrganizationManagement", "Research", "GovernmentAdministration"], "jobFunction": ["Sales", "BusinessDevelopment"], "jobType": "Part-time", "level": "Entry level"}, "jobId": "884514749", "location": "Melbourne,AU", "view": "11views"}{"jobTitle": "Credit Analyst", "company": "PACCARAustralia", "Detail": {"industry": ["Automotive", "CapitalMarkets", "FinancialServices"], "jobFunction": ["Management", "Finance", "Legal"], "jobType": "Full-time", "level": "Mid-Senior level"}, "jobId": "884101889", "location": "64CanterburyRd,BayswaterNorthVictoria3153", "view": "Posted9hoursago"}