{"jobTitle": "Business Process and Automation Practice Lead", "company": "MomentumSearchandSelectio", "Detail": {"industry": ["Utilities", "Oil&amp;Energy", "InformationTechnologyandServices"], "jobFunction": ["ProjectManagement", "Consulting", "Management"], "jobType": "Contract", "level": "Mid-Senior level"}, "jobId": "883829854", "location": "Melbourne,Australia", "view": "102views"}{"jobTitle": "Health and Wellness Team Leader", "company": "MitchellShireCouncil", "Detail": {"industry": ["NonprofitOrganizationManagement", "GovernmentAdministration", "Health,WellnessandFitness"], "jobFunction": ["InformationTechnology"], "jobType": "Full-time", "level": "Associate"}, "jobId": "884062254", "location": "Melbourne,AU", "view": "36views"}{"jobTitle": "Commercial Manager", "company": "TheGPTGroup", "Detail": {"industry": ["CommercialRealEstate"], "jobFunction": ["Management"], "jobType": "Full-time", "level": "Executive"}, "jobId": "883718345", "location": "Melbourne", "view": "252views"}{"jobTitle": "Operations Coordinator", "company": "FrasersPropertyAustralia", "Detail": {"industry": ["CommercialRealEstate", "RealEstate"], "jobFunction": ["Other"], "jobType": "Full-time", "level": "Associate"}, "jobId": "884111176", "location": "Melbourne,Australia", "view": "46views"}{"jobTitle": "Insurance Broker", "company": "Porteralle", "Detail": {"industry": ["Banking", "Insurance", "FinancialServices"], "jobFunction": ["Sales", "BusinessDevelopment"], "jobType": "Contract", "level": "Associate"}, "jobId": "884003244", "location": "SaintLeonards,AU", "view": "15views"}{"jobTitle": "Sales co-ordinator", "company": "", "Detail": {"industry": ["ImportandExport", "ConsumerGoods", "Retail"], "jobFunction": ["Administrative", "Analyst", "Strategy"], "jobType": "Full-time", "level": "Entry level"}, "jobId": "884938212", "location": "Melbourne,Australia", "view": "Posted19minutesago"}{"jobTitle": "Heritage Assessments Support Officer", "company": "DepartmentofEnvironment,Land,WaterandPlanning", "Detail": {"industry": ["GovernmentAdministration"], "jobFunction": ["Management", "ProjectManagement"], "jobType": "Full-time", "level": "Associate"}, "jobId": "883819387", "location": "8NicholsonSt,EastMelbourne,VIC3002,AU", "view": "32views"}{"jobTitle": "SENIOR BDM / ACCOUNT MANAGER - BANKING / FINANCE - $125K Base + S OTE $200K+", "company": "StreamConsultingGroup", "Detail": {"industry": ["ComputerSoftware", "InformationTechnologyandServices", "InformationServices"], "jobFunction": ["Sales", "BusinessDevelopment"], "jobType": "Full-time", "level": "Mid-Senior level"}, "jobId": "883736114", "location": "Melbourne,Australia", "view": "46views"}{"jobTitle": "Property Manager", "company": "RealEstateCareerDevelopers", "Detail": {"industry": ["RealEstate"], "jobFunction": ["Administrative", "CustomerService", "Sales"], "jobType": "Full-time", "level": "Mid-Senior level"}, "jobId": "883766779", "location": "Melbourne,Australia", "view": "20views"}{"jobTitle": "Program Co-ordinator", "company": "SydneyFilmFestival", "Detail": {"industry": ["Entertainment", "MotionPicturesandFilm", "Package/FreightDelivery"], "jobFunction": ["Distribution", "Production", "Administrative"], "jobType": "Contract", "level": "Associate"}, "jobId": "883734914", "location": "Sydney,Australia", "view": "189views"}{"jobTitle": "Senior Category Manager", "company": "Goulburn-MurrayWater", "Detail": {"industry": ["Utilities", "Retail", "ConsumerGoods"], "jobFunction": ["Strategy", "Management", "Marketing"], "jobType": "Full-time", "level": "Mid-Senior level"}, "jobId": "886473777", "location": "Shepparton,Victoria,Australia", "view": "Posted3hoursago"}{"jobTitle": "Assistant VFLW Coach", "company": "RichmondFootballClub", "Detail": {"industry": ["MarketingandAdvertising", "NonprofitOrganizationManagement", "Retail"], "jobFunction": ["Other"], "jobType": "Full-time", "level": "Entry level"}, "jobId": "886010667", "location": "Burnley,AU", "view": "Posted8hoursago"}{"jobTitle": "Senior National Sales Manager", "company": "AudiAustralia", "Detail": {"industry": ["Automotive"], "jobFunction": ["Manufacturing", "Sales"], "jobType": "Full-time", "level": "Mid-Senior level"}, "jobId": "884557989", "location": "Sydney,NewSouthWales,Australia", "view": "197views"}{"jobTitle": "Digital Content and Distribution Lead (Full time, Fixed-term)", "company": "MuseumsVictoria", "Detail": {"industry": ["NonprofitOrganizationManagement", "MuseumsandInstitutions", "GovernmentAdministration"], "jobFunction": ["Design", "Art", "InformationTechnology"], "jobType": "Full-time", "level": "Entry level"}, "jobId": "883726888", "location": "Melbourne,AU", "view": "82views"}{"jobTitle": "Senior Project Officer", "company": "DepartmentforChildProtection,SouthAustralia", "Detail": {"industry": ["NonprofitOrganizationManagement", "GovernmentAdministration", "Hospital&amp;HealthCare"], "jobFunction": ["Other"], "jobType": "Full-time", "level": "Associate"}, "jobId": "884217642", "location": "Adelaide,AU", "view": "5views"}{"jobTitle": "Director, Workforce Development", "company": "UniversityofSydney", "Detail": {"industry": ["HigherEducation", "HumanResources", "GovernmentAdministration"], "jobFunction": ["Education", "HumanResources"], "jobType": "Full-time", "level": "Director"}, "jobId": "884755856", "location": "Camperdown/Darlington,TheUniversityofSydney,NSW2006,AU", "view": "Posted6hoursago"}{"jobTitle": "Senior Business Analyst", "company": "ProjectsAssured", "Detail": {"industry": ["ManagementConsulting"], "jobFunction": ["Consulting"], "jobType": "Full-time", "level": "Mid-Senior level"}, "jobId": "883708102", "location": "GroundFloor33TorrensSt,Canberra,ACT2612,AU", "view": "56views"}{"jobTitle": "Director of Nursing and Midwifery Women's and Children's Services", "company": "BendigoHealth", "Detail": {"industry": ["Health,WellnessandFitness", "MedicalPractice", "Hospital&amp;HealthCare"], "jobFunction": ["HealthCareProvider"], "jobType": "Full-time", "level": "Director"}, "jobId": "884754341", "location": "Bendigo,AU", "view": "Posted7hoursago"}{"jobTitle": "Administrative Assistant I", "company": "FloridaInstituteofTechnology", "Detail": {"industry": ["NonprofitOrganizationManagement", "HigherEducation", "EducationManagement"], "jobFunction": ["Administrative"], "jobType": "Full-time", "level": "Entry level"}, "jobId": "886018662", "location": "Melbourne,AU", "view": "Posted7hoursago"}{"jobTitle": "Corporate Receptionist / Administration Assistant", "company": "DXSolutions", "Detail": {"industry": ["InformationTechnologyandServices", "Telecommunications"], "jobFunction": ["Administrative", "GeneralBusiness"], "jobType": "Full-time", "level": "Entry level"}, "jobId": "884789849", "location": "Level4,36GrosvenorStreet,Sydney,NSW2000,AU", "view": "Posted2hoursago"}{"jobTitle": "Front-End Engineer", "company": "EthosBeathChapma", "Detail": {"industry": ["InformationTechnologyandServices"], "jobFunction": ["InformationTechnology"], "jobType": "Full-time", "level": "Mid-Senior level"}, "jobId": "884155386", "location": "Sydney,Australia", "view": "12views"}{"jobTitle": "Statutory Planning Officer", "company": "VicRoads", "Detail": {"industry": ["InformationTechnologyandServices", "GovernmentAdministration", "FinancialServices"], "jobFunction": ["Management", "Manufacturing"], "jobType": "Full-time", "level": "Entry level"}, "jobId": "884724516", "location": "Benalla,AU", "view": "Posted10hoursago"}{"jobTitle": "Marketing Administration Coordinator", "company": "AustralianFilmTelevisionandRadioSchool", "Detail": {"industry": ["HigherEducation", "BroadcastMedia"], "jobFunction": ["Marketing"], "jobType": "Full-time", "level": "Entry level"}, "jobId": "886735681", "location": "Sydney,Australia", "view": "Posted2hoursago"}{"jobTitle": "Operations Analyst", "company": "PinpointTalent", "Detail": {"industry": ["GovernmentRelations"], "jobFunction": ["InformationTechnology"], "jobType": "Contract", "level": "Mid-Senior level"}, "jobId": "884904867", "location": "Sydney,Australia", "view": "Posted1hourago"}{"jobTitle": "Project Managers - All Levels!", "company": "Orchard", "Detail": {"industry": ["MarketingandAdvertising"], "jobFunction": ["Advertising", "Art", "ProjectManagement"], "jobType": "Full-time", "level": "Associate"}, "jobId": "883714436", "location": "100HarrisSt,Pyrmont,NSW2009,AU", "view": "119views"}