{"jobTitle": "Account Specialist, Dermatology VIC", "company": "Novartis,Australia and NewZealand", "Detail": {"industry": ["Pharmaceuticals"], "jobFunction": ["Sales", "Advertising", "Marketing"], "jobType": "Full-time", "level": "Associate"}, "jobId": "886743706", "location": "Melbourne,AU", "view": "Posted1hourago"}{"jobTitle": "Senior Associate, Melbourne - Restructuring, Insolvency  and  Special Solutions (RISS)", "company": "CorrsChambersWestgarth", "Detail": {"industry": ["LawPractice"], "jobFunction": ["Legal"], "jobType": "Full-time", "level": ""}, "jobId": "886734438", "location": "Melbourne,AU", "view": "Posted1hourago"}{"jobTitle": "Software Developer", "company": "LinksModularSolutions", "Detail": {"industry": ["RecreationalFacilitiesandServices"], "jobFunction": ["InformationTechnology"], "jobType": "Full-time", "level": "Mid-Senior level"}, "jobId": "884140284", "location": "Melbourne,Australia", "view": "112views"}{"jobTitle": "Audit Senior / Assistant Manager ", "company": "RSMAustralia", "Detail": {"industry": ["Accounting"], "jobFunction": ["Accounting", "Finance"], "jobType": "Full-time", "level": ""}, "jobId": "883740692", "location": "Melbourne,AU", "view": "87views"}{"jobTitle": "Senior Manager, Regulatory Compliance", "company": "UniSuper", "Detail": {"industry": ["FinancialServices"], "jobFunction": ["Finance", "Sales"], "jobType": "Full-time", "level": "Mid-Senior level"}, "jobId": "883870190", "location": "Melbourne,AU", "view": "75views"}{"jobTitle": "Employment Consultant - Epping", "company": "JoblifeEmployment", "Detail": {"industry": ["HumanResources", "Civic&amp;SocialOrganization"], "jobFunction": ["CustomerService", "Administrative", "HumanResources"], "jobType": "Contract", "level": "Mid-Senior level"}, "jobId": "885806089", "location": "Epping,Victoria,Australia", "view": "Posted9hoursago"}{"jobTitle": "Territory Manager - Phone Team", "company": "MYOB", "Detail": {"industry": ["ComputerSoftware"], "jobFunction": ["Sales", "BusinessDevelopment"], "jobType": "Full-time", "level": ""}, "jobId": "884584898", "location": "Melbourne,AU", "view": "Posted23hoursago"}{"jobTitle": "Business Development Manager- Victoria", "company": "Sportsbet", "Detail": {"industry": ["Entertainment", "Gambling&amp;Casinos", "Internet"], "jobFunction": ["Sales", "BusinessDevelopment"], "jobType": "Full-time", "level": ""}, "jobId": "884797251", "location": "Melbourne,AU", "view": "Posted1hourago"}{"jobTitle": "Development Manager", "company": "PhillipRiley:RenewableEnergyRecruitment,Consulting and Contracting", "Detail": {"industry": ["Renewables&amp;Environment", "Oil&amp;Energy", "Utilities"], "jobFunction": ["Engineering", "PublicRelations", "ProjectManagement"], "jobType": "Full-time", "level": "Mid-Senior level"}, "jobId": "884932734", "location": "Melbourne,Victoria,Australia", "view": "Posted7minutesago"}{"jobTitle": "Team Coordinator - Business Assurance", "company": "Hudso", "Detail": {"industry": ["GovernmentAdministration"], "jobFunction": ["Administrative"], "jobType": "Full-time", "level": "Associate"}, "jobId": "883704119", "location": "Melbourne,Australia", "view": "50views"}{"jobTitle": "Manager Statutory Extracts", "company": "NorthernHealth", "Detail": {"industry": ["Hospital&amp;HealthCare"], "jobFunction": ["Other"], "jobType": "Full-time", "level": ""}, "jobId": "884670655", "location": "Epping,AU", "view": "Posted15hoursago"}{"jobTitle": "Water Network Senior Engineer", "company": "SouthEastWater", "Detail": {"industry": ["InformationTechnologyandServices", "Utilities", "GovernmentAdministration"], "jobFunction": ["InformationTechnology"], "jobType": "Full-time", "level": "Associate"}, "jobId": "884672386", "location": "Frankston,AU", "view": "Posted15hoursago"}{"jobTitle": "Comms. Planning Director,  Media Agency", "company": "Mitch and Partners", "Detail": {"industry": ["MarketingandAdvertising"], "jobFunction": ["Strategy"], "jobType": "Full-time", "level": "Mid-Senior level"}, "jobId": "884758410", "location": "Melbourne,Victoria,Australia", "view": "Posted5hoursago"}{"jobTitle": "Front End Developer", "company": "BrickLaneRecruitment", "Detail": {"industry": ["MarketingandAdvertising", "ManagementConsulting"], "jobFunction": ["Marketing", "InformationTechnology", "Art"], "jobType": "Full-time", "level": "Associate"}, "jobId": "884735058", "location": "Melbourne,Australia", "view": "Posted8hoursago"}{"jobTitle": "Major Account Manager", "company": "ZACKGroup", "Detail": {"industry": ["Computer&amp;NetworkSecurity", "ComputerNetworking", "ComputerSoftware"], "jobFunction": ["Sales"], "jobType": "Full-time", "level": "Mid-Senior level"}, "jobId": "884745761", "location": "Melbourne,Australia", "view": "Posted7hoursago"}{"jobTitle": "Chief Executive Officer - Brunswick Private Hospital", "company": "HealtheCareAustralia", "Detail": {"industry": ["Hospital&amp;HealthCare"], "jobFunction": ["HealthCareProvider", "Management"], "jobType": "Full-time", "level": "Mid-Senior level"}, "jobId": "883720851", "location": "Brunswick,Victoria,Australia", "view": "186views"}{"jobTitle": "Developer", "company": "FluxFederatio", "Detail": {"industry": ["InformationTechnologyandServices"], "jobFunction": ["InformationTechnology"], "jobType": "Full-time", "level": "Associate"}, "jobId": "883709331", "location": "Melbourne,Victoria,Australia", "view": "61views"}{"jobTitle": "Expression of Interest Corporate Lawyer - Japanese", "company": "Ashurst", "Detail": {"industry": ["LegalServices"], "jobFunction": ["Legal"], "jobType": "Full-time", "level": ""}, "jobId": "886710880", "location": "Melbourne,AU", "view": "Posted2hoursago"}{"jobTitle": "Cadets - Civil Engineering", "company": "Downer", "Detail": {"industry": ["Construction", "StaffingandRecruiting", "Oil&amp;Energy"], "jobFunction": ["Other", "InformationTechnology", "Management"], "jobType": "Contract", "level": "Internship"}, "jobId": "886712629", "location": "Melbourne,AU", "view": "Posted2hoursago"}{"jobTitle": "Administration Officer", "company": "AustralianGovernmentDepartmentofJobsandSmallBusiness", "Detail": {"industry": ["LawPractice", "LegalServices", "GovernmentAdministration"], "jobFunction": ["Administrative"], "jobType": "Full-time", "level": "Entry level"}, "jobId": "884599526", "location": "Officer,AU", "view": "Posted21hoursago"}{"jobTitle": "Data Analyst (Python)", "company": "MarshallMcAdam", "Detail": {"industry": ["InformationTechnologyandServices"], "jobFunction": ["InformationTechnology"], "jobType": "Full-time", "level": "Mid-Senior level"}, "jobId": "884759212", "location": "MelbourneCBD,Melbourne,Australia", "view": "Posted5hoursago"}{"jobTitle": "Contact Centre Manager", "company": "Salmat", "Detail": {"industry": ["ConsumerServices", "PublicRelationsandCommunications", "Retail"], "jobFunction": ["CustomerService", "Management", "Strategy"], "jobType": "Contract", "level": ""}, "jobId": "886465054", "location": "MelbourneCBD,Melbourne,Australia", "view": "Posted3hoursago"}{"jobTitle": "Office Administrator", "company": "TalentNatio", "Detail": {"industry": ["WritingandEditing", "StaffingandRecruiting", "HumanResources"], "jobFunction": ["Writing", "Administrative", "CustomerService"], "jobType": "Full-time", "level": "Associate"}, "jobId": "884090994", "location": "SouthMelbourne,Victoria,Australia", "view": "75views"}{"jobTitle": "Robotic Process Automation Pre-Sales Engineer - Melbourne", "company": "UiPath", "Detail": {"industry": ["InformationTechnologyandServices", "ComputerSoftware", "Internet"], "jobFunction": ["Sales", "BusinessDevelopment"], "jobType": "Full-time", "level": "Executive"}, "jobId": "884733618", "location": "Melbourne,AU", "view": "Posted8hoursago"}{"jobTitle": "Pharmacy Manager - Clinical Research", "company": "Techstaff", "Detail": {"industry": ["Hospital&amp;HealthCare", "Pharmaceuticals", "Research"], "jobFunction": ["ProjectManagement", "Research", "Science"], "jobType": "Full-time", "level": "Mid-Senior level"}, "jobId": "884573184", "location": "Melbourne,Australia", "view": "Posted23hoursago"}