{"jobTitle": "Commercial Sales Executive", "company": "Unisys", "Detail": {"industry": ["InformationTechnologyandServices", "Retail", "Construction"], "jobFunction": ["InformationTechnology"], "jobType": "Full-time", "level": "Mid-Senior level"}, "jobId": "884751597", "location": "Sydney,NewSouthWales,Australia", "view": "Posted7hoursago"}{"jobTitle": "Software Engineer C++, Java or C", "company": "AmadeusITPacific", "Detail": {"industry": ["InformationTechnologyandServices"], "jobFunction": ["InformationTechnology"], "jobType": "Full-time", "level": "Associate"}, "jobId": "886051486", "location": "L7,180Thomasst,Haymarket,NSW2000,AU", "view": "Posted7hoursago"}{"jobTitle": "SharePoint Developer", "company": "Paxus-Technology+DigitalTalent", "Detail": {"industry": ["InformationTechnologyandServices", "ComputerSoftware", "FinancialServices"], "jobFunction": ["Engineering", "InformationTechnology"], "jobType": "Contract", "level": "Entry level"}, "jobId": "884904158", "location": "Melbourne,AU", "view": "Posted8hoursago"}{"jobTitle": "Brighton East | Room Leader | Nursery", "company": "OnlyAboutChildre", "Detail": {"industry": ["Primary/SecondaryEducation", "NonprofitOrganizationManagement", "EducationManagement"], "jobFunction": ["Other"], "jobType": "Full-time", "level": ""}, "jobId": "884931346", "location": "Melbourne,AU", "view": "Posted46minutesago"}{"jobTitle": "HOD.Special Educational Needs Teacher. Bahrain", "company": "GLOBALEDUCATIONLOGISTICSLIMITED", "Detail": {"industry": ["Primary/SecondaryEducation", "HigherEducation", "EducationManagement"], "jobFunction": ["Education", "Training"], "jobType": "Full-time", "level": "Entry level"}, "jobId": "886009665", "location": "Melbourne,AU", "view": "Posted8hoursago"}{"jobTitle": "Registered Psychiatric Nurse", "company": "TheUniversityofAlabamaatBirmingham-SchoolofNursing", "Detail": {"industry": ["MentalHealthCare", "Health,WellnessandFitness", "Hospital&amp;HealthCare"], "jobFunction": ["HealthCareProvider"], "jobType": "Full-time", "level": "Associate"}, "jobId": "885557289", "location": "Melbourne,AU", "view": "Posted11hoursago"}{"jobTitle": "MIG Welders -Trade Qualified", "company": "JXTGlobal", "Detail": {"industry": ["Construction", "StaffingandRecruiting", "FinancialServices"], "jobFunction": ["Management", "Manufacturing"], "jobType": "Full-time", "level": "Entry level"}, "jobId": "885548761", "location": "Melbourne,AU", "view": "Posted11hoursago"}{"jobTitle": "Casual Teachers and Educational Specialists for short-term overseas assignments", "company": "ChisholmInstitute", "Detail": {"industry": ["NonprofitOrganizationManagement", "HigherEducation", "EducationManagement"], "jobFunction": ["Education", "Training"], "jobType": "Temporary", "level": ""}, "jobId": "884648474", "location": "Melbourne,AU", "view": "Posted18hoursago"}{"jobTitle": "Release Manager", "company": "SaabAustralia", "Detail": {"industry": ["Defense&amp;Space", "InformationTechnologyandServices", "Maritime"], "jobFunction": ["Engineering", "InformationTechnology", "Strategy"], "jobType": "Full-time", "level": "Associate"}, "jobId": "884595929", "location": "21ThirdAvenueTechnologyPark,MawsonLakes,SA5095,AU", "view": "Posted22hoursago"}{"jobTitle": "Admissions Coordinator (Enrolment Hub Operations)", "company": "BoxHillInstitute", "Detail": {"industry": ["EducationManagement"], "jobFunction": ["Education", "Training"], "jobType": "Full-time", "level": ""}, "jobId": "884313306", "location": "Melbourne,AU", "view": "Posted23hoursago"}{"jobTitle": "Accounts Assistant", "company": "PanMacmilla", "Detail": {"industry": ["Publishing"], "jobFunction": ["Accounting", "Administrative", "Finance"], "jobType": "Full-time", "level": "Entry level"}, "jobId": "884761676", "location": "Sydney,Australia", "view": "Posted5hoursago"}{"jobTitle": "Assistant Head of PDHPE", "company": "WilliamClarkeCollege", "Detail": {"industry": ["Primary/SecondaryEducation"], "jobFunction": ["Education"], "jobType": "Full-time", "level": "Associate"}, "jobId": "886457313", "location": "1MorrisGrove,Kellyville,NSW2155,AU", "view": "Posted4hoursago"}{"jobTitle": "Business Systems Analyst", "company": "Audinate", "Detail": {"industry": ["ComputerNetworking", "ComputerHardware", "Telecommunications"], "jobFunction": ["Analyst", "InformationTechnology"], "jobType": "Full-time", "level": "Mid-Senior level"}, "jobId": "886772787", "location": "Level1,458WattleStUltimoNSW2007,Sydney,NSW2007,AU", "view": "Posted20minutesago"}{"jobTitle": "Full Stack Developer", "company": "FlareHR", "Detail": {"industry": ["HumanResources", "ComputerSoftware", "InformationTechnologyandServices"], "jobFunction": ["InformationTechnology"], "jobType": "Full-time", "level": "Mid-Senior level"}, "jobId": "884786859", "location": "Sydney,NewSouthWales,Australia", "view": "Posted2hoursago"}{"jobTitle": "Junior .Net Developer", "company": "MichaelPage", "Detail": {"industry": ["InformationTechnologyandServices", "StaffingandRecruiting", "FinancialServices"], "jobFunction": ["Engineering", "InformationTechnology"], "jobType": "Full-time", "level": "Entry level"}, "jobId": "885196368", "location": "Melbourne,AU", "view": "Posted16hoursago"}{"jobTitle": "Post Placement Support Officer - Palm Beach/Tweed Heads", "company": "NORTECStaffingSolutions", "Detail": {"industry": ["NonprofitOrganizationManagement", "GovernmentAdministration", "Health,WellnessandFitness"], "jobFunction": ["CustomerService", "InformationTechnology"], "jobType": "Full-time", "level": "Entry level"}, "jobId": "885888216", "location": "Officer,AU", "view": "Posted8hoursago"}{"jobTitle": "Project Manager", "company": "Programmed", "Detail": {"industry": ["InformationTechnologyandServices"], "jobFunction": ["InformationTechnology"], "jobType": "Contract", "level": "Associate"}, "jobId": "884754939", "location": "Canberra,AustralianCapitalTerritory,Australia", "view": "Posted6hoursago"}{"jobTitle": "Principal Advisor \\\\u2013 Government Relations", "company": "RioTinto", "Detail": {"industry": ["Mining&amp;Metals", "Oil&amp;Energy"], "jobFunction": ["Strategy"], "jobType": "Full-time", "level": ""}, "jobId": "886737546", "location": "Canberra,AU", "view": "Posted2hoursago"}{"jobTitle": "Senior UX Designer", "company": "MassiveInteractive", "Detail": {"industry": ["BroadcastMedia"], "jobFunction": ["Design", "Art", "InformationTechnology"], "jobType": "Contract", "level": "Mid-Senior level"}, "jobId": "884907422", "location": "Sydney,NewSouthWales,Australia", "view": "Posted1hourago"}{"jobTitle": "Country General Manager", "company": "ShopBack", "Detail": {"industry": ["InformationTechnologyandServices", "Internet", "ConsumerServices"], "jobFunction": ["BusinessDevelopment", "Marketing", "Strategy"], "jobType": "Full-time", "level": "Mid-Senior level"}, "jobId": "886054876", "location": "Sydney,NewSouthWales,Australia", "view": "Posted7hoursago"}{"jobTitle": "Project Staff Opportunities \\\\u2013 Handa Opera on Sydney Harbour: West Side Story", "company": "OperaAustralia", "Detail": {"industry": ["PerformingArts", "Entertainment", "MediaProduction"], "jobFunction": ["Administrative", "CustomerService", "ProjectManagement"], "jobType": "Full-time", "level": "Entry level"}, "jobId": "884798225", "location": "Sydney,Australia", "view": "Posted2hoursago"}{"jobTitle": "Sales Team Member", "company": "TheGoodGuys", "Detail": {"industry": ["Retail", "ConsumerGoods", "ConsumerElectronics"], "jobFunction": ["CustomerService", "Sales"], "jobType": "Full-time", "level": "Entry level"}, "jobId": "884536680", "location": "MoorePark,NewSouthWales,Australia", "view": "14views"}{"jobTitle": "Mid Service Design", "company": "IAG", "Detail": {"industry": ["Banking", "Insurance", "FinancialServices"], "jobFunction": ["Other"], "jobType": "Full-time", "level": ""}, "jobId": "884792444", "location": "Sydney,AU", "view": "Posted2hoursago"}{"jobTitle": "Experience Studio Manager", "company": "McKinsey and Company", "Detail": {"industry": ["InformationTechnologyandServices", "ManagementConsulting"], "jobFunction": ["Consulting", "InformationTechnology"], "jobType": "Full-time", "level": "Mid-Senior level"}, "jobId": "885689847", "location": "Sydney,AU", "view": "Posted10hoursago"}{"jobTitle": "Environment Protection Officer", "company": "EnvironmentProtectionAuthorityVictoria(EPA)", "Detail": {"industry": ["NonprofitOrganizationManagement", "EnvironmentalServices", "GovernmentAdministration"], "jobFunction": ["Other", "InformationTechnology", "Management"], "jobType": "Full-time", "level": "Entry level"}, "jobId": "883725559", "location": "Melbourne,AU", "view": "14views"}