{"jobTitle": "Regulatory Strategy Advisor", "company": "nbn\\\\u2122Australia", "Detail": {"industry": ["Telecommunications"], "jobFunction": ["Other"], "jobType": "Contract", "level": ""}, "jobId": "886466938", "location": "NorthSydney,Sydney,Australia", "view": "Posted5hoursago"}{"jobTitle": "Communications Consultant", "company": "IAG", "Detail": {"industry": ["Banking", "Insurance", "FinancialServices"], "jobFunction": ["Marketing", "PublicRelations", "Writing"], "jobType": "Contract", "level": ""}, "jobId": "883734337", "location": "Sydney,AU", "view": "141views"}{"jobTitle": "Business Development Manager", "company": "TotalTools", "Detail": {"industry": ["StaffingandRecruiting", "ConsumerGoods", "Retail"], "jobFunction": ["Sales", "BusinessDevelopment"], "jobType": "Full-time", "level": "Associate"}, "jobId": "886025346", "location": "Melton,AU", "view": "Posted9hoursago"}{"jobTitle": "Learning  and  Development Partner (6 month contract)", "company": "THEICONIC", "Detail": {"industry": ["InformationTechnologyandServices", "Retail"], "jobFunction": ["HumanResources", "Education", "Art"], "jobType": "Contract", "level": "Mid-Senior level"}, "jobId": "883692384", "location": "Sydney,NewSouthWales,Australia", "view": "79views"}{"jobTitle": "Change Lead Consultant", "company": "GuildGroup", "Detail": {"industry": ["Insurance"], "jobFunction": ["Consulting"], "jobType": "Contract", "level": "Mid-Senior level"}, "jobId": "883737297", "location": "Sydney", "view": "113views"}{"jobTitle": "Business Analyst", "company": "Hudso", "Detail": {"industry": ["Banking"], "jobFunction": ["Analyst"], "jobType": "Contract", "level": "Mid-Senior level"}, "jobId": "884120778", "location": "Sydney,Australia", "view": "52views"}{"jobTitle": "Senior Customer Insights Analyst", "company": "Medibank", "Detail": {"industry": ["Hospital&amp;HealthCare", "Insurance", "FinancialServices"], "jobFunction": ["Analyst", "Consulting", "Strategy"], "jobType": "Full-time", "level": "Associate"}, "jobId": "884161782", "location": "Sydney,NewSouthWales,Australia", "view": "116views"}{"jobTitle": "Data Science Team Lead - Start up", "company": "EthosBeathChapma", "Detail": {"industry": ["InformationTechnologyandServices"], "jobFunction": ["InformationTechnology"], "jobType": "Full-time", "level": "Mid-Senior level"}, "jobId": "884933395", "location": "Sydney,Australia", "view": "Posted2hoursago"}{"jobTitle": "Educator", "company": "GoodstartEarlyLearning", "Detail": {"industry": ["NonprofitOrganizationManagement", "EducationManagement", "StaffingandRecruiting"], "jobFunction": ["Education", "Training"], "jobType": "Part-time", "level": "Associate"}, "jobId": "884964793", "location": "Melbourne,AU", "view": "Posted36minutesago"}{"jobTitle": "Senior Analyst, Incident Problem and Known Error", "company": "DepartmentofHealth and HumanServices,Victoria", "Detail": {"industry": ["NonprofitOrganizationManagement", "GovernmentAdministration", "Hospital&amp;HealthCare"], "jobFunction": ["Research", "Analyst", "InformationTechnology"], "jobType": "Full-time", "level": "Associate"}, "jobId": "884595815", "location": "Melbourne,AU", "view": "7views"}{"jobTitle": "Senior Manager - WIB Compliance - GTS  and  CIB Advisory", "company": "WestpacGroup", "Detail": {"industry": ["Banking", "FinancialServices", "InvestmentBanking"], "jobFunction": ["Finance", "Sales"], "jobType": "Full-time", "level": ""}, "jobId": "884594622", "location": "Sydney,AU", "view": "Posted24hoursago"}{"jobTitle": "Senior Project Manager - Metro Rail IPT", "company": "TheRoyalMelbourneHospital and NorthWesternMentalHealth", "Detail": {"industry": ["Hospital&amp;HealthCare"], "jobFunction": ["ProjectManagement", "InformationTechnology"], "jobType": "Contract", "level": ""}, "jobId": "886715842", "location": "Melbourne,AU", "view": "Posted4hoursago"}{"jobTitle": "Senior Test Automation Consultant", "company": "DXSolutions", "Detail": {"industry": ["InformationTechnologyandServices"], "jobFunction": ["InformationTechnology"], "jobType": "Full-time", "level": "Entry level"}, "jobId": "884164492", "location": "Level4,36GrosvenorStreet,Sydney,NSW2000,AU", "view": "70views"}{"jobTitle": "Risk and Financial Services Manager", "company": "Nestl\\\\xe9", "Detail": {"industry": ["Food&amp;Beverages", "FoodProduction"], "jobFunction": ["Accounting", "Finance"], "jobType": "Full-time", "level": "Mid-Senior level"}, "jobId": "884773332", "location": "Sydney", "view": "Posted6hoursago"}{"jobTitle": "IAM Lead", "company": "UniSuper", "Detail": {"industry": ["FinancialServices"], "jobFunction": ["Other"], "jobType": "Full-time", "level": "Associate"}, "jobId": "884627372", "location": "Melbourne,AU", "view": "7views"}{"jobTitle": "Design Manager", "company": "Coles", "Detail": {"industry": ["Retail"], "jobFunction": ["Design", "Art", "InformationTechnology"], "jobType": "Other", "level": ""}, "jobId": "886489719", "location": "HawthornEast,AU", "view": "Posted10hoursago"}{"jobTitle": "Food/Nutirion Teacher(Secondary UK Curriculum).Uganda", "company": "GLOBALEDUCATIONLOGISTICSLIMITED", "Detail": {"industry": ["Primary/SecondaryEducation", "HigherEducation", "EducationManagement"], "jobFunction": ["Education", "Training"], "jobType": "Full-time", "level": "Associate"}, "jobId": "885889959", "location": "Melbourne,AU", "view": "Posted10hoursago"}{"jobTitle": "Teacher - Chemistry", "company": "LoretoMandevilleHall", "Detail": {"industry": ["BusinessSuppliesandEquipment", "EducationManagement", "ArtsandCrafts"], "jobFunction": ["Education", "Training"], "jobType": "Full-time", "level": "Entry level"}, "jobId": "883612269", "location": "Toorak,AU", "view": "2views"}{"jobTitle": "Marketing and Communications Officer", "company": "MARSRecruitment", "Detail": {"industry": ["MarketingandAdvertising", "PublicRelationsandCommunications"], "jobFunction": ["Marketing", "PublicRelations", "Writing"], "jobType": "Full-time", "level": ""}, "jobId": "884906472", "location": "Sydney,AU", "view": "Posted3hoursago"}{"jobTitle": "Senior Advisor, Leadership and Manager Development", "company": "DepartmentofEconomicDevelopment,Jobs,TransportandResources", "Detail": {"industry": ["NonprofitOrganizationManagement", "GovernmentAdministration", "FinancialServices"], "jobFunction": ["Consulting", "InformationTechnology", "Sales"], "jobType": "Full-time", "level": "Associate"}, "jobId": "884516499", "location": "Melbourne,AU", "view": "18views"}{"jobTitle": "Program Manager", "company": "ChandlerMacleodGroup", "Detail": {"industry": ["Construction", "StaffingandRecruiting", "FinancialServices"], "jobFunction": ["ProjectManagement", "InformationTechnology"], "jobType": "Full-time", "level": "Entry level"}, "jobId": "886332276", "location": "Melbourne,AU", "view": "Posted10hoursago"}{"jobTitle": "Area Coach / Manager - BWS", "company": "BWS", "Detail": {"industry": ["Restaurants", "Food&amp;Beverages", "Retail"], "jobFunction": ["Sales", "BusinessDevelopment"], "jobType": "Full-time", "level": "Associate"}, "jobId": "884538238", "location": "Hobart,AU", "view": "33views"}{"jobTitle": "Employment Consultant - DES - Frankston", "company": "MatchWorks", "Detail": {"industry": ["NonprofitOrganizationManagement", "StaffingandRecruiting", "GovernmentAdministration"], "jobFunction": ["Other"], "jobType": "Full-time", "level": "Associate"}, "jobId": "886459020", "location": "Mornington,AU", "view": "Posted6hoursago"}{"jobTitle": "Senior Project Manager", "company": "VictoriaPolice", "Detail": {"industry": ["NonprofitOrganizationManagement", "GovernmentAdministration", "FinancialServices"], "jobFunction": ["ProjectManagement", "InformationTechnology"], "jobType": "Full-time", "level": "Associate"}, "jobId": "884514756", "location": "Melbourne,AU", "view": "30views"}{"jobTitle": "Camberwell | Room Leader | Pre Kinder", "company": "OnlyAboutChildre", "Detail": {"industry": ["Primary/SecondaryEducation", "NonprofitOrganizationManagement", "EducationManagement"], "jobFunction": ["BusinessDevelopment", "Sales"], "jobType": "Full-time", "level": ""}, "jobId": "883771112", "location": "Melbourne,AU", "view": "3views"}