{"jobTitle": "LECTURER/SENIOR LECTURER", "company": "UniversityofMelbourne", "Detail": {"industry": ["HigherEducation", "InformationTechnologyandServices"], "jobFunction": ["Education"], "jobType": "Full-time", "level": "Mid-Senior level"}, "jobId": "884290645", "location": "Parkville,Melbourne,VIC3010,AU", "view": "108views"}{"jobTitle": "Support Workers- Child, Youth and Families", "company": "McArthur", "Detail": {"industry": ["NonprofitOrganizationManagement", "StaffingandRecruiting", "Hospital&amp;HealthCare"], "jobFunction": ["InformationTechnology"], "jobType": "Full-time", "level": "Entry level"}, "jobId": "886480401", "location": "Melbourne,AU", "view": "Posted5hoursago"}{"jobTitle": "Health and Safety Officers", "company": "RymanHealthcare", "Detail": {"industry": ["Health,WellnessandFitness", "Hospital&amp;HealthCare", "Hospitality"], "jobFunction": ["Management", "Manufacturing"], "jobType": "Full-time", "level": "Entry level"}, "jobId": "886012813", "location": "Melbourne,AU", "view": "Posted9hoursago"}{"jobTitle": "Support Worker - Domestic Assistance", "company": "CalvaryHealthCare", "Detail": {"industry": ["NonprofitOrganizationManagement", "Health,WellnessandFitness", "Hospital&amp;HealthCare"], "jobFunction": ["InformationTechnology"], "jobType": "Full-time", "level": "Entry level"}, "jobId": "884699723", "location": "Melbourne,AU", "view": "Posted14hoursago"}{"jobTitle": "Organisational Change Managers/Senior Change Analysts", "company": "TerraFirmaBusinessConsulting", "Detail": {"industry": ["ManagementConsulting"], "jobFunction": ["Consulting"], "jobType": "Full-time", "level": "Mid-Senior level"}, "jobId": "883724764", "location": "Melbourne,Victoria,Australia", "view": "143views"}{"jobTitle": "Marketing Director(Location: Tianjin, China)", "company": "Tiens", "Detail": {"industry": ["Health,WellnessandFitness", "Biotechnology", "ConsumerGoods"], "jobFunction": ["ProductManagement", "Marketing", "Management"], "jobType": "Full-time", "level": "Executive"}, "jobId": "884795615", "location": "Melbourne,Australia", "view": "Posted3hoursago"}{"jobTitle": "Administration Assistant", "company": "EndeavourFoundatio", "Detail": {"industry": ["NonprofitOrganizationManagement", "FinancialServices", "Hospital&amp;HealthCare"], "jobFunction": ["Administrative"], "jobType": "Full-time", "level": "Entry level"}, "jobId": "883719795", "location": "Bayside,AU", "view": "135views"}{"jobTitle": "Asset Investment Analyst", "company": "Talent", "Detail": {"industry": ["InformationTechnologyandServices"], "jobFunction": ["InformationTechnology"], "jobType": "Full-time", "level": ""}, "jobId": "884543159", "location": "Victoria", "view": "81views"}{"jobTitle": "Research Systems Security Compliance Analyst", "company": "DefenceScienceandTechnologyGroup", "Detail": {"industry": ["Defense&amp;Space"], "jobFunction": ["Science", "Engineering"], "jobType": "Full-time", "level": "Executive"}, "jobId": "884732058", "location": "FishermansBend,Victoria,Australia", "view": "Posted11hoursago"}{"jobTitle": "Club Manager", "company": "RACV", "Detail": {"industry": ["Hospitality", "Leisure,Travel&amp;Tourism"], "jobFunction": ["GeneralBusiness", "Management", "Strategy"], "jobType": "Full-time", "level": "Associate"}, "jobId": "884744675", "location": "122Healesville-KinglakeRd,Healesville,VIC3777,AU", "view": "Posted9hoursago"}{"jobTitle": "Senior/Principal Electrical Engineer - Renewables", "company": "WSPinAustralia and NewZealand", "Detail": {"industry": ["Construction", "CivilEngineering", "MechanicalorIndustrialEngineering"], "jobFunction": ["Engineering", "InformationTechnology"], "jobType": "Full-time", "level": "Associate"}, "jobId": "884620804", "location": "Melbourne,AU", "view": "Posted21hoursago"}{"jobTitle": "Interior Designer", "company": "GrayPuksand", "Detail": {"industry": ["Architecture&amp;Planning", "Design"], "jobFunction": ["Design", "Art", "ProjectManagement"], "jobType": "Full-time", "level": "Entry level"}, "jobId": "884293529", "location": "Melbourne,Australia", "view": "81views"}{"jobTitle": "Creative Director", "company": "CreativeRecruiters", "Detail": {"industry": ["GraphicDesign", "Design", "MarketingandAdvertising"], "jobFunction": ["Design", "Advertising", "Art"], "jobType": "Full-time", "level": "Director"}, "jobId": "884501631", "location": "Melbourne,Australia", "view": "164views"}{"jobTitle": "Managing Consultant - Enterprise Agility - Melbourne", "company": "IBM", "Detail": {"industry": ["InformationTechnologyandServices", "ComputerSoftware", "FinancialServices"], "jobFunction": ["Engineering", "InformationTechnology"], "jobType": "Full-time", "level": "Associate"}, "jobId": "885164703", "location": "Melbourne,AU", "view": "Posted19hoursago"}{"jobTitle": "Procurement Account Lead", "company": "PhilipMorrisInternational", "Detail": {"industry": ["ConsumerGoods", "Tobacco"], "jobFunction": ["Purchasing", "SupplyChain"], "jobType": "Full-time", "level": ""}, "jobId": "884965351", "location": "Melbourne,AU", "view": "Posted27minutesago"}{"jobTitle": "Advanced Analytics Consultant", "company": "WiproLimited", "Detail": {"industry": ["InformationTechnologyandServices"], "jobFunction": ["InformationTechnology"], "jobType": "Full-time", "level": "Mid-Senior level"}, "jobId": "884695015", "location": "Melbourne,Australia", "view": "Posted15hoursago"}{"jobTitle": "Assistant Store Manager - Woolworths Box Hill", "company": "WoolworthsSupermarkets", "Detail": {"industry": ["Restaurants", "Food&amp;Beverages", "Retail"], "jobFunction": ["Sales", "BusinessDevelopment"], "jobType": "Full-time", "level": "Entry level"}, "jobId": "884798880", "location": "Melbourne,AU", "view": "Posted3hoursago"}{"jobTitle": "Customer Reporting Analyst", "company": "CrownResorts", "Detail": {"industry": ["MarketResearch"], "jobFunction": ["Analyst", "Marketing", "Research"], "jobType": "Full-time", "level": "Associate"}, "jobId": "884284651", "location": "Melbourne", "view": "142views"}{"jobTitle": "Drupal Developers (Multiple Contracts)", "company": "BecomeRecruitmentAustralia", "Detail": {"industry": ["InformationTechnologyandServices", "Internet", "MarketingandAdvertising"], "jobFunction": ["InformationTechnology", "Advertising", "Other"], "jobType": "Contract", "level": "Mid-Senior level"}, "jobId": "884545654", "location": "Melbourne,Australia", "view": "11views"}{"jobTitle": "Principal Developer Payment Solutions", "company": "MYOB", "Detail": {"industry": ["ComputerSoftware"], "jobFunction": ["Engineering", "InformationTechnology"], "jobType": "Full-time", "level": ""}, "jobId": "884962700", "location": "Melbourne,AU", "view": "Posted42minutesago"}{"jobTitle": "General Manager", "company": "RobertWalters", "Detail": {"industry": ["Leisure,Travel&amp;Tourism"], "jobFunction": ["GeneralBusiness", "Management", "Strategy"], "jobType": "Full-time", "level": "Director"}, "jobId": "884153878", "location": "MelbourneCBD,Melbourne,Australia", "view": "351views"}{"jobTitle": "Receptionist/Administrator", "company": "Sharp and Carter", "Detail": {"industry": ["ExecutiveOffice", "Research", "InformationTechnologyandServices"], "jobFunction": ["Administrative"], "jobType": "Contract", "level": "Associate"}, "jobId": "884281123", "location": "Melbourne,AU", "view": "25views"}{"jobTitle": "Advisor Diversity  and  Inclusion", "company": "RMITUniversity", "Detail": {"industry": ["HigherEducation"], "jobFunction": ["Consulting", "InformationTechnology", "Sales"], "jobType": "Full-time", "level": ""}, "jobId": "884535618", "location": "Melbourne,AU", "view": "23views"}{"jobTitle": "Transport Supervisor", "company": "TollPeople", "Detail": {"industry": ["Transportation/Trucking/Railroad", "Warehousing"], "jobFunction": ["Management", "SupplyChain"], "jobType": "Full-time", "level": "Mid-Senior level"}, "jobId": "884503993", "location": "Tullamarine,Melbourne,Australia", "view": "84views"}{"jobTitle": "Digital Marketing Lead", "company": "HASSELL", "Detail": {"industry": ["Architecture&amp;Planning"], "jobFunction": ["Design", "Art", "InformationTechnology"], "jobType": "Full-time", "level": ""}, "jobId": "884770488", "location": "Melbourne,AU", "view": "Posted6hoursago"}