{"jobTitle": "Sales Executive", "company": "TigerNutritio", "Detail": {"industry": ["Wholesale", "Health,WellnessandFitness"], "jobFunction": ["Other", "Sales"], "jobType": "Full-time", "level": "Associate"}, "jobId": "884941748", "location": "Sydney,Australia", "view": "Posted30minutesago"}{"jobTitle": "Corporate Receptionist - Financial Services", "company": "MJDExecutive", "Detail": {"industry": ["ExecutiveOffice", "FinancialServices"], "jobFunction": ["Administrative"], "jobType": "Full-time", "level": "Mid-Senior level"}, "jobId": "886499696", "location": "Sydney,Australia", "view": "Posted3hoursago"}{"jobTitle": "Stock Administrator", "company": "AvstevGroup", "Detail": {"industry": ["LuxuryGoods&amp;Jewelry"], "jobFunction": ["Distribution", "Administrative", "SupplyChain"], "jobType": "Full-time", "level": "Associate"}, "jobId": "884746243", "location": "Sydney,Australia", "view": "Posted8hoursago"}{"jobTitle": "Business Development Manager", "company": "CallaProperty", "Detail": {"industry": ["InvestmentManagement"], "jobFunction": ["Sales", "BusinessDevelopment", "Accounting"], "jobType": "Full-time", "level": "Mid-Senior level"}, "jobId": "885889035", "location": "Sydney,Australia", "view": "Posted8hoursago"}{"jobTitle": "Product Owner - Technology", "company": "THEICONIC", "Detail": {"industry": ["ComputerSoftware", "InformationTechnologyandServices", "Retail"], "jobFunction": ["Engineering", "InformationTechnology", "ProductManagement"], "jobType": "Full-time", "level": "Mid-Senior level"}, "jobId": "886372058", "location": "Sydney,NewSouthWales,Australia", "view": "Posted6hoursago"}{"jobTitle": "Corporate Receptionist/Office Administrator", "company": "TotalTools", "Detail": {"industry": ["StaffingandRecruiting", "ConsumerGoods", "Retail"], "jobFunction": ["Administrative"], "jobType": "Full-time", "level": "Associate"}, "jobId": "886013963", "location": "PortMelbourne,AU", "view": "Posted8hoursago"}{"jobTitle": "Application Engineer", "company": "VocusGroupLimited", "Detail": {"industry": ["Telecommunications", "InformationTechnologyandServices"], "jobFunction": ["InformationTechnology"], "jobType": "Full-time", "level": "Mid-Senior level"}, "jobId": "884905034", "location": "Sydney,NewSouthWales,Australia", "view": "Posted2hoursago"}{"jobTitle": "Fashion Stylist", "company": "Showpo", "Detail": {"industry": ["ConsumerGoods", "Apparel&amp;Fashion", "Retail"], "jobFunction": ["Art", "Other"], "jobType": "Full-time", "level": "Mid-Senior level"}, "jobId": "884902125", "location": "Level3,156ClarenceStreetSydney,Sydney,NSW2000,AU", "view": "Posted2hoursago"}{"jobTitle": "Identity Engineer", "company": "Versent", "Detail": {"industry": ["InformationTechnologyandServices"], "jobFunction": ["InformationTechnology"], "jobType": "Full-time", "level": "Mid-Senior level"}, "jobId": "884754674", "location": "Sydney,NewSouthWales,Australia", "view": "Posted7hoursago"}{"jobTitle": "Enterprise Account Manager", "company": "KloudSolutions", "Detail": {"industry": ["Telecommunications"], "jobFunction": ["BusinessDevelopment", "Management"], "jobType": "Full-time", "level": "Mid-Senior level"}, "jobId": "884954363", "location": "Sydney", "view": "Posted7minutesago"}{"jobTitle": "Dean of Students P-6", "company": "Redlands", "Detail": {"industry": ["EducationManagement"], "jobFunction": ["Education"], "jobType": "Full-time", "level": "Mid-Senior level"}, "jobId": "884789457", "location": "272MilitaryRd,Cremorne,NSW2090,AU", "view": "Posted2hoursago"}{"jobTitle": "Water Asset Planning Engineer", "company": "DubboRegionalCouncil", "Detail": {"industry": ["Construction", "CivilEngineering", "GovernmentAdministration"], "jobFunction": ["Management", "Manufacturing"], "jobType": "Full-time", "level": "Entry level"}, "jobId": "884787194", "location": "Dubbo,AU", "view": "Posted3hoursago"}{"jobTitle": "Front Office Supervisor - Torquay", "company": "WyndhamDestinationsAsiaPacific", "Detail": {"industry": ["Leisure,Travel&amp;Tourism", "ConsumerServices", "Hospitality"], "jobFunction": ["CustomerService", "Administrative", "Management"], "jobType": "Full-time", "level": "Mid-Senior level"}, "jobId": "884519002", "location": "Torquay,Victoria,Australia", "view": "23views"}{"jobTitle": "Automation Specialist", "company": "HarveyNorma", "Detail": {"industry": ["Retail"], "jobFunction": ["InformationTechnology", "Analyst"], "jobType": "Full-time", "level": "Associate"}, "jobId": "884954330", "location": "Sydney,Australia", "view": "Posted8minutesago"}{"jobTitle": "Chief Financial Officer", "company": "GundagaiMeatProcessors", "Detail": {"industry": ["Food&amp;Beverages", "FoodProduction", "Farming"], "jobFunction": ["Finance", "Accounting", "GeneralBusiness"], "jobType": "Full-time", "level": "Executive"}, "jobId": "886423276", "location": "SouthGundagai,NewSouthWales,Australia", "view": "Posted5hoursago"}{"jobTitle": "Home business", "company": "LivingtheLifewithAnt and Jo", "Detail": {"industry": ["MarketingandAdvertising"], "jobFunction": ["CustomerService", "InformationTechnology"], "jobType": "Full-time", "level": "Associate"}, "jobId": "884578349", "location": "Victoria,Australia", "view": "Posted24hoursago"}{"jobTitle": "Java Developer", "company": "CoreLogicAustralia", "Detail": {"industry": ["RealEstate", "InformationTechnologyandServices", "Computer&amp;NetworkSecurity"], "jobFunction": ["InformationTechnology", "Other", "Design"], "jobType": "Full-time", "level": "Mid-Senior level"}, "jobId": "884122038", "location": "Sydney,Australia", "view": "92views"}{"jobTitle": "Corporate Services - various roles", "company": "AustralianPesticidesandVeterinaryMedicinesAuthority", "Detail": {"industry": ["GovernmentAdministration"], "jobFunction": ["InformationTechnology", "Finance", "Administrative"], "jobType": "Full-time", "level": "Associate"}, "jobId": "884132704", "location": "Armidale,NewSouthWales,Australia", "view": "16views"}{"jobTitle": "Graduate Solicitor", "company": "DavityanLawyers", "Detail": {"industry": ["LegalServices", "ConsumerServices", "EducationManagement"], "jobFunction": ["Legal"], "jobType": "Full-time", "level": "Associate"}, "jobId": "883611030", "location": "Melbourne,AU", "view": "14views"}{"jobTitle": "Administrator | Training Team | Global Professional Services Firm | Sydney CBD", "company": "PartnersinPerformance", "Detail": {"industry": ["ManagementConsulting"], "jobFunction": ["Administrative", "Training", "HumanResources"], "jobType": "Full-time", "level": "Entry level"}, "jobId": "884500069", "location": "SydneyCBD,NewSouthWales,Australia", "view": "30views"}{"jobTitle": "Corporate Partnerships Coordinator", "company": "Redkite", "Detail": {"industry": ["NonprofitOrganizationManagement"], "jobFunction": ["Administrative", "CustomerService"], "jobType": "Full-time", "level": "Entry level"}, "jobId": "884534134", "location": "Sydney,NewSouthWales,Australia", "view": "38views"}{"jobTitle": "Client Services Officer", "company": "TheCollegeofLawAustralia", "Detail": {"industry": ["HigherEducation", "LegalServices", "EducationManagement"], "jobFunction": ["Administrative", "CustomerService", "Education"], "jobType": "Full-time", "level": "Associate"}, "jobId": "884733786", "location": "Sydney,NewSouthWales,Australia", "view": "Posted9hoursago"}{"jobTitle": "Leading Hand Electrician", "company": "MonashHealth", "Detail": {"industry": ["Hospital&amp;HealthCare"], "jobFunction": ["Management", "Manufacturing"], "jobType": "Other", "level": ""}, "jobId": "884718325", "location": "Clayton,AU", "view": "Posted11hoursago"}{"jobTitle": "Project Managers", "company": "ChandlerMacleodGroup", "Detail": {"industry": ["InformationTechnologyandServices"], "jobFunction": ["ProjectManagement", "InformationTechnology", "Other"], "jobType": "Temporary", "level": "Mid-Senior level"}, "jobId": "884239183", "location": "Adelaide,Australia", "view": "86views"}{"jobTitle": "Campaign Administrator", "company": "SurfLifeSavingFoundatio", "Detail": {"industry": ["Philanthropy", "PublicSafety"], "jobFunction": ["Marketing", "Administrative"], "jobType": "Full-time", "level": "Associate"}, "jobId": "884150565", "location": "Brisbane,Australia", "view": "55views"}