{"jobTitle": "Java Software Engineering Manager ($100K/yr) - Online Hiring Event", "company": "CrossoverforWork", "Detail": {"industry": ["ComputerSoftware", "Internet", "InformationTechnologyandServices"], "jobFunction": ["InformationTechnology", "Engineering", "Consulting"], "jobType": "Full-time", "level": "Associate"}, "jobId": "884960218", "location": "Melbourne,AU", "view": "Posted49minutesago"}{"jobTitle": "Manager, Saltwater Community Mental Health Team", "company": "MercyHealthAustralia", "Detail": {"industry": ["NonprofitOrganizationManagement", "Health,WellnessandFitness", "Hospital&amp;HealthCare"], "jobFunction": ["Marketing", "PublicRelations", "Writing"], "jobType": "Full-time", "level": "Associate"}, "jobId": "884253963", "location": "Melbourne,AU", "view": "15views"}{"jobTitle": "Digital Marketing Lead", "company": "HASSELL", "Detail": {"industry": ["Architecture&amp;Planning"], "jobFunction": ["Design", "Art", "InformationTechnology"], "jobType": "Full-time", "level": ""}, "jobId": "884770488", "location": "Melbourne,AU", "view": "Posted6hoursago"}{"jobTitle": "Content Producer/Administrator", "company": "PwCAustralia", "Detail": {"industry": ["ManagementConsulting", "Accounting", "FinancialServices"], "jobFunction": ["Sales", "PublicRelations", "Marketing"], "jobType": "Full-time", "level": ""}, "jobId": "884751538", "location": "Melbourne,AU", "view": "Posted9hoursago"}{"jobTitle": "AOD Youth and Family Counsellor", "company": "AnglicareVictoria", "Detail": {"industry": ["NonprofitOrganizationManagement"], "jobFunction": ["Other"], "jobType": "Part-time", "level": "Mid-Senior level"}, "jobId": "884932337", "location": "Franksto", "view": "Posted2hoursago"}{"jobTitle": "Client Service Associate", "company": "Computershare", "Detail": {"industry": ["FinancialServices"], "jobFunction": ["Administrative", "CustomerService"], "jobType": "Full-time", "level": "Mid-Senior level"}, "jobId": "884756133", "location": "Abbotsford", "view": "Posted8hoursago"}{"jobTitle": "Digital Insights  and  Data Science Lead", "company": "OriginEnergy", "Detail": {"industry": ["Mining&amp;Metals", "Oil&amp;Energy"], "jobFunction": ["Design", "Art", "InformationTechnology"], "jobType": "Full-time", "level": ""}, "jobId": "883735679", "location": "Melbourne,AU", "view": "98views"}