{"jobTitle": "Lecturer in Medical Science", "company": "CharlesSturtUniversity", "Detail": {"industry": ["HigherEducation", "MedicalPractice"], "jobFunction": ["Education", "Science"], "jobType": "Full-time", "level": "Associate"}, "jobId": "884744932", "location": "WaggaWagga,NewSouthWales,Australia", "view": "Posted8hoursago"}{"jobTitle": "Executive Director", "company": "DerwentExecutive", "Detail": {"industry": ["ExecutiveOffice"], "jobFunction": ["Legal"], "jobType": "Full-time", "level": "Executive"}, "jobId": "884759553", "location": "SydneyCBD,Sydney,Australia", "view": "Posted6hoursago"}{"jobTitle": "Learning Lead", "company": "EnergyAustralia", "Detail": {"industry": ["Oil&amp;Energy", "Utilities", "FinancialServices"], "jobFunction": ["HumanResources"], "jobType": "Full-time", "level": "Associate"}, "jobId": "885554478", "location": "Melbourne,AU", "view": "Posted12hoursago"}{"jobTitle": "Senior Human Resources Advisor", "company": "NewsCorpAustralia", "Detail": {"industry": ["Publishing"], "jobFunction": ["HumanResources"], "jobType": "Full-time", "level": "Mid-Senior level"}, "jobId": "883724809", "location": "Sydney,Australia", "view": "127views"}{"jobTitle": "Emergency Services Clerk", "company": "TheRoyalMelbourneHospital and NorthWesternMentalHealth", "Detail": {"industry": ["Hospital&amp;HealthCare"], "jobFunction": ["Administrative"], "jobType": "Part-time", "level": ""}, "jobId": "886717642", "location": "Melbourne,AU", "view": "Posted3hoursago"}{"jobTitle": "Excellent Graduate Developer|PHP|Port Melbourne", "company": "RobertHalf", "Detail": {"industry": ["InformationTechnologyandServices", "StaffingandRecruiting", "FinancialServices"], "jobFunction": ["Engineering", "InformationTechnology"], "jobType": "Full-time", "level": "Entry level"}, "jobId": "884278163", "location": "Melbourne,AU", "view": "10views"}{"jobTitle": "Solution Designer - 12 month contract", "company": "AYANInfoTech", "Detail": {"industry": ["InformationTechnologyandServices"], "jobFunction": ["InformationTechnology"], "jobType": "Contract", "level": "Mid-Senior level"}, "jobId": "884764708", "location": "Chatswood,Sydney,Australia", "view": "Posted5hoursago"}{"jobTitle": "Data Deployment Specialist", "company": "VerizonConnect", "Detail": {"industry": ["ComputerSoftware", "InformationTechnologyandServices"], "jobFunction": ["InformationTechnology"], "jobType": "Full-time", "level": "Associate"}, "jobId": "884901160", "location": "Sydney,AU", "view": "Posted2hoursago"}{"jobTitle": "Enterprise Sales Manager - Marketing Cloud", "company": "Emarsys", "Detail": {"industry": ["InformationTechnologyandServices", "ComputerSoftware", "MarketingandAdvertising"], "jobFunction": ["CustomerService", "Sales", "BusinessDevelopment"], "jobType": "Full-time", "level": "Associate"}, "jobId": "883707252", "location": "Sydney,Australia", "view": "64views"}{"jobTitle": "Seasonal Stock Associate, Hawthorn", "company": "MichaelKors", "Detail": {"industry": ["Apparel&amp;Fashion", "ConsumerGoods", "Retail"], "jobFunction": ["Sales", "BusinessDevelopment"], "jobType": "Part-time", "level": "Entry level"}, "jobId": "886779277", "location": "Hawthorn,AU", "view": "Posted43minutesago"}{"jobTitle": "Food Experience Manager", "company": "CivicDisabilityServicesLimited", "Detail": {"industry": ["NonprofitOrganizationManagement", "Hospitality", "Food&amp;Beverages"], "jobFunction": ["CustomerService", "HealthCareProvider", "BusinessDevelopment"], "jobType": "Full-time", "level": "Mid-Senior level"}, "jobId": "886360929", "location": "Nowra,NewSouthWales,Australia", "view": "Posted6hoursago"}{"jobTitle": "Team Leader - Disability Accommodation Services - Wyndham Vale", "company": "genU", "Detail": {"industry": ["NonprofitOrganizationManagement", "GovernmentAdministration", "Hospital&amp;HealthCare"], "jobFunction": ["CustomerService", "InformationTechnology"], "jobType": "Full-time", "level": "Associate"}, "jobId": "886459019", "location": "Melbourne,AU", "view": "Posted4hoursago"}{"jobTitle": "Pool Lifeguard", "company": "KingstonMunicipalNon-ProfitHousingCorporation(TownHomesKingston)", "Detail": {"industry": ["Primary/SecondaryEducation", "EducationManagement", "GovernmentAdministration"], "jobFunction": ["Other"], "jobType": "Full-time", "level": "Entry level"}, "jobId": "886027835", "location": "Melbourne,AU", "view": "Posted8hoursago"}{"jobTitle": "BabySitter Job: Footscray, Melbourne VIC 3011", "company": "BabysittersNow", "Detail": {"industry": ["NonprofitOrganizationManagement", "StaffingandRecruiting", "Hospital&amp;HealthCare"], "jobFunction": ["Other"], "jobType": "Full-time", "level": "Entry level"}, "jobId": "886035673", "location": "Footscray,AU", "view": "Posted8hoursago"}{"jobTitle": "Client Relationship Officer", "company": "indpendent", "Detail": {"industry": ["NonprofitOrganizationManagement", "StaffingandRecruiting", "GovernmentAdministration"], "jobFunction": ["Finance", "Sales"], "jobType": "Full-time", "level": "Entry level"}, "jobId": "885896926", "location": "Carlton,AU", "view": "Posted8hoursago"}{"jobTitle": "Deputy Principal (Two Roles)", "company": "KeysboroughCollege", "Detail": {"industry": ["NonprofitOrganizationManagement", "EducationManagement", "GovernmentAdministration"], "jobFunction": ["Education", "Training"], "jobType": "Full-time", "level": "Director"}, "jobId": "886022399", "location": "Keysborough,AU", "view": "Posted8hoursago"}{"jobTitle": "Business Operations Manager", "company": "DepartmentofDefence", "Detail": {"industry": ["InformationTechnologyandServices"], "jobFunction": ["Management"], "jobType": "Full-time", "level": "Executive"}, "jobId": "884723556", "location": "Edinburgh,SouthAustralia,Australia", "view": "Posted10hoursago"}{"jobTitle": "IT Support Officer", "company": "TheFredHollowsFoundatio", "Detail": {"industry": ["NonprofitOrganizationManagement"], "jobFunction": ["InformationTechnology"], "jobType": "Full-time", "level": "Entry level"}, "jobId": "884752210", "location": "Rosebery,NewSouthWales,Australia", "view": "Posted7hoursago"}{"jobTitle": "Service Coordinator, Office Manager and Retail Coordinator", "company": "VisionAustralia", "Detail": {"industry": ["NonprofitOrganizationManagement"], "jobFunction": ["BusinessDevelopment", "Sales"], "jobType": "Full-time", "level": ""}, "jobId": "886729782", "location": "Epping,AU", "view": "Posted2hoursago"}{"jobTitle": "Marketing and Sales Co-ordinator", "company": "NICCOTimberWindows and Doors", "Detail": {"industry": ["BuildingMaterials"], "jobFunction": ["Sales", "Marketing", "Administrative"], "jobType": "Part-time", "level": "Associate"}, "jobId": "884759040", "location": "Sydney,NewSouthWales,Australia", "view": "Posted6hoursago"}{"jobTitle": "School Improvement Project Support Officer", "company": "DepartmentofEducation and Training,Victoria", "Detail": {"industry": ["NonprofitOrganizationManagement", "EducationManagement", "GovernmentAdministration"], "jobFunction": ["ProjectManagement", "InformationTechnology"], "jobType": "Part-time", "level": "Entry level"}, "jobId": "884516503", "location": "Melbourne,AU", "view": "18views"}{"jobTitle": "IT Solution Lead \\\\u2013 Workplace and Facilities Systems", "company": "ReserveBankofAustralia", "Detail": {"industry": ["GovernmentAdministration", "Banking", "InformationTechnologyandServices"], "jobFunction": ["InformationTechnology", "Engineering", "ProjectManagement"], "jobType": "Full-time", "level": "Mid-Senior level"}, "jobId": "884932158", "location": "Sydney", "view": "Posted1hourago"}{"jobTitle": "Cleaner", "company": "ArcareAgedCare", "Detail": {"industry": ["NonprofitOrganizationManagement", "Health,WellnessandFitness", "Hospital&amp;HealthCare"], "jobFunction": ["Management", "Manufacturing"], "jobType": "Full-time", "level": "Entry level"}, "jobId": "885559084", "location": "Melbourne,AU", "view": "Posted12hoursago"}{"jobTitle": "Kitchen Assistant", "company": "McKenzieAgedCareGroupPtyLtd", "Detail": {"industry": ["NonprofitOrganizationManagement", "Health,WellnessandFitness", "Hospital&amp;HealthCare"], "jobFunction": ["Management", "Manufacturing"], "jobType": "Part-time", "level": "Entry level"}, "jobId": "885559069", "location": "Melbourne,AU", "view": "Posted12hoursago"}{"jobTitle": "Registry Officer, Supreme Court of Victoria", "company": "CourtServicesVictoria", "Detail": {"industry": ["NonprofitOrganizationManagement", "LegalServices", "GovernmentAdministration"], "jobFunction": ["Other", "InformationTechnology", "Management"], "jobType": "Full-time", "level": "Mid-Senior level"}, "jobId": "884515503", "location": "Melbourne,AU", "view": "5views"}