{"jobTitle": "Senior Associate, Melbourne - Restructuring, Insolvency  and  Special Solutions (RISS)", "company": "CorrsChambersWestgarth", "Detail": {"industry": ["LawPractice"], "jobFunction": ["Legal"], "jobType": "Full-time", "level": ""}, "jobId": "886734438", "location": "Melbourne,AU", "view": "Posted1hourago"}{"jobTitle": "Store Manager - Dan Murphy's Forest Hill", "company": "DanMurphy's", "Detail": {"industry": ["Apparel&amp;Fashion", "Retail", "ConsumerServices"], "jobFunction": ["Sales", "BusinessDevelopment"], "jobType": "Full-time", "level": "Mid-Senior level"}, "jobId": "884798881", "location": "Melbourne,AU", "view": "Posted1hourago"}{"jobTitle": "Project Engineer - Grid Compliance", "company": "Vestas", "Detail": {"industry": ["Construction", "Renewables&amp;Environment", "Utilities"], "jobFunction": ["Engineering", "ProjectManagement"], "jobType": "Full-time", "level": "Mid-Senior level"}, "jobId": "885874900", "location": "Melbourne", "view": "Posted8hoursago"}{"jobTitle": "Group Accountant", "company": "Ambitio", "Detail": {"industry": ["Retail", "Accounting"], "jobFunction": ["Accounting", "Finance"], "jobType": "Full-time", "level": "Mid-Senior level"}, "jobId": "884559865", "location": "Melbourne,Victoria,Australia", "view": "Posted24hoursago"}{"jobTitle": "Linehaul Support Coordinator", "company": "TollPeople", "Detail": {"industry": ["LogisticsandSupplyChain"], "jobFunction": ["Administrative"], "jobType": "Full-time", "level": "Entry level"}, "jobId": "884548419", "location": "PortMelbourne,Melbourne,Australia", "view": "19views"}{"jobTitle": "Structural Design Engineer  and  Buildings | Salary Package $140K", "company": "DesignandConstruct", "Detail": {"industry": ["MechanicalorIndustrialEngineering", "Construction", "CivilEngineering"], "jobFunction": ["Engineering", "InformationTechnology"], "jobType": "Full-time", "level": ""}, "jobId": "884732254", "location": "Melbourne,AU", "view": "Posted8hoursago"}{"jobTitle": "E and I Engineer", "company": "APAGroup", "Detail": {"industry": ["Oil&amp;Energy"], "jobFunction": ["Engineering", "InformationTechnology"], "jobType": "Contract", "level": ""}, "jobId": "884537643", "location": "Melbourne,AU", "view": "73views"}{"jobTitle": "Business Development Consultant", "company": "VictorianChamberofCommerceandIndustry", "Detail": {"industry": ["HumanResources"], "jobFunction": ["BusinessDevelopment", "Sales"], "jobType": "Full-time", "level": "Mid-Senior level"}, "jobId": "883776219", "location": "Level3150CollinsStreet,Melbourne,VIC3000,AU", "view": "84views"}{"jobTitle": "CEO Communication and Resolution SME", "company": "Telstra", "Detail": {"industry": ["InformationTechnologyandServices", "OnlineMedia", "Telecommunications"], "jobFunction": ["BusinessDevelopment", "Sales"], "jobType": "Full-time", "level": ""}, "jobId": "885691203", "location": "Melbourne,AU", "view": "Posted9hoursago"}{"jobTitle": "Senior Software Developer \\\\u2013 2 Year Fixed Term Contract", "company": "JohnsLyngGroup", "Detail": {"industry": ["Construction", "Insurance", "InformationTechnologyandServices"], "jobFunction": ["InformationTechnology", "Other"], "jobType": "Contract", "level": "Mid-Senior level"}, "jobId": "884177585", "location": "Doncaster,Victoria,Australia", "view": "53views"}{"jobTitle": "Store Support and Allocations Assistant - Pharmacy", "company": "Hays", "Detail": {"industry": ["Retail"], "jobFunction": ["Distribution"], "jobType": "Full-time", "level": "Associate"}, "jobId": "885894311", "location": "MelbourneCBD,Melbourne,Australia", "view": "Posted7hoursago"}{"jobTitle": "Senior Policy Officer", "company": "DepartmentofPremierandCabinet(Vic)", "Detail": {"industry": ["GovernmentAdministration", "PublicPolicy"], "jobFunction": ["Other", "Writing"], "jobType": "Full-time", "level": "Mid-Senior level"}, "jobId": "884904525", "location": "Melbourne,Victoria,Australia", "view": "Posted53minutesago"}{"jobTitle": "Outlet Manager", "company": "SpotlessGroup", "Detail": {"industry": ["FacilitiesServices"], "jobFunction": ["Management", "Manufacturing"], "jobType": "Full-time", "level": ""}, "jobId": "884902230", "location": "Melbourne,AU", "view": "Posted1hourago"}{"jobTitle": "Senior Presales Solution Consultant", "company": "Vlocity", "Detail": {"industry": ["InformationTechnologyandServices", "ComputerSoftware", "Internet"], "jobFunction": ["Sales", "BusinessDevelopment"], "jobType": "Full-time", "level": "Associate"}, "jobId": "884714417", "location": "Melbourne,AU", "view": "Posted11hoursago"}{"jobTitle": "Senior Communications Adviser", "company": "CPRCommunications and PublicRelations", "Detail": {"industry": ["PublicRelationsandCommunications"], "jobFunction": ["PublicRelations"], "jobType": "Full-time", "level": "Mid-Senior level"}, "jobId": "884268492", "location": "Melbourne,Victoria,Australia", "view": "85views"}{"jobTitle": "Supply Planner", "company": "BlackbookExecutive", "Detail": {"industry": ["Food&amp;Beverages", "FoodProduction", "ConsumerGoods"], "jobFunction": ["Manufacturing", "Strategy", "SupplyChain"], "jobType": "Contract", "level": "Mid-Senior level"}, "jobId": "884746773", "location": "Melbourne,Victoria,Australia", "view": "Posted7hoursago"}{"jobTitle": "Manager, Student Complaints and Appeals", "company": "DeakinUniversity", "Detail": {"industry": ["HigherEducation"], "jobFunction": ["Administrative", "Education", "Management"], "jobType": "Full-time", "level": "Director"}, "jobId": "884733130", "location": "Burwood,Melbourne,Australia", "view": "Posted8hoursago"}{"jobTitle": "PR Specialist", "company": "MYER", "Detail": {"industry": ["Apparel&amp;Fashion", "Retail"], "jobFunction": ["PublicRelations", "Marketing"], "jobType": "Full-time", "level": "Executive"}, "jobId": "884285201", "location": "Melbourne,Australia", "view": "102views"}{"jobTitle": "Regional Financial Accountant \\\\u2013 CBD Based \\\\u2013 $110k Package", "company": "MARSRecruitment", "Detail": {"industry": ["Accounting", "FinancialServices"], "jobFunction": ["Accounting", "Finance"], "jobType": "Full-time", "level": ""}, "jobId": "884902916", "location": "Melbourne,AU", "view": "Posted57minutesago"}{"jobTitle": "Capital Works Manager", "company": "BaysidePersonnel", "Detail": {"industry": ["CommercialRealEstate", "FacilitiesServices", "HigherEducation"], "jobFunction": ["Management", "ProjectManagement", "Strategy"], "jobType": "Contract", "level": "Executive"}, "jobId": "884915326", "location": "Melbourne,Australia", "view": "Posted35minutesago"}{"jobTitle": "Digital Advertising Operations Specialist", "company": "CricketAustralia", "Detail": {"industry": ["Sports", "NonprofitOrganizationManagement", "GovernmentAdministration"], "jobFunction": ["Design", "Art", "InformationTechnology"], "jobType": "Full-time", "level": "Entry level"}, "jobId": "883685320", "location": "Melbourne,AU", "view": "97views"}{"jobTitle": "Diversity Manager - Part Time (3 days per week)", "company": "VicinityCentres", "Detail": {"industry": ["MarketingandAdvertising", "Retail", "FinancialServices"], "jobFunction": ["HumanResources"], "jobType": "Part-time", "level": "Associate"}, "jobId": "884722214", "location": "Chadstone,AU", "view": "Posted10hoursago"}{"jobTitle": "Part Time Case Manager", "company": "AllianzAustralia", "Detail": {"industry": ["InformationTechnologyandServices", "Insurance", "FinancialServices"], "jobFunction": ["Other"], "jobType": "Part-time", "level": "Associate"}, "jobId": "885675186", "location": "Melbourne,AU", "view": "Posted9hoursago"}{"jobTitle": "Marketing Automation Manager", "company": "AstonCarter", "Detail": {"industry": ["MarketingandAdvertising"], "jobFunction": ["Engineering", "InformationTechnology"], "jobType": "Full-time", "level": ""}, "jobId": "886392798", "location": "Melbourne,AU", "view": "Posted4hoursago"}{"jobTitle": "Manager Residential Aged Care", "company": "BarwonHealth", "Detail": {"industry": ["NonprofitOrganizationManagement", "Health,WellnessandFitness", "Hospital&amp;HealthCare"], "jobFunction": ["Other"], "jobType": "Full-time", "level": "Mid-Senior level"}, "jobId": "884671840", "location": "Geelong,AU", "view": "Posted15hoursago"}