{"jobTitle": "Infrastructure Maintainer - Narrabri", "company": "ARTC", "Detail": {"industry": ["Construction", "GovernmentAdministration", "Transportation/Trucking/Railroad"], "jobFunction": ["Other"], "jobType": "Full-time", "level": "Entry level"}, "jobId": "884759088", "location": "Narrabri,AU", "view": "Posted6hoursago"}{"jobTitle": "Sales and Marketing Coordinator", "company": "ArbonneInternationalLLC", "Detail": {"industry": ["ConsumerGoods", "Cosmetics", "Health,WellnessandFitness"], "jobFunction": ["Marketing", "Administrative"], "jobType": "Full-time", "level": "Associate"}, "jobId": "884143169", "location": "Sydney,NewSouthWales,Australia", "view": "99views"}{"jobTitle": "Director, Strategic Communications and Engagement", "company": "DepartmentofInfrastructure,RegionalDevelopmentandCities", "Detail": {"industry": ["GovernmentAdministration"], "jobFunction": ["Other"], "jobType": "Full-time", "level": "Director"}, "jobId": "884902478", "location": "Canberra,AustralianCapitalTerritory,Australia", "view": "Posted2hoursago"}{"jobTitle": "Public Relations Manager", "company": "LUSHFreshHandmadeCosmeticsAustraliaandNewZealand", "Detail": {"industry": ["Cosmetics", "Retail", "PublicRelationsandCommunications"], "jobFunction": ["Management", "Strategy", "PublicRelations"], "jobType": "Full-time", "level": "Mid-Senior level"}, "jobId": "884507951", "location": "25CarringtonRd,Marrickville,NSW2204,AU", "view": "111views"}{"jobTitle": "Research Associate (Bioinformatician)", "company": "UNSW", "Detail": {"industry": ["HigherEducation", "Research"], "jobFunction": ["Research", "Education"], "jobType": "Full-time", "level": "Associate"}, "jobId": "885587401", "location": "Melbourne,AU", "view": "Posted11hoursago"}{"jobTitle": "Digital Producer", "company": "Saatchi and Saatchi", "Detail": {"industry": ["MarketingandAdvertising"], "jobFunction": ["Advertising", "Production", "ProjectManagement"], "jobType": "Full-time", "level": "Mid-Senior level"}, "jobId": "884927637", "location": "70GeorgeSt,TheRocksNewSouthWales2000", "view": "Posted1hourago"}{"jobTitle": "Get accreditated as Innovation Management Consultant", "company": "Innovation360GroupAB", "Detail": {"industry": ["ManagementConsulting", "ProfessionalTraining&amp;Coaching", "InformationTechnologyandServices"], "jobFunction": ["Consulting", "BusinessDevelopment", "GeneralBusiness"], "jobType": "Contract", "level": "Director"}, "jobId": "884669041", "location": "Sydney,NewSouthWales,Australia", "view": "Posted17hoursago"}{"jobTitle": "Technical Lead \\\\u2013 HOT Digital Business \\\\u2013 $160k", "company": "BigWaveDigital", "Detail": {"industry": ["InformationServices", "InformationTechnologyandServices", "MarketingandAdvertising"], "jobFunction": ["InformationTechnology", "Advertising", "Engineering"], "jobType": "Full-time", "level": "Mid-Senior level"}, "jobId": "883721767", "location": "Sydney,Australia", "view": "92views"}{"jobTitle": "ICT Database Administrator", "company": "WesternHealth", "Detail": {"industry": ["Health,WellnessandFitness", "MedicalPractice", "Hospital&amp;HealthCare"], "jobFunction": ["InformationTechnology"], "jobType": "Full-time", "level": "Entry level"}, "jobId": "886003427", "location": "Melbourne,AU", "view": "Posted8hoursago"}{"jobTitle": "Senior Legal Counsel", "company": "SUEZ", "Detail": {"industry": ["EnvironmentalServices"], "jobFunction": ["Legal"], "jobType": "Full-time", "level": "Mid-Senior level"}, "jobId": "884294778", "location": "Sydney,NewSouthWales,Australia", "view": "131views"}{"jobTitle": "Ward Clerk - Amherst Ward", "company": "MARYBOROUGHDISTRICTHEALTHSERVICE", "Detail": {"industry": ["NonprofitOrganizationManagement", "Health,WellnessandFitness", "Hospital&amp;HealthCare"], "jobFunction": ["CustomerService", "InformationTechnology"], "jobType": "Full-time", "level": "Entry level"}, "jobId": "884516497", "location": "Melbourne,AU", "view": "2views"}{"jobTitle": "Business Development Manager \\\\u2013 Sydney or Melbourne", "company": "IndesignMediaAsiaPacific", "Detail": {"industry": ["MediaProduction", "Design", "Architecture&amp;Planning"], "jobFunction": ["Sales", "BusinessDevelopment", "CustomerService"], "jobType": "Full-time", "level": "Mid-Senior level"}, "jobId": "883709496", "location": "Sydney,Australia", "view": "76views"}{"jobTitle": "Capital Engineering Manager- Northern Victoria", "company": "BegaCheeseLimited", "Detail": {"industry": ["FoodProduction", "Food&amp;Beverages", "Dairy"], "jobFunction": ["Manufacturing", "Administrative", "Engineering"], "jobType": "Full-time", "level": "Mid-Senior level"}, "jobId": "884240503", "location": "Tatura,Victoria,Australia", "view": "25views"}{"jobTitle": "Head of Learning  and  Development", "company": "GreenstoneFinancialServices", "Detail": {"industry": ["FinancialServices", "Insurance"], "jobFunction": ["Training", "HumanResources", "Management"], "jobType": "Full-time", "level": "Mid-Senior level"}, "jobId": "884279411", "location": "BellaVista,NewSouthWales,Australia", "view": "60views"}{"jobTitle": "ILS Analyst", "company": "Rolls-Royce", "Detail": {"industry": ["Aviation&amp;Aerospace", "Defense&amp;Space", "Maritime"], "jobFunction": ["BusinessDevelopment", "Sales"], "jobType": "Full-time", "level": ""}, "jobId": "883614445", "location": "Sydney,AU", "view": "47views"}{"jobTitle": "Release Coordinator - Bris/Melb/Syd", "company": "Tabcorp", "Detail": {"industry": ["Entertainment"], "jobFunction": ["InformationTechnology"], "jobType": "Full-time", "level": ""}, "jobId": "884793342", "location": "Sydney,AU", "view": "Posted2hoursago"}{"jobTitle": "Manager, ICT Governance  and  Planning", "company": "VictorianCommissionforGamblingandLiquorRegulatio", "Detail": {"industry": ["LawPractice", "LegalServices", "GovernmentAdministration"], "jobFunction": ["Management", "Manufacturing"], "jobType": "Full-time", "level": "Associate"}, "jobId": "883726858", "location": "Melbourne,AU", "view": "10views"}{"jobTitle": "Administrative Assistant", "company": "EightRecruitmentPtyLtd", "Detail": {"industry": ["Accounting"], "jobFunction": ["Administrative"], "jobType": "Full-time", "level": "Executive"}, "jobId": "886499450", "location": "Newcastle,Australia", "view": "Posted3hoursago"}{"jobTitle": "Senior Business Analyst", "company": "TLConsultingGroup", "Detail": {"industry": ["InformationTechnologyandServices"], "jobFunction": ["InformationTechnology", "QualityAssurance"], "jobType": "Contract", "level": "Mid-Senior level"}, "jobId": "884544357", "location": "Sydney,Australia", "view": "87views"}{"jobTitle": "Civil Project Manager", "company": "NorthropConsultingEngineers", "Detail": {"industry": ["CivilEngineering"], "jobFunction": ["ProjectManagement", "InformationTechnology"], "jobType": "Full-time", "level": ""}, "jobId": "883737737", "location": "Brisbane,AU", "view": "73views"}{"jobTitle": "Regional Environment, Health  and  Safety Manager SA", "company": "FletcherBuilding", "Detail": {"industry": ["BuildingMaterials"], "jobFunction": ["Other"], "jobType": "Full-time", "level": "Mid-Senior level"}, "jobId": "884750744", "location": "Adelaide,Australia", "view": "Posted7hoursago"}{"jobTitle": "ASO3 Executive Assistant, External Relations NEW - Education", "company": "IWORKFORSA", "Detail": {"industry": ["GovernmentAdministration", "GovernmentRelations", "ExecutiveOffice"], "jobFunction": ["Administrative"], "jobType": "Temporary", "level": "Associate"}, "jobId": "884050120", "location": "Adelaide,AU", "view": "20views"}{"jobTitle": "Studio and Ad Sales Coordinator", "company": "Mahlab.", "Detail": {"industry": ["MarketingandAdvertising"], "jobFunction": ["Sales", "Production", "Administrative"], "jobType": "Full-time", "level": "Entry level"}, "jobId": "884515243", "location": "Sydney,Australia", "view": "31views"}{"jobTitle": "Backpacker opening!! Join our growing team!", "company": "BeInteractiveAustralia", "Detail": {"industry": ["MarketingandAdvertising", "Retail", "ConsumerServices"], "jobFunction": ["HumanResources"], "jobType": "Full-time", "level": "Entry level"}, "jobId": "886015891", "location": "Melbourne,AU", "view": "Posted8hoursago"}{"jobTitle": "Administration Assistant - Sport", "company": "WenonaSchool", "Detail": {"industry": ["NonprofitOrganizationManagement", "HigherEducation", "EducationManagement"], "jobFunction": ["Administrative"], "jobType": "Full-time", "level": "Entry level"}, "jobId": "884656210", "location": "Sydney,AU", "view": "Posted18hoursago"}