{"jobTitle": "Civil Engineer", "company": "KingscroftConsultingPtyLimited", "Detail": {"industry": ["Architecture&amp;Planning", "CivilEngineering", "Construction"], "jobFunction": ["Engineering", "Manufacturing", "ProductManagement"], "jobType": "Full-time", "level": "Associate"}, "jobId": "883708390", "location": "WesternSydney,Australia", "view": "86views"}{"jobTitle": "Senior Client Side (Consultant) Project Manager", "company": "KnightFrankAustralia", "Detail": {"industry": ["RealEstate", "CommercialRealEstate"], "jobFunction": ["Consulting", "Engineering", "ProjectManagement"], "jobType": "Full-time", "level": "Mid-Senior level"}, "jobId": "884760970", "location": "123PittStreet,Sydney,NSW2000,AU", "view": "Posted6hoursago"}{"jobTitle": "Personal Assistant", "company": "ConnectionsUnitingCare", "Detail": {"industry": ["NonprofitOrganizationManagement", "Individual&amp;FamilyServices", "GovernmentAdministration"], "jobFunction": ["Administrative"], "jobType": "Part-time", "level": "Entry level"}, "jobId": "885559010", "location": "Melbourne,AU", "view": "Posted12hoursago"}{"jobTitle": "Teacher - Italian", "company": "LoretoMandevilleHall", "Detail": {"industry": ["BusinessSuppliesandEquipment", "EducationManagement", "ArtsandCrafts"], "jobFunction": ["Education", "Training"], "jobType": "Full-time", "level": "Associate"}, "jobId": "883611130", "location": "Toorak,AU", "view": "10views"}{"jobTitle": "Senior Project Manager :: Workday", "company": "SystemsPeopleLimited", "Detail": {"industry": ["BusinessSuppliesandEquipment", "ConsumerServices", "EducationManagement"], "jobFunction": ["ProjectManagement", "InformationTechnology"], "jobType": "Full-time", "level": "Associate"}, "jobId": "883610913", "location": "Melbourne,AU", "view": "2views"}{"jobTitle": "ACFI Champion | Aged Care", "company": "RegisAgedCare", "Detail": {"industry": ["StaffingandRecruiting", "Health,WellnessandFitness", "Hospital&amp;HealthCare"], "jobFunction": ["HealthCareProvider"], "jobType": "Part-time", "level": "Entry level"}, "jobId": "885549825", "location": "MalvernEast,AU", "view": "Posted12hoursago"}{"jobTitle": "Senior Marketing Manager \\\\u2013 Content Planning", "company": "TheWaltDisneyCompany", "Detail": {"industry": ["Entertainment"], "jobFunction": ["Advertising", "PublicRelations", "Marketing"], "jobType": "Contract", "level": "Mid-Senior level"}, "jobId": "886709452", "location": "Melbourne,AU", "view": "Posted3hoursago"}{"jobTitle": "Client Accountant", "company": "ClemengerBBDO", "Detail": {"industry": ["MarketingandAdvertising", "Apparel&amp;Fashion", "Retail"], "jobFunction": ["Finance", "Sales"], "jobType": "Full-time", "level": "Entry level"}, "jobId": "885554221", "location": "Melbourne,AU", "view": "Posted12hoursago"}{"jobTitle": "Contracts Administrator", "company": "AppointPtyLtd", "Detail": {"industry": ["Construction", "CivilEngineering", "Transportation/Trucking/Railroad"], "jobFunction": ["Engineering", "Administrative", "Strategy"], "jobType": "Full-time", "level": "Mid-Senior level"}, "jobId": "884753907", "location": "Berry,NewSouthWales,Australia", "view": "Posted7hoursago"}{"jobTitle": "Business Development Consultant - Full Time Fixed Term", "company": "EACH", "Detail": {"industry": ["NonprofitOrganizationManagement", "MentalHealthCare", "Hospital&amp;HealthCare"], "jobFunction": ["Sales", "BusinessDevelopment"], "jobType": "Full-time", "level": "Associate"}, "jobId": "885887572", "location": "Boronia,AU", "view": "Posted9hoursago"}{"jobTitle": "Senior Auditor - Assurance  and  Risk Advisory", "company": "Vincents", "Detail": {"industry": ["Accounting"], "jobFunction": ["Accounting"], "jobType": "Full-time", "level": "Associate"}, "jobId": "884729092", "location": "Canberra,AustralianCapitalTerritory,Australia", "view": "Posted10hoursago"}{"jobTitle": "Signalling and Communications Tech", "company": "Airswift", "Detail": {"industry": ["Construction", "MechanicalorIndustrialEngineering", "Oil&amp;Energy"], "jobFunction": ["Engineering", "InformationTechnology"], "jobType": "Full-time", "level": "Entry level"}, "jobId": "886397262", "location": "Sydney,AU", "view": "Posted5hoursago"}{"jobTitle": "Liability Underwriter", "company": "SteadfastGroupLimited", "Detail": {"industry": ["Insurance"], "jobFunction": ["CustomerService", "Other"], "jobType": "Contract", "level": "Associate"}, "jobId": "884166164", "location": "Sydney,NewSouthWales,Australia", "view": "22views"}{"jobTitle": "Digital Marketing Co-ordinator", "company": "Attach\\\\xe9Software", "Detail": {"industry": ["InformationTechnologyandServices"], "jobFunction": ["Marketing", "Administrative", "Analyst"], "jobType": "Full-time", "level": "Associate"}, "jobId": "884946173", "location": "MacquariePark,NewSouthWales,Australia", "view": "Posted43minutesago"}{"jobTitle": "GM  and  Commercial Director", "company": "Firmenich", "Detail": {"industry": ["ConsumerGoods", "FoodProduction"], "jobFunction": ["Management", "Sales"], "jobType": "Full-time", "level": "Director"}, "jobId": "886042090", "location": "Sydney,NewSouthWales,Australia", "view": "Posted8hoursago"}{"jobTitle": "Unit Manager | Nursing Home | Small Elderly Unit", "company": "CompassAssociates", "Detail": {"industry": ["StaffingandRecruiting", "Health,WellnessandFitness", "Hospital&amp;HealthCare"], "jobFunction": ["HealthCareProvider"], "jobType": "Full-time", "level": "Mid-Senior level"}, "jobId": "886357369", "location": "Burnley,AU", "view": "Posted6hoursago"}{"jobTitle": "Talent Acquisition Specialist - Campus Recruitment", "company": "TheBostonConsultingGroup(BCG)", "Detail": {"industry": ["ManagementConsulting"], "jobFunction": ["HumanResources"], "jobType": "Full-time", "level": "Associate"}, "jobId": "886099455", "location": "Sydney,Australia", "view": "Posted6hoursago"}{"jobTitle": "Lead Solution Engineer | Commercial Clients | Sydney Head Office", "company": "Salesforce", "Detail": {"industry": ["ComputerSoftware", "InformationTechnologyandServices", "Internet"], "jobFunction": ["InformationTechnology"], "jobType": "Full-time", "level": ""}, "jobId": "884351144", "location": "Sydney,AU", "view": "Posted22hoursago"}{"jobTitle": "Graduate/Consultant - Transfer Pricing", "company": "BDOinAustralia", "Detail": {"industry": ["Accounting"], "jobFunction": ["Finance", "Sales"], "jobType": "Full-time", "level": ""}, "jobId": "884654606", "location": "Sydney,AU", "view": "Posted18hoursago"}{"jobTitle": "QA Lab  and  Compliance Manager", "company": "Danone", "Detail": {"industry": ["ConsumerGoods", "Food&amp;Beverages", "FoodProduction"], "jobFunction": ["QualityAssurance"], "jobType": "Full-time", "level": ""}, "jobId": "884510306", "location": "Kiewa,AU", "view": "24views"}{"jobTitle": "Estimator", "company": "ParkviewGroup(Australia)PtyLtd", "Detail": {"industry": ["Construction"], "jobFunction": ["Other"], "jobType": "Full-time", "level": "Mid-Senior level"}, "jobId": "884296035", "location": "Sydney,Australia", "view": "56views"}{"jobTitle": "Product Analyst", "company": "Mercer", "Detail": {"industry": ["InformationTechnologyandServices", "Insurance", "FinancialServices"], "jobFunction": ["BusinessDevelopment", "Sales"], "jobType": "Full-time", "level": "Associate"}, "jobId": "886787726", "location": "Melbourne,AU", "view": "Posted54minutesago"}{"jobTitle": "Project Manager", "company": "SynacoGlobal", "Detail": {"industry": ["Construction", "CivilEngineering"], "jobFunction": ["ProjectManagement", "Engineering"], "jobType": "Full-time", "level": "Mid-Senior level"}, "jobId": "884785502", "location": "Adelaide,SouthAustralia,Australia", "view": "Posted3hoursago"}{"jobTitle": "Manager, Event Planning Services", "company": "AdelaideVenueManagementCorporatio", "Detail": {"industry": ["Hospitality", "Entertainment", "EventsServices"], "jobFunction": ["Management", "Strategy"], "jobType": "Full-time", "level": "Mid-Senior level"}, "jobId": "886018866", "location": "Adelaide,SouthAustralia,Australia", "view": "Posted8hoursago"}{"jobTitle": "Senior Business Data Analyst", "company": "Intuit", "Detail": {"industry": ["ComputerSoftware", "Internet", "FinancialServices"], "jobFunction": ["InformationTechnology"], "jobType": "Full-time", "level": "Associate"}, "jobId": "884667255", "location": "Sydney,AU", "view": "Posted17hoursago"}