{"jobTitle": "Senior Brand Manager", "company": "SixDegreesExecutive", "Detail": {"industry": ["Accounting", "FinancialServices"], "jobFunction": ["Marketing"], "jobType": "Full-time", "level": "Mid-Senior level"}, "jobId": "884953804", "location": "Melbourne,AU", "view": "Posted44minutesago"}{"jobTitle": "Insurance Lawyer | 2-4 yrs PQE | Melbourne", "company": "FutureYou", "Detail": {"industry": ["Insurance"], "jobFunction": ["Legal"], "jobType": "Full-time", "level": ""}, "jobId": "884284899", "location": "Melbourne,AU", "view": "3views"}{"jobTitle": "Category Buyer Developer - Lingerie MEBS", "company": "MYER", "Detail": {"industry": ["Apparel&amp;Fashion", "Retail"], "jobFunction": ["ProductManagement", "Production", "QualityAssurance"], "jobType": "Full-time", "level": "Mid-Senior level"}, "jobId": "884201686", "location": "Melbourne,Australia", "view": "36views"}{"jobTitle": "Digital Commercial Specialist", "company": "CricketAustralia", "Detail": {"industry": ["Sports", "NonprofitOrganizationManagement", "GovernmentAdministration"], "jobFunction": ["Sales", "Management"], "jobType": "Full-time", "level": "Entry level"}, "jobId": "883687533", "location": "Melbourne,AU", "view": "59views"}{"jobTitle": "BI Reporting Analyst", "company": "iSelect", "Detail": {"industry": ["ConsumerServices", "Insurance"], "jobFunction": ["Analyst", "InformationTechnology", "Accounting"], "jobType": "Full-time", "level": "Associate"}, "jobId": "883719596", "location": "294BayRd,Cheltenham,VIC3192,AU", "view": "143views"}{"jobTitle": "Assistant Accountant", "company": "IndependenceAustralia", "Detail": {"industry": ["Hospital&amp;HealthCare", "NonprofitOrganizationManagement"], "jobFunction": ["HealthCareProvider", "Accounting", "Finance"], "jobType": "Full-time", "level": "Associate"}, "jobId": "883707912", "location": "Building19AshleyStreet,WestFootscray,VIC3012,AU", "view": "169views"}{"jobTitle": "Senior Social Media Consultant", "company": "NationalAustraliaBank", "Detail": {"industry": ["FinancialServices"], "jobFunction": ["Marketing"], "jobType": "Full-time", "level": "Mid-Senior level"}, "jobId": "884507990", "location": "Melbourne", "view": "76views"}{"jobTitle": "Senior Business Agile Project Officer", "company": "WorkSafeVictoria", "Detail": {"industry": ["Insurance"], "jobFunction": ["Strategy"], "jobType": "Full-time", "level": "Mid-Senior level"}, "jobId": "883704415", "location": "Geelong", "view": "70views"}{"jobTitle": "lead sql developer", "company": "RandstadAustralia", "Detail": {"industry": ["ConsumerElectronics", "InformationTechnologyandServices", "Telecommunications"], "jobFunction": ["InformationTechnology"], "jobType": "Full-time", "level": ""}, "jobId": "884576057", "location": "Melbourne,AU", "view": "51views"}{"jobTitle": "Key Account Manager", "company": "VeoliaAustraliaandNewZealand", "Detail": {"industry": ["Renewables&amp;Environment"], "jobFunction": ["Sales", "BusinessDevelopment"], "jobType": "Full-time", "level": "Associate"}, "jobId": "884513273", "location": "Melbourne,AU", "view": "70views"}{"jobTitle": "Brand Manager", "company": "CSG:TheGlobalTalentExperts", "Detail": {"industry": ["MarketingandAdvertising", "ConsumerGoods"], "jobFunction": ["Marketing", "ProductManagement", "Advertising"], "jobType": "Full-time", "level": "Mid-Senior level"}, "jobId": "883729320", "location": "Melbourne,Australia", "view": "192views"}{"jobTitle": "Recruitment Consultant", "company": "Hudso", "Detail": {"industry": ["StaffingandRecruiting"], "jobFunction": ["Sales"], "jobType": "Full-time", "level": "Mid-Senior level"}, "jobId": "884188888", "location": "MelbourneCBD,Melbourne,Australia", "view": "34views"}{"jobTitle": "Senior Associate - tax advisory (corporate)", "company": "BurgessPaluchLegalRecruitment", "Detail": {"industry": ["LawPractice", "LegalServices"], "jobFunction": ["Legal"], "jobType": "Full-time", "level": "Entry level"}, "jobId": "884721521", "location": "Melbourne,AU", "view": "Posted11hoursago"}{"jobTitle": "Key Account Manager, Trade (Melbourne)", "company": "Signify", "Detail": {"industry": ["Electrical/ElectronicManufacturing", "InformationTechnologyandServices", "ConsumerElectronics"], "jobFunction": ["Sales", "BusinessDevelopment"], "jobType": "Full-time", "level": "Associate"}, "jobId": "884552343", "location": "Melbourne,AU", "view": "32views"}{"jobTitle": "Dance  and  Drama Teacher", "company": "PattersonRiverSecondaryCollege", "Detail": {"industry": ["Primary/SecondaryEducation"], "jobFunction": ["Education"], "jobType": "Full-time", "level": "Associate"}, "jobId": "884168084", "location": "Melbourne,Australia", "view": "16views"}{"jobTitle": "HR Advisor - 9 month contract", "company": "MacphersonKelley", "Detail": {"industry": ["LawPractice"], "jobFunction": ["HumanResources"], "jobType": "Other", "level": ""}, "jobId": "884747528", "location": "Melbourne,AU", "view": "Posted9hoursago"}{"jobTitle": "Senior Data Analyst", "company": "nbn\\\\u2122Australia", "Detail": {"industry": ["Telecommunications"], "jobFunction": ["Analyst", "Other"], "jobType": "Contract", "level": "Associate"}, "jobId": "883724572", "location": "Docklands,Melbourne,Australia", "view": "321views"}{"jobTitle": "Category Manager - Packaging", "company": "Coles", "Detail": {"industry": ["Retail"], "jobFunction": ["Marketing", "Sales"], "jobType": "Full-time", "level": ""}, "jobId": "884535905", "location": "HawthornEast,AU", "view": "47views"}{"jobTitle": "Data Entry Operator", "company": "AltablueAustralia", "Detail": {"industry": ["Oil&amp;Energy", "LogisticsandSupplyChain"], "jobFunction": ["Administrative", "Accounting"], "jobType": "Contract", "level": "Entry level"}, "jobId": "883745414", "location": "Melbourne,Victoria,Australia", "view": "91views"}{"jobTitle": "Solution Architect", "company": "Peoplebank", "Detail": {"industry": ["InformationTechnologyandServices", "ComputerNetworking", "Computer&amp;NetworkSecurity"], "jobFunction": ["Engineering", "InformationTechnology"], "jobType": "Contract", "level": "Associate"}, "jobId": "884689263", "location": "Docklands,AU", "view": "Posted15hoursago"}{"jobTitle": "Chief Financial Officer", "company": "MorganConsulting", "Detail": {"industry": ["Accounting"], "jobFunction": ["Finance", "Sales"], "jobType": "Full-time", "level": ""}, "jobId": "884610995", "location": "Melbourne,AU", "view": "Posted22hoursago"}{"jobTitle": "Credit Team Leader \\\\u2013 Broker and Aggregation Sales", "company": "MacquarieGroup", "Detail": {"industry": ["Banking", "FinancialServices", "InvestmentBanking"], "jobFunction": ["InformationTechnology"], "jobType": "Full-time", "level": ""}, "jobId": "884732046", "location": "Melbourne,AU", "view": "Posted10hoursago"}{"jobTitle": "Partner Pre-Sales Engineer (Regional) - Melbourne", "company": "UiPath", "Detail": {"industry": ["InformationTechnologyandServices", "ComputerSoftware", "Internet"], "jobFunction": ["Sales", "BusinessDevelopment"], "jobType": "Full-time", "level": "Executive"}, "jobId": "884731908", "location": "Melbourne,AU", "view": "Posted10hoursago"}{"jobTitle": "Senior Network Engineer - 9 month FTC", "company": "Ashurst", "Detail": {"industry": ["LegalServices"], "jobFunction": ["InformationTechnology"], "jobType": "Full-time", "level": ""}, "jobId": "883901251", "location": "Melbourne,AU", "view": "19views"}{"jobTitle": "New Business Manager", "company": "Salmat", "Detail": {"industry": ["MarketingandAdvertising"], "jobFunction": ["Sales"], "jobType": "Full-time", "level": "Mid-Senior level"}, "jobId": "884520086", "location": "Melbourne,Australia", "view": "53views"}