{"jobTitle": "Paralegal", "company": "MauriceBlackburnLawyers", "Detail": {"industry": ["LawPractice", "Insurance", "LegalServices"], "jobFunction": ["Legal"], "jobType": "Part-time", "level": "Entry level"}, "jobId": "883741547", "location": "Melbourne,AU", "view": "88views"}{"jobTitle": "Associate Product Manager", "company": "AustCorpExecutive", "Detail": {"industry": ["Hospital&amp;HealthCare", "MedicalPractice"], "jobFunction": ["ProductManagement", "Marketing"], "jobType": "Full-time", "level": ""}, "jobId": "884667825", "location": "Melbourne,AU", "view": "Posted18hoursago"}{"jobTitle": "NPD Project Manager", "company": "SixDegreesExecutive", "Detail": {"industry": ["Accounting", "FinancialServices"], "jobFunction": ["Marketing"], "jobType": "Full-time", "level": "Entry level"}, "jobId": "883899637", "location": "Clayton,AU", "view": "74views"}{"jobTitle": "Senior Tax Analyst", "company": "QuinnAlla", "Detail": {"industry": ["FinancialServices"], "jobFunction": ["Finance"], "jobType": "Full-time", "level": "Mid-Senior level"}, "jobId": "883705647", "location": "Melbourne,Victoria,Australia", "view": "42views"}{"jobTitle": "NHHCP Case Manager", "company": "NorthernHealth", "Detail": {"industry": ["Hospital&amp;HealthCare"], "jobFunction": ["Other"], "jobType": "Full-time", "level": ""}, "jobId": "883768062", "location": "Epping,AU", "view": "12views"}{"jobTitle": "Senior Solution Architect - SAP Hybris", "company": "Peoplebank", "Detail": {"industry": ["InformationTechnologyandServices", "ComputerNetworking", "Computer&amp;NetworkSecurity"], "jobFunction": ["Engineering", "InformationTechnology"], "jobType": "Full-time", "level": "Associate"}, "jobId": "883719161", "location": "Melbourne,AU", "view": "18views"}{"jobTitle": "Contracts Administrator", "company": "BaysidePersonnel", "Detail": {"industry": ["CivilEngineering", "Construction"], "jobFunction": ["Administrative", "Other", "ProjectManagement"], "jobType": "Contract", "level": ""}, "jobId": "883701279", "location": "InnerSuburbsMelbourne,Australia", "view": "18views"}{"jobTitle": "Senior Conveyancing Executive", "company": "", "Detail": {"industry": ["LawPractice", "LegalServices"], "jobFunction": ["Legal"], "jobType": "Full-time", "level": "Mid-Senior level"}, "jobId": "884164367", "location": "Glenroy,Victoria,Australia", "view": "4views"}{"jobTitle": "Firmware Product Architect", "company": "Signify", "Detail": {"industry": ["ConsumerElectronics"], "jobFunction": ["Research", "InformationTechnology"], "jobType": "Full-time", "level": "Mid-Senior level"}, "jobId": "884954332", "location": "Sydney,Australia", "view": "Posted1hourago"}{"jobTitle": "Production Cook", "company": "FloridaInstituteofTechnology", "Detail": {"industry": ["NonprofitOrganizationManagement", "HigherEducation", "EducationManagement"], "jobFunction": ["Management", "Manufacturing"], "jobType": "Full-time", "level": "Entry level"}, "jobId": "886018660", "location": "Melbourne,AU", "view": "Posted9hoursago"}{"jobTitle": "Microwave Transmission Engineer", "company": "CSG:TheGlobalTalentExperts", "Detail": {"industry": ["Electrical/ElectronicManufacturing", "FinancialServices", "Telecommunications"], "jobFunction": ["Engineering", "Finance", "InformationTechnology"], "jobType": "Full-time", "level": "Mid-Senior level"}, "jobId": "884745103", "location": "Sydney,Australia", "view": "Posted9hoursago"}{"jobTitle": "Operational and Revenue Assurance Manager", "company": "AshdownPeople", "Detail": {"industry": ["Accounting"], "jobFunction": ["BusinessDevelopment", "Sales"], "jobType": "Full-time", "level": "Associate"}, "jobId": "886479707", "location": "Sydney,AU", "view": "Posted5hoursago"}{"jobTitle": "Organisational Change Manager", "company": "UniversityofSydney", "Detail": {"industry": ["HigherEducation"], "jobFunction": ["Education", "Marketing"], "jobType": "Contract", "level": "Mid-Senior level"}, "jobId": "884534102", "location": "Camperdown/Darlington,TheUniversityofSydney,NSW2006,AU", "view": "126views"}{"jobTitle": "Service Desk Lead", "company": "INGAustralia", "Detail": {"industry": ["Banking", "Insurance", "FinancialServices"], "jobFunction": ["InformationTechnology"], "jobType": "Full-time", "level": "Associate"}, "jobId": "884758063", "location": "Sydney,AU", "view": "Posted8hoursago"}{"jobTitle": "Client Partner", "company": "Gartner", "Detail": {"industry": ["InformationTechnologyandServices", "InformationServices", "Research"], "jobFunction": ["BusinessDevelopment", "Sales"], "jobType": "Full-time", "level": "Associate"}, "jobId": "886767423", "location": "Sydney,AU", "view": "Posted2hoursago"}{"jobTitle": "Spray Seal Crew", "company": "Downer", "Detail": {"industry": ["Construction", "StaffingandRecruiting", "Oil&amp;Energy"], "jobFunction": ["Design", "Art", "InformationTechnology"], "jobType": "Full-time", "level": "Entry level"}, "jobId": "884579286", "location": "Narrandera,AU", "view": "4views"}{"jobTitle": "Learning and Development Officer| People  and  Culture | Sydney", "company": "AIAAustralia", "Detail": {"industry": ["FinancialServices", "Insurance"], "jobFunction": ["CustomerService", "Design", "HumanResources"], "jobType": "Full-time", "level": "Entry level"}, "jobId": "884761072", "location": "Sydney", "view": "Posted7hoursago"}{"jobTitle": "Talent Acquisition Specialist - Deliveries", "company": "AustraliaPost", "Detail": {"industry": ["Package/FreightDelivery", "MarketingandAdvertising", "Retail"], "jobFunction": ["HumanResources"], "jobType": "Full-time", "level": "Associate"}, "jobId": "884941196", "location": "Sydney,NewSouthWales,Australia", "view": "Posted2hoursago"}{"jobTitle": "Gtac Education Officer (classroom Teacher)", "company": "VictorianGovernment", "Detail": {"industry": ["InformationTechnologyandServices", "BusinessSuppliesandEquipment", "ConsumerServices"], "jobFunction": ["Education", "Training"], "jobType": "Temporary", "level": "Entry level"}, "jobId": "883646258", "location": "Melbourne,AU", "view": "7views"}{"jobTitle": "Marketing Specialist (12 Months Contract)", "company": "PureStorage", "Detail": {"industry": ["ComputerHardware", "ComputerSoftware"], "jobFunction": ["PublicRelations", "BusinessDevelopment", "Marketing"], "jobType": "Full-time", "level": ""}, "jobId": "883709256", "location": "Sydney,AU", "view": "66views"}{"jobTitle": "Construction Manager (Structures)", "company": "LaingO'Rourke", "Detail": {"industry": ["Construction", "CivilEngineering", "StaffingandRecruiting"], "jobFunction": ["Management", "Manufacturing"], "jobType": "Full-time", "level": "Associate"}, "jobId": "886401970", "location": "Sydney,AU", "view": "Posted6hoursago"}{"jobTitle": "Team Leader - Disability Accommodation Services - Doreen", "company": "genU", "Detail": {"industry": ["NonprofitOrganizationManagement", "GovernmentAdministration", "Hospital&amp;HealthCare"], "jobFunction": ["CustomerService", "InformationTechnology"], "jobType": "Full-time", "level": "Associate"}, "jobId": "886458551", "location": "Melbourne,AU", "view": "Posted6hoursago"}{"jobTitle": "Project Services Coordinator", "company": "VictorianBuildingAuthority", "Detail": {"industry": ["Construction", "NonprofitOrganizationManagement", "GovernmentAdministration"], "jobFunction": ["BusinessDevelopment", "Sales"], "jobType": "Full-time", "level": "Entry level"}, "jobId": "886022004", "location": "Melbourne,AU", "view": "Posted9hoursago"}{"jobTitle": "Project Manager - Windows 10", "company": "Paxus-Technology+DigitalTalent", "Detail": {"industry": ["InformationTechnologyandServices", "ComputerSoftware", "FinancialServices"], "jobFunction": ["ProjectManagement", "InformationTechnology"], "jobType": "Contract", "level": "Entry level"}, "jobId": "884902897", "location": "Melbourne,AU", "view": "Posted10hoursago"}{"jobTitle": "Regulatory Strategy Advisor", "company": "nbn\\\\u2122Australia", "Detail": {"industry": ["Telecommunications"], "jobFunction": ["Other"], "jobType": "Contract", "level": ""}, "jobId": "886466938", "location": "NorthSydney,Sydney,Australia", "view": "Posted5hoursago"}