{"jobTitle": "Duty Manager - Woolworths Eltham", "company": "WoolworthsSupermarkets", "Detail": {"industry": ["Restaurants", "Food&amp;Beverages", "Retail"], "jobFunction": ["Management", "Manufacturing"], "jobType": "Part-time", "level": "Mid-Senior level"}, "jobId": "884901114", "location": "Melbourne,AU", "view": "Posted56minutesago"}{"jobTitle": "Commercial  and  Property Lawyer", "company": "MadisonBransonLawyers", "Detail": {"industry": ["LawPractice"], "jobFunction": ["Legal"], "jobType": "Full-time", "level": "Entry level"}, "jobId": "884798103", "location": "HawthornEast,Victoria,Australia", "view": "Posted1hourago"}{"jobTitle": "Salesforce Solution Architect", "company": "iSelect", "Detail": {"industry": ["ConsumerServices", "Insurance"], "jobFunction": ["InformationTechnology"], "jobType": "Full-time", "level": "Mid-Senior level"}, "jobId": "884550858", "location": "294BayRd,Cheltenham,VIC3192,AU", "view": "23views"}{"jobTitle": "Content and Social Media Coordinator", "company": "TheAustralianRedCrossBloodService", "Detail": {"industry": ["Health,WellnessandFitness", "ManagementConsulting", "NonprofitOrganizationManagement"], "jobFunction": ["Marketing", "PublicRelations", "Writing"], "jobType": "Full-time", "level": ""}, "jobId": "884770182", "location": "Melbourne,AU", "view": "Posted4hoursago"}{"jobTitle": "Leasing Executive", "company": "QIC", "Detail": {"industry": ["RealEstate", "InvestmentManagement"], "jobFunction": ["Sales"], "jobType": "Contract", "level": ""}, "jobId": "884925618", "location": "Melbourne,Australia", "view": "Posted12minutesago"}{"jobTitle": "Digital Team Leader", "company": "Computershare", "Detail": {"industry": ["InternationalTradeandDevelopment"], "jobFunction": ["InformationTechnology"], "jobType": "Full-time", "level": "Mid-Senior level"}, "jobId": "884907950", "location": "Abbotsford", "view": "Posted30minutesago"}{"jobTitle": "EOI - Architects", "company": "HASSELL", "Detail": {"industry": ["Architecture&amp;Planning"], "jobFunction": ["Design", "Art", "InformationTechnology"], "jobType": "Full-time", "level": ""}, "jobId": "884254581", "location": "Melbourne,AU", "view": "40views"}{"jobTitle": "Client Experience Manager", "company": "WorldStrides", "Detail": {"industry": ["EducationManagement", "Leisure,Travel&amp;Tourism"], "jobFunction": ["Sales", "Education", "BusinessDevelopment"], "jobType": "Full-time", "level": "Entry level"}, "jobId": "884545727", "location": "Melbourne,Australia", "view": "46views"}{"jobTitle": "Regional Sales Manager", "company": "KeysightTechnologies", "Detail": {"industry": ["Electrical/ElectronicManufacturing", "InformationTechnologyandServices"], "jobFunction": ["Engineering", "Sales"], "jobType": "Full-time", "level": "Mid-Senior level"}, "jobId": "886080080", "location": "Melbourne,Victoria,Australia", "view": "Posted6hoursago"}{"jobTitle": "Assistant Store Manager, Chadstone Brand Concept Store", "company": "adidas", "Detail": {"industry": ["ConsumerGoods", "Retail", "SportingGoods"], "jobFunction": ["Sales", "CustomerService"], "jobType": "Full-time", "level": ""}, "jobId": "883619681", "location": "Melbourne,AU", "view": "23views"}{"jobTitle": "Junior Network Systems Engineer", "company": "illionAustraliaandNewZealand", "Detail": {"industry": ["FinancialServices", "InformationTechnologyandServices"], "jobFunction": ["InformationTechnology", "Engineering"], "jobType": "Full-time", "level": "Associate"}, "jobId": "884535463", "location": "479StKildaRd,Melbourne,VIC3004,AU", "view": "77views"}{"jobTitle": "Category Executive", "company": "", "Detail": {"industry": ["Food&amp;Beverages", "ConsumerGoods", "Paper&amp;ForestProducts"], "jobFunction": ["Sales", "Marketing", "Analyst"], "jobType": "Full-time", "level": "Mid-Senior level"}, "jobId": "884747356", "location": "Melbourne,Australia", "view": "Posted7hoursago"}{"jobTitle": "Software Engineer", "company": "FiniteITRecruitmentSolutions", "Detail": {"industry": ["InformationTechnologyandServices"], "jobFunction": ["InformationTechnology"], "jobType": "Full-time", "level": "Mid-Senior level"}, "jobId": "884140956", "location": "Melbourne,Australia", "view": "56views"}{"jobTitle": "Research Officer /Senior Research Officer", "company": "AustralianInstituteofFamilyStudies", "Detail": {"industry": ["Research", "GovernmentRelations", "GovernmentAdministration"], "jobFunction": ["Research"], "jobType": "Contract", "level": "Mid-Senior level"}, "jobId": "883709361", "location": "Melbourne,Victoria,Australia", "view": "360views"}{"jobTitle": "Pre Projects Engineer", "company": "TetraPak", "Detail": {"industry": ["Food&amp;Beverages", "Dairy"], "jobFunction": ["ProjectManagement", "Engineering"], "jobType": "Full-time", "level": "Mid-Senior level"}, "jobId": "884191177", "location": "Melbourne,Australia", "view": "121views"}{"jobTitle": "IT Business Analyst - Graduate position (12 - 18 month fixed term contract)", "company": "Mercedes-BenzAustralia", "Detail": {"industry": ["Automotive"], "jobFunction": ["InformationTechnology", "Analyst"], "jobType": "Contract", "level": "Entry level"}, "jobId": "884750290", "location": "Melbourne,Australia", "view": "Posted6hoursago"}{"jobTitle": "Part-Time Senior Tester - Group IT", "company": "VillageRoadshow", "Detail": {"industry": ["Entertainment"], "jobFunction": ["InformationTechnology"], "jobType": "Part-time", "level": "Executive"}, "jobId": "883723384", "location": "SouthYarra", "view": "103views"}{"jobTitle": "Project Officer - Parking Compliance", "company": "CityofCasey", "Detail": {"industry": ["GovernmentAdministration", "PublicSafety"], "jobFunction": ["Strategy"], "jobType": "Full-time", "level": "Mid-Senior level"}, "jobId": "884109547", "location": "NarreWarre", "view": "40views"}{"jobTitle": "Senior Project Manager - Managed Services", "company": "", "Detail": {"industry": ["Insurance", "Hospital&amp;HealthCare"], "jobFunction": ["Other", "Finance", "ProjectManagement"], "jobType": "Full-time", "level": "Mid-Senior level"}, "jobId": "884093280", "location": "33ExhibitionSt,Melbourne,VIC3000,AU", "view": "122views"}{"jobTitle": "Lead Technical BA - 12 Month Contract", "company": "Nintex", "Detail": {"industry": ["ComputerSoftware"], "jobFunction": ["Analyst", "Engineering", "InformationTechnology"], "jobType": "Contract", "level": "Mid-Senior level"}, "jobId": "884150445", "location": "Melbourne,Australia", "view": "54views"}{"jobTitle": "Project Construction Supervisor - 12 month contract", "company": "ServiceStream", "Detail": {"industry": ["Utilities"], "jobFunction": ["Management", "Manufacturing"], "jobType": "Full-time", "level": ""}, "jobId": "884794791", "location": "ClaytonSouth,AU", "view": "Posted1hourago"}{"jobTitle": "Talent Acquisition Coordinator - Contract", "company": "MunroFootwearGroup", "Detail": {"industry": ["Apparel&amp;Fashion", "Retail", "HumanResources"], "jobFunction": ["Administrative", "CustomerService", "HumanResources"], "jobType": "Full-time", "level": "Mid-Senior level"}, "jobId": "884900329", "location": "PortMelbourne,Victoria,Australia", "view": "Posted60minutesago"}{"jobTitle": "Engineering Manager", "company": "Altitude-Information and CommunicationTechnology", "Detail": {"industry": ["Electrical/ElectronicManufacturing", "Telecommunications", "ConsumerElectronics"], "jobFunction": ["Engineering", "Manufacturing", "Management"], "jobType": "Full-time", "level": "Mid-Senior level"}, "jobId": "884915476", "location": "Melbourne,Victoria,Australia", "view": "Posted21minutesago"}{"jobTitle": "Business Development Manager", "company": "BeonEnergySolutions", "Detail": {"industry": ["Renewables&amp;Environment"], "jobFunction": ["GeneralBusiness", "BusinessDevelopment", "Distribution"], "jobType": "Full-time", "level": "Associate"}, "jobId": "886716522", "location": "40MarketSt,Melbourne,VIC3000,AU", "view": "Posted2hoursago"}{"jobTitle": "Project Accountant", "company": "AltablueAustralia", "Detail": {"industry": ["Oil&amp;Energy"], "jobFunction": ["Administrative", "Accounting"], "jobType": "Contract", "level": "Entry level"}, "jobId": "884786847", "location": "MelbourneCBD,Victoria,Australia", "view": "Posted1hourago"}