{"jobTitle": "Human Resources Coordinator", "company": "IMCTrading", "Detail": {"industry": ["FinancialServices", "InformationTechnologyandServices", "ComputerNetworking"], "jobFunction": ["HumanResources", "Administrative"], "jobType": "Full-time", "level": "Entry level"}, "jobId": "886055456", "location": "Sydney,Australia", "view": "Posted8hoursago"}{"jobTitle": "Manager, Security Control Assessment", "company": "IAG", "Detail": {"industry": ["Banking", "Insurance", "FinancialServices"], "jobFunction": ["QualityAssurance", "Finance"], "jobType": "Full-time", "level": ""}, "jobId": "884532835", "location": "Sydney,AU", "view": "49views"}{"jobTitle": "Project Manager- ABW (Activity Based Working)", "company": "ModisAustralia(formerlyAjilon)", "Detail": {"industry": ["InformationTechnologyandServices"], "jobFunction": ["ProjectManagement"], "jobType": "Contract", "level": "Mid-Senior level"}, "jobId": "884909054", "location": "Sydney,Australia", "view": "Posted3hoursago"}{"jobTitle": "Service Engagement Supervisor", "company": "CityofWhittlesea", "Detail": {"industry": ["NonprofitOrganizationManagement", "GovernmentAdministration", "Hospital&amp;HealthCare"], "jobFunction": ["Management", "Manufacturing"], "jobType": "Full-time", "level": "Mid-Senior level"}, "jobId": "884716301", "location": "Melbourne,AU", "view": "Posted12hoursago"}{"jobTitle": "AMIS Administration Engineer", "company": "Transurba", "Detail": {"industry": ["Transportation/Trucking/Railroad"], "jobFunction": ["Engineering", "InformationTechnology"], "jobType": "Other", "level": ""}, "jobId": "884534892", "location": "Sydney,AU", "view": "23views"}{"jobTitle": "Microsoft Dynamics Consultant", "company": "ASGGroup", "Detail": {"industry": ["InformationTechnologyandServices"], "jobFunction": ["InformationTechnology"], "jobType": "Full-time", "level": "Mid-Senior level"}, "jobId": "884112359", "location": "Canberra,AustralianCapitalTerritory,Australia", "view": "28views"}{"jobTitle": "Employment Consultant - jobactive - Norwood", "company": "MatchWorks", "Detail": {"industry": ["NonprofitOrganizationManagement", "StaffingandRecruiting", "GovernmentAdministration"], "jobFunction": ["Other"], "jobType": "Contract", "level": "Associate"}, "jobId": "884346328", "location": "Adelaide,AU", "view": "Posted23hoursago"}{"jobTitle": "IBM Planning Analytics / TM1 Project Manager", "company": "EthosBeathChapma", "Detail": {"industry": ["InformationTechnologyandServices"], "jobFunction": ["InformationTechnology", "ProjectManagement", "Finance"], "jobType": "Full-time", "level": "Mid-Senior level"}, "jobId": "884261538", "location": "Sydney,Australia", "view": "56views"}{"jobTitle": "Junior Sales Consultant | Tech Start-Up", "company": "StreamConsultingGroup", "Detail": {"industry": ["ComputerSoftware", "InformationTechnologyandServices"], "jobFunction": ["Sales", "BusinessDevelopment"], "jobType": "Full-time", "level": "Associate"}, "jobId": "883717803", "location": "Sydney,Australia", "view": "30views"}{"jobTitle": "Marketing Manager- 12 Mth Fixed Term Contract", "company": "WestpacGroup", "Detail": {"industry": ["Banking", "FinancialServices", "InvestmentBanking"], "jobFunction": ["Marketing", "ProductManagement"], "jobType": "Full-time", "level": ""}, "jobId": "884595976", "location": "Adelaide,AU", "view": "Posted24hoursago"}{"jobTitle": "Senior Human Resources Advisor", "company": "NewsCorpAustralia", "Detail": {"industry": ["Publishing"], "jobFunction": ["HumanResources"], "jobType": "Full-time", "level": "Mid-Senior level"}, "jobId": "883724809", "location": "Sydney,Australia", "view": "129views"}{"jobTitle": "MHx Manager", "company": "TheRoyalMelbourneHospital and NorthWesternMentalHealth", "Detail": {"industry": ["Hospital&amp;HealthCare"], "jobFunction": ["Other"], "jobType": "Contract", "level": ""}, "jobId": "886716505", "location": "Melbourne,AU", "view": "Posted4hoursago"}{"jobTitle": "Team Leader - Disability Accommodation Services - Cranbourne East", "company": "genU", "Detail": {"industry": ["NonprofitOrganizationManagement", "GovernmentAdministration", "Hospital&amp;HealthCare"], "jobFunction": ["CustomerService", "InformationTechnology"], "jobType": "Full-time", "level": "Associate"}, "jobId": "886468001", "location": "Melbourne,AU", "view": "Posted5hoursago"}{"jobTitle": "BabySitter Job: Melbourne VIC 3000", "company": "BabysittersNow", "Detail": {"industry": ["NonprofitOrganizationManagement", "StaffingandRecruiting", "Hospital&amp;HealthCare"], "jobFunction": ["Other"], "jobType": "Full-time", "level": "Entry level"}, "jobId": "886033638", "location": "Melbourne,AU", "view": "Posted9hoursago"}{"jobTitle": "Financial Analyst - Entry Level", "company": "Paxus-Technology+DigitalTalent", "Detail": {"industry": ["InformationTechnologyandServices", "ComputerSoftware", "FinancialServices"], "jobFunction": ["Finance", "Sales"], "jobType": "Part-time", "level": "Entry level"}, "jobId": "884905234", "location": "Melbourne,AU", "view": "Posted9hoursago"}{"jobTitle": "Project Manager", "company": "Hays", "Detail": {"industry": ["CivilEngineering"], "jobFunction": ["ProjectManagement"], "jobType": "Full-time", "level": ""}, "jobId": "886028333", "location": "Canberra,Australia", "view": "Posted9hoursago"}{"jobTitle": "IT Solution Lead \\\\u2013 Workplace and Facilities Systems", "company": "ReserveBankofAustralia", "Detail": {"industry": ["GovernmentAdministration", "Banking", "InformationTechnologyandServices"], "jobFunction": ["InformationTechnology", "Engineering", "ProjectManagement"], "jobType": "Full-time", "level": "Mid-Senior level"}, "jobId": "884932158", "location": "Sydney", "view": "Posted2hoursago"}{"jobTitle": "Administration Officer, Melbourne Magistrates'\\\\u200b Court", "company": "CourtServicesVictoria", "Detail": {"industry": ["NonprofitOrganizationManagement", "LegalServices", "GovernmentAdministration"], "jobFunction": ["Administrative"], "jobType": "Part-time", "level": "Entry level"}, "jobId": "884515502", "location": "Melbourne,AU", "view": "18views"}{"jobTitle": "Manager, Resilience Programs", "company": "DepartmentofEconomicDevelopment,Jobs,TransportandResources", "Detail": {"industry": ["NonprofitOrganizationManagement", "GovernmentAdministration", "FinancialServices"], "jobFunction": ["ProjectManagement", "InformationTechnology"], "jobType": "Full-time", "level": "Entry level"}, "jobId": "884515492", "location": "Melbourne,AU", "view": "16views"}{"jobTitle": "Senior Field Officer (Ab) _ Booligal  and  Moama", "company": "OfficeofEnvironmentandHeritage(NSW)", "Detail": {"industry": ["NonprofitOrganizationManagement", "EnvironmentalServices", "GovernmentAdministration"], "jobFunction": ["Education", "Other"], "jobType": "Full-time", "level": "Associate"}, "jobId": "884050236", "location": "Moama,AU", "view": "11views"}{"jobTitle": "Group QA Leader - Systems (6 month contract)", "company": "Lio", "Detail": {"industry": ["ConsumerGoods", "Food&amp;Beverages"], "jobFunction": ["QualityAssurance", "SupplyChain"], "jobType": "Contract", "level": ""}, "jobId": "884906890", "location": "SydneyOlympicPark,Sydney,Australia", "view": "Posted3hoursago"}{"jobTitle": "Employee Relations Specialist", "company": "CaltexAustralia", "Detail": {"industry": ["Oil&amp;Energy", "Retail"], "jobFunction": ["HumanResources"], "jobType": "Full-time", "level": ""}, "jobId": "884760274", "location": "SydneyCBD,Sydney,Australia", "view": "Posted7hoursago"}{"jobTitle": "Sales Support Coordinator", "company": "Medibank", "Detail": {"industry": ["Hospital&amp;HealthCare", "Insurance", "FinancialServices"], "jobFunction": ["Administrative", "CustomerService", "HealthCareProvider"], "jobType": "Full-time", "level": "Associate"}, "jobId": "883710301", "location": "Sydney,NewSouthWales,Australia", "view": "100views"}{"jobTitle": "PR Manager", "company": "THEICONIC", "Detail": {"industry": ["Retail", "MarketingandAdvertising", "PublicRelationsandCommunications"], "jobFunction": ["PublicRelations", "Advertising", "Marketing"], "jobType": "Full-time", "level": "Mid-Senior level"}, "jobId": "886088646", "location": "Sydney,NewSouthWales,Australia", "view": "Posted8hoursago"}{"jobTitle": "Primary Languages Teacher (Japanese)", "company": "WilliamClarkeCollege", "Detail": {"industry": ["Primary/SecondaryEducation"], "jobFunction": ["Education"], "jobType": "Temporary", "level": "Associate"}, "jobId": "886455764", "location": "1MorrisGrove,Kellyville,NSW2155,AU", "view": "Posted5hoursago"}