{"jobTitle": "Property/ Commercial Lawyer | Mandarin speaking | Melbourne", "company": "FutureYou", "Detail": {"industry": ["Insurance"], "jobFunction": ["Legal"], "jobType": "Full-time", "level": ""}, "jobId": "884285410", "location": "Melbourne,AU", "view": "3views"}{"jobTitle": "Regional Practice Manager WHS - VIC", "company": "Greencap", "Detail": {"industry": ["EnvironmentalServices"], "jobFunction": ["Management", "BusinessDevelopment"], "jobType": "Full-time", "level": "Mid-Senior level"}, "jobId": "884552231", "location": "Melbourne,Australia", "view": "22views"}{"jobTitle": "Bid Coordinator - Constructon", "company": "Design and BuildRecruitment", "Detail": {"industry": ["Architecture&amp;Planning", "Construction", "CivilEngineering"], "jobFunction": ["Sales", "BusinessDevelopment"], "jobType": "Full-time", "level": ""}, "jobId": "884134656", "location": "Melbourne,AU", "view": "17views"}{"jobTitle": "Coordinator Recreation Projects", "company": "GlenEiraCityCouncil", "Detail": {"industry": ["NonprofitOrganizationManagement", "GovernmentAdministration", "Health,WellnessandFitness"], "jobFunction": ["ProjectManagement", "InformationTechnology"], "jobType": "Full-time", "level": "Entry level"}, "jobId": "885526555", "location": "GlenEira,AU", "view": "Posted11hoursago"}{"jobTitle": "Sales Representative", "company": "btaSales", "Detail": {"industry": ["BuildingMaterials", "Construction", "Design"], "jobFunction": ["Sales", "BusinessDevelopment"], "jobType": "Full-time", "level": "Entry level"}, "jobId": "884762088", "location": "Melbourne,AU", "view": "Posted5hoursago"}{"jobTitle": "Data Engineer", "company": "Servia", "Detail": {"industry": ["InformationTechnologyandServices"], "jobFunction": ["InformationTechnology"], "jobType": "Full-time", "level": "Mid-Senior level"}, "jobId": "884522605", "location": "Level1145WilliamsStreet,Melbourne,VIC3000,AU", "view": "58views"}{"jobTitle": "EHS Manager", "company": "WilmarSugarAustraliaLimited", "Detail": {"industry": ["FoodProduction"], "jobFunction": ["Manufacturing"], "jobType": "Full-time", "level": "Mid-Senior level"}, "jobId": "884731231", "location": "265WhitehallStreetYarraville,Melbourne,VIC3013,AU", "view": "Posted9hoursago"}{"jobTitle": "casual customer service administrator(dandenong)", "company": "RandstadAustralia", "Detail": {"industry": ["ConsumerElectronics", "InformationTechnologyandServices", "Telecommunications"], "jobFunction": ["CustomerService", "InformationTechnology"], "jobType": "Contract", "level": ""}, "jobId": "884574899", "location": "Melbourne,AU", "view": "Posted23hoursago"}{"jobTitle": "Systems Engineer", "company": "PureStorage", "Detail": {"industry": ["ComputerHardware", "ComputerSoftware"], "jobFunction": ["Engineering"], "jobType": "Full-time", "level": ""}, "jobId": "884514930", "location": "Melbourne,AU", "view": "62views"}{"jobTitle": "Sales Support Officer", "company": "VeoliaAustraliaandNewZealand", "Detail": {"industry": ["Renewables&amp;Environment"], "jobFunction": ["CustomerService", "InformationTechnology"], "jobType": "Full-time", "level": "Entry level"}, "jobId": "884513271", "location": "Melbourne,AU", "view": "27views"}{"jobTitle": "National Tax Director", "company": "CroweHorwathAustralia", "Detail": {"industry": ["Accounting"], "jobFunction": ["Accounting", "Finance"], "jobType": "Full-time", "level": "Director"}, "jobId": "883766715", "location": "Australia", "view": "81views"}{"jobTitle": "Lawyer", "company": "MauriceBlackburnLawyers", "Detail": {"industry": ["LawPractice", "Insurance", "LegalServices"], "jobFunction": ["Legal"], "jobType": "Full-time", "level": "Associate"}, "jobId": "884570963", "location": "Melbourne,AU", "view": "Posted23hoursago"}{"jobTitle": "Office Experience Manager", "company": "Hardhat", "Detail": {"industry": ["MarketingandAdvertising"], "jobFunction": ["Administrative", "GeneralBusiness", "Advertising"], "jobType": "Full-time", "level": "Entry level"}, "jobId": "883860928", "location": "Prahran,Victoria,Australia", "view": "139views"}{"jobTitle": "Digital Marketing  and  Campaigns Lead", "company": "SpiritTelecomLimited", "Detail": {"industry": ["Telecommunications", "Internet", "InformationTechnologyandServices"], "jobFunction": ["Marketing"], "jobType": "Full-time", "level": "Associate"}, "jobId": "883741098", "location": "Melbourne,Australia", "view": "137views"}{"jobTitle": "Applications Support Engineer", "company": "DeviceTechnologies", "Detail": {"industry": ["Pharmaceuticals", "MedicalDevices", "Hospital&amp;HealthCare"], "jobFunction": ["InformationTechnology"], "jobType": "Full-time", "level": "Associate"}, "jobId": "884501181", "location": "Melbourne,Victoria,Australia", "view": "52views"}{"jobTitle": "Expressions of Interest - Project Managers", "company": "VentiaPtyLtd", "Detail": {"industry": ["Construction", "Telecommunications"], "jobFunction": ["ProjectManagement"], "jobType": "Full-time", "level": "Mid-Senior level"}, "jobId": "883678602", "location": "Melbourne", "view": "68views"}{"jobTitle": "Field Sales Manager", "company": "CreativeActivatio", "Detail": {"industry": ["Retail", "Supermarkets", "Telecommunications"], "jobFunction": ["Sales", "Management", "Strategy"], "jobType": "Full-time", "level": "Associate"}, "jobId": "884726352", "location": "474StKildaRoad,Melbourne,VIC3004,AU", "view": "Posted9hoursago"}{"jobTitle": "Key Account Manager, Modern Retail", "company": "Signify", "Detail": {"industry": ["Electrical/ElectronicManufacturing", "InformationTechnologyandServices", "ConsumerElectronics"], "jobFunction": ["Sales", "BusinessDevelopment"], "jobType": "Full-time", "level": "Mid-Senior level"}, "jobId": "884661142", "location": "Melbourne,AU", "view": "Posted17hoursago"}{"jobTitle": "Director - IT Advisory  and  Digital", "company": "SalesTribe", "Detail": {"industry": ["ComputerSoftware", "InformationTechnologyandServices"], "jobFunction": ["Sales"], "jobType": "Full-time", "level": "Director"}, "jobId": "884583493", "location": "Melbourne,Australia", "view": "Posted23hoursago"}{"jobTitle": "Interior Designer - ARCHICAD", "company": "", "Detail": {"industry": ["Architecture&amp;Planning"], "jobFunction": ["Design"], "jobType": "Contract", "level": ""}, "jobId": "884546151", "location": "Melbourne", "view": "24views"}{"jobTitle": "Finance Business Partner", "company": "CobsFineFood", "Detail": {"industry": ["Food&amp;Beverages"], "jobFunction": ["Finance", "Accounting"], "jobType": "Full-time", "level": "Mid-Senior level"}, "jobId": "883621375", "location": "Melbourne,Australia", "view": "76views"}{"jobTitle": "Media and Communications Advisor", "company": "AHPRA(AustraliaHealthPractitionerRegulationAgency)", "Detail": {"industry": ["GovernmentAdministration"], "jobFunction": ["PublicRelations"], "jobType": "Full-time", "level": "Mid-Senior level"}, "jobId": "884532686", "location": "Melbourne,Australia", "view": "71views"}{"jobTitle": "Business Development Manager", "company": "MantelGroup", "Detail": {"industry": ["InformationTechnologyandServices"], "jobFunction": ["InformationTechnology"], "jobType": "Full-time", "level": "Mid-Senior level"}, "jobId": "884533556", "location": "152ElizabethSt,MelbourneVictoria3000", "view": "57views"}{"jobTitle": "Senior UX Designer", "company": "OurVeryOwn(Givegreatideasavoice)", "Detail": {"industry": ["InformationTechnologyandServices"], "jobFunction": ["Design", "Art", "Consulting"], "jobType": "Full-time", "level": "Mid-Senior level"}, "jobId": "884284739", "location": "Melbourne,Australia", "view": "40views"}{"jobTitle": "Application Software Engineer Team Lead", "company": "XCalibreSolutions", "Detail": {"industry": ["MechanicalorIndustrialEngineering"], "jobFunction": ["Engineering", "Manufacturing"], "jobType": "Full-time", "level": "Mid-Senior level"}, "jobId": "884282609", "location": "Melbourne,Australia", "view": "37views"}