{"jobTitle": "Engineering Manager", "company": "Invoice2go", "Detail": {"industry": ["ComputerSoftware", "FinancialServices"], "jobFunction": ["Management"], "jobType": "Full-time", "level": "Mid-Senior level"}, "jobId": "884710693", "location": "Sydney,NewSouthWales,Australia", "view": "Posted12hoursago"}{"jobTitle": "PMO Manager", "company": "Metcash", "Detail": {"industry": ["ConsumerGoods", "Retail", "FinancialServices"], "jobFunction": ["ProjectManagement", "InformationTechnology"], "jobType": "Full-time", "level": "Associate"}, "jobId": "884762028", "location": "MacquariePark,AU", "view": "Posted6hoursago"}{"jobTitle": "Senior Developer", "company": "LiveHire(ASX:LVH)", "Detail": {"industry": ["InformationTechnologyandServices", "ComputerSoftware", "Internet"], "jobFunction": ["Engineering", "InformationTechnology"], "jobType": "Full-time", "level": "Associate"}, "jobId": "886045228", "location": "Melbourne,AU", "view": "Posted8hoursago"}{"jobTitle": "Inventory Planner Team Leader", "company": "DetmoldGroup", "Detail": {"industry": ["PackagingandContainers", "ConsumerGoods", "Food&amp;Beverages"], "jobFunction": ["Manufacturing", "SupplyChain", "Management"], "jobType": "Full-time", "level": "Mid-Senior level"}, "jobId": "884189980", "location": "45ChiefSt,Brompton,SA5007,AU", "view": "Posted4hoursago"}{"jobTitle": "Sr. Director Sales-SEA  and  Oceania", "company": "PerkinElmer,Inc.", "Detail": {"industry": ["InformationTechnologyandServices", "ComputerSoftware", "Biotechnology"], "jobFunction": ["Sales", "BusinessDevelopment"], "jobType": "Full-time", "level": "Director"}, "jobId": "886705082", "location": "GlenWaverley,AU", "view": "Posted4hoursago"}{"jobTitle": "Senior Graphic Designer", "company": "ConsoleGroup", "Detail": {"industry": ["ComputerSoftware", "RealEstate", "InformationTechnologyandServices"], "jobFunction": ["InformationTechnology", "Art", "Design"], "jobType": "Full-time", "level": "Mid-Senior level"}, "jobId": "884785708", "location": "HeadOfficeLevel2200AdelaideStreet,Brisbane,QLD4000,AU", "view": "Posted3hoursago"}{"jobTitle": "Software Assurance Lead", "company": "Thales", "Detail": {"industry": ["Aviation&amp;Aerospace", "Defense&amp;Space"], "jobFunction": ["Analyst", "InformationTechnology", "Engineering"], "jobType": "Full-time", "level": ""}, "jobId": "884560924", "location": "Melbourne,AU", "view": "11views"}{"jobTitle": "Legal Counsel", "company": "Ironfish", "Detail": {"industry": ["RealEstate"], "jobFunction": ["Management", "Consulting", "Legal"], "jobType": "Full-time", "level": "Associate"}, "jobId": "884769970", "location": "40MillerStreetLevel4,NorthSydney,NSW2060,AU", "view": "Posted5hoursago"}{"jobTitle": "Organisational Change Manager", "company": "DepartmentofJusticeandRegulation,Victoria,Australia", "Detail": {"industry": ["NonprofitOrganizationManagement", "GovernmentAdministration", "Hospital&amp;HealthCare"], "jobFunction": ["BusinessDevelopment", "Sales"], "jobType": "Full-time", "level": "Associate"}, "jobId": "884515493", "location": "Melbourne,AU", "view": "13views"}{"jobTitle": "Sales Development Representative, Inbound", "company": "Intercom", "Detail": {"industry": ["MarketingandAdvertising", "ComputerSoftware", "Internet"], "jobFunction": ["Sales", "BusinessDevelopment"], "jobType": "Full-time", "level": "Entry level"}, "jobId": "884905746", "location": "Sydney,AU", "view": "Posted2hoursago"}{"jobTitle": "Technical Manager - Fintech", "company": "XpandGroup", "Detail": {"industry": ["InformationTechnologyandServices", "ComputerSoftware", "FinancialServices"], "jobFunction": ["Engineering", "InformationTechnology"], "jobType": "Full-time", "level": ""}, "jobId": "884927989", "location": "Sydney,AU", "view": "Posted1hourago"}{"jobTitle": "Marketing Manager", "company": "", "Detail": {"industry": ["MarketingandAdvertising", "Retail"], "jobFunction": ["Marketing"], "jobType": "Contract", "level": "Mid-Senior level"}, "jobId": "884751170", "location": "Sydney,NewSouthWales,Australia", "view": "Posted8hoursago"}{"jobTitle": "Associate", "company": "DepartmentofPremierandCabinet(NSW)", "Detail": {"industry": ["GovernmentAdministration"], "jobFunction": ["BusinessDevelopment", "Other", "Strategy"], "jobType": "Full-time", "level": "Associate"}, "jobId": "886383849", "location": "Sydney", "view": "Posted6hoursago"}{"jobTitle": "Co-location and Co-site Project Coordinator | 6 Month Contract", "company": "ColliersInternationalAustralia", "Detail": {"industry": ["CommercialRealEstate"], "jobFunction": ["Sales"], "jobType": "Full-time", "level": "Executive"}, "jobId": "884760123", "location": "Sydney,Australia", "view": "Posted6hoursago"}{"jobTitle": "Sales Manager - T1  and  T2 Construction", "company": "GFGAlliance-Australia", "Detail": {"industry": ["Construction", "MechanicalorIndustrialEngineering", "Mining&amp;Metals"], "jobFunction": ["Sales", "BusinessDevelopment"], "jobType": "Full-time", "level": "Entry level"}, "jobId": "884682447", "location": "StMarys,AU", "view": "Posted15hoursago"}{"jobTitle": "Principal Control Systems Engineer", "company": "LogiCamms", "Detail": {"industry": ["MechanicalorIndustrialEngineering", "Mining&amp;Metals", "Chemicals"], "jobFunction": ["Engineering", "Consulting", "Other"], "jobType": "Full-time", "level": "Associate"}, "jobId": "884227752", "location": "Adelaide,SouthAustralia,Australia", "view": "37views"}{"jobTitle": "Operational Controls Manager", "company": "RecruitLoop", "Detail": {"industry": ["InformationTechnologyandServices", "BusinessSuppliesandEquipment", "EventsServices"], "jobFunction": ["Management", "Manufacturing"], "jobType": "Full-time", "level": "Associate"}, "jobId": "883646601", "location": "Melbourne,AU", "view": "8views"}{"jobTitle": "Personal Banker", "company": "QudosBank", "Detail": {"industry": ["FinancialServices", "Banking", "Retail"], "jobFunction": ["Finance", "Sales", "CustomerService"], "jobType": "Full-time", "level": "Associate"}, "jobId": "884763157", "location": "Miranda,NewSouthWales,Australia", "view": "Posted6hoursago"}{"jobTitle": "People  and  Culture Manager - OMF", "company": "FantasticFurniture", "Detail": {"industry": ["Retail"], "jobFunction": ["HumanResources"], "jobType": "Full-time", "level": "Mid-Senior level"}, "jobId": "884755901", "location": "62HumeHighway,Chullora,NSW2190,AU", "view": "Posted7hoursago"}{"jobTitle": "Senior Project Manager", "company": "EnhancedResourcing", "Detail": {"industry": ["Construction", "CivilEngineering", "Mining&amp;Metals"], "jobFunction": ["ProjectManagement", "Engineering", "Production"], "jobType": "Full-time", "level": "Mid-Senior level"}, "jobId": "884905264", "location": "Parramatta,NewSouthWales,Australia", "view": "Posted2hoursago"}{"jobTitle": "Senior Structural Engineer / Project Manager - Billion $$ Projects", "company": "ALRA|Australia'sLeadingRecruitmentAgency", "Detail": {"industry": ["CivilEngineering", "Construction", "ManagementConsulting"], "jobFunction": ["Engineering", "Consulting"], "jobType": "Full-time", "level": "Mid-Senior level"}, "jobId": "884919292", "location": "Sydney,Australia", "view": "Posted2hoursago"}{"jobTitle": "Research Manager", "company": "YouGovGalaxy", "Detail": {"industry": ["Research"], "jobFunction": ["Research", "Analyst", "BusinessDevelopment"], "jobType": "Full-time", "level": "Mid-Senior level"}, "jobId": "884934413", "location": "Sydney,Australia", "view": "Posted1hourago"}{"jobTitle": "Accountant", "company": "AlexanderGrey", "Detail": {"industry": ["Insurance", "FinancialServices", "Accounting"], "jobFunction": ["GeneralBusiness", "Finance", "Accounting"], "jobType": "Full-time", "level": "Associate"}, "jobId": "884930262", "location": "Sydney,Australia", "view": "Posted1hourago"}{"jobTitle": "Senior Architect", "company": "MichaelSuttorArchitects", "Detail": {"industry": ["Architecture&amp;Planning", "Design"], "jobFunction": ["Design", "ProjectManagement"], "jobType": "Full-time", "level": "Mid-Senior level"}, "jobId": "884790832", "location": "Sydney,Australia", "view": "Posted3hoursago"}{"jobTitle": "Legal Director", "company": "SuccessionPartnersPtyLtd", "Detail": {"industry": ["Insurance", "LegalServices"], "jobFunction": ["Legal"], "jobType": "Full-time", "level": "Mid-Senior level"}, "jobId": "886701144", "location": "Sydney,Australia", "view": "Posted4hoursago"}