{"jobTitle": "Senior DevOps Engineer", "company": "ConsoleGroup", "Detail": {"industry": ["RealEstate", "ComputerSoftware", "InformationTechnologyandServices"], "jobFunction": ["InformationTechnology", "Engineering", "Analyst"], "jobType": "Full-time", "level": "Mid-Senior level"}, "jobId": "884790269", "location": "HeadOfficeLevel2200AdelaideStreet,Brisbane,QLD4000,AU", "view": "Posted3hoursago"}{"jobTitle": "Merger  and  Acquisition Analyst | Lane Cove, NSW", "company": "", "Detail": {"industry": ["Hospital&amp;HealthCare"], "jobFunction": ["GeneralBusiness"], "jobType": "Full-time", "level": "Associate"}, "jobId": "883733546", "location": "LaneCove,NewSouthWales,Australia", "view": "155views"}{"jobTitle": "Business Development Consultant - Workplace Assured", "company": "VictorianChamberofCommerceandIndustry", "Detail": {"industry": ["BusinessSuppliesandEquipment", "GovernmentAdministration", "EventsServices"], "jobFunction": ["Sales", "BusinessDevelopment"], "jobType": "Full-time", "level": "Associate"}, "jobId": "883644172", "location": "Melbourne,AU", "view": "8views"}{"jobTitle": "Vehicle Assembler - Gemini Moorabbin", "company": "Elders", "Detail": {"industry": ["NonprofitOrganizationManagement", "StaffingandRecruiting", "Hospital&amp;HealthCare"], "jobFunction": ["Management", "Manufacturing"], "jobType": "Full-time", "level": "Entry level"}, "jobId": "886037389", "location": "Moorabbin,AU", "view": "Posted9hoursago"}{"jobTitle": "Junior Optimisation / Personalisation Analyst", "company": "Qantas", "Detail": {"industry": ["Aviation&amp;Aerospace"], "jobFunction": ["InformationTechnology"], "jobType": "Full-time", "level": "Mid-Senior level"}, "jobId": "884118455", "location": "Sydney", "view": "148views"}{"jobTitle": "EA to CEO", "company": "MJDExecutive", "Detail": {"industry": ["FinancialServices", "ManagementConsulting"], "jobFunction": ["Administrative"], "jobType": "Full-time", "level": "Mid-Senior level"}, "jobId": "884790660", "location": "Sydney,Australia", "view": "Posted3hoursago"}{"jobTitle": "Motor Claims Specialist", "company": "BlakeOliverConsulting", "Detail": {"industry": ["Insurance"], "jobFunction": ["CustomerService", "Legal", "Sales"], "jobType": "Full-time", "level": "Mid-Senior level"}, "jobId": "884792245", "location": "SydneyCBD,NewSouthWales,Australia", "view": "Posted3hoursago"}{"jobTitle": "Structural Drafter", "company": "NorthropConsultingEngineers", "Detail": {"industry": ["CivilEngineering"], "jobFunction": ["Design", "Art", "InformationTechnology"], "jobType": "Full-time", "level": ""}, "jobId": "884537666", "location": "Newcastle,AU", "view": "29views"}{"jobTitle": "Education Officer", "company": "DubboRegionalCouncil", "Detail": {"industry": ["Construction", "Utilities", "GovernmentAdministration"], "jobFunction": ["Education", "Training"], "jobType": "Full-time", "level": "Entry level"}, "jobId": "884788331", "location": "Dubbo,AU", "view": "Posted4hoursago"}{"jobTitle": "Day Hospital Coordinator", "company": "MonashHealth", "Detail": {"industry": ["Hospital&amp;HealthCare"], "jobFunction": ["Other"], "jobType": "Other", "level": ""}, "jobId": "884718322", "location": "Cheltenham,AU", "view": "Posted12hoursago"}{"jobTitle": "Food  and  Beverage Attendant (Casual)", "company": "SpotlessGroup", "Detail": {"industry": ["FacilitiesServices"], "jobFunction": ["Management", "Manufacturing"], "jobType": "Other", "level": ""}, "jobId": "886711775", "location": "Melbourne,AU", "view": "Posted9hoursago"}{"jobTitle": "Retail Planning Coordinator - Homebush West", "company": "HarveyNorma", "Detail": {"industry": ["Retail"], "jobFunction": ["Administrative"], "jobType": "Full-time", "level": "Associate"}, "jobId": "884952686", "location": "Sydney,Australia", "view": "Posted1hourago"}{"jobTitle": "Registered Nurse, Enrolled Nurse (Medication Endorsed)", "company": "BendigoHealth", "Detail": {"industry": ["Health,WellnessandFitness", "MedicalPractice", "Hospital&amp;HealthCare"], "jobFunction": ["HealthCareProvider"], "jobType": "Part-time", "level": "Associate"}, "jobId": "884753491", "location": "Bendigo,AU", "view": "Posted8hoursago"}{"jobTitle": "Risk Assessors and Evaluators - various roles", "company": "AustralianPesticidesandVeterinaryMedicinesAuthority", "Detail": {"industry": ["GovernmentAdministration"], "jobFunction": ["Science", "Research", "QualityAssurance"], "jobType": "Full-time", "level": "Associate"}, "jobId": "884136846", "location": "Armidale,NewSouthWales,Australia", "view": "14views"}{"jobTitle": "Android Mobile Architect", "company": "S2PProjectProfessionals", "Detail": {"industry": ["InformationTechnologyandServices"], "jobFunction": ["InformationTechnology"], "jobType": "Full-time", "level": "Mid-Senior level"}, "jobId": "884532918", "location": "Sydney,Australia", "view": "11views"}{"jobTitle": "Graduate Presales Engineer - Cyber Security", "company": "SparkRecruitment", "Detail": {"industry": ["InformationTechnologyandServices"], "jobFunction": ["InformationTechnology"], "jobType": "Full-time", "level": "Entry level"}, "jobId": "886019486", "location": "SydneyCBD,Sydney,Australia", "view": "Posted9hoursago"}{"jobTitle": "Electrician", "company": "ARTC", "Detail": {"industry": ["Construction", "GovernmentAdministration", "Transportation/Trucking/Railroad"], "jobFunction": ["Other"], "jobType": "Full-time", "level": "Entry level"}, "jobId": "884256173", "location": "PortAugusta,AU", "view": "22views"}{"jobTitle": "Advisor Delivery Specialist", "company": "DXCTechnology", "Detail": {"industry": ["InformationTechnologyandServices", "ComputerSoftware", "FinancialServices"], "jobFunction": ["ProjectManagement", "InformationTechnology"], "jobType": "Full-time", "level": "Associate"}, "jobId": "884683172", "location": "Sydney,AU", "view": "Posted16hoursago"}{"jobTitle": "Senior Financial Accountant", "company": "Novartis,Australia and NewZealand", "Detail": {"industry": ["MedicalDevices", "Pharmaceuticals", "Research"], "jobFunction": ["Finance", "Analyst", "Accounting"], "jobType": "Full-time", "level": "Associate"}, "jobId": "886744361", "location": "Sydney,AU", "view": "Posted3hoursago"}{"jobTitle": "Cisco Network Solutions Architect | Initial 6-month Contract", "company": "M and TResources", "Detail": {"industry": ["InformationTechnologyandServices"], "jobFunction": ["InformationTechnology"], "jobType": "Contract", "level": "Associate"}, "jobId": "884143365", "location": "PrramattaCBD", "view": "35views"}{"jobTitle": "Peerpoint: Senior Client Development Manager", "company": "Allen and Overy", "Detail": {"industry": ["LawPractice", "MarketingandAdvertising"], "jobFunction": ["BusinessDevelopment", "Management", "Marketing"], "jobType": "Full-time", "level": "Associate"}, "jobId": "884172655", "location": "Australia", "view": "27views"}{"jobTitle": "Program Support Officer", "company": "EnvironmentProtectionAuthorityVictoria(EPA)", "Detail": {"industry": ["NonprofitOrganizationManagement", "EnvironmentalServices", "GovernmentAdministration"], "jobFunction": ["ProjectManagement", "InformationTechnology"], "jobType": "Full-time", "level": "Entry level"}, "jobId": "883725533", "location": "Melbourne,AU", "view": "14views"}{"jobTitle": "Works Supervisor - Kilmore", "company": "VicRoads", "Detail": {"industry": ["InformationTechnologyandServices", "GovernmentAdministration", "FinancialServices"], "jobFunction": ["Other"], "jobType": "Full-time", "level": "Mid-Senior level"}, "jobId": "884717151", "location": "Kilmore,AU", "view": "Posted12hoursago"}{"jobTitle": "ICT Project Manager", "company": "Clarius/Ignite", "Detail": {"industry": ["Construction", "InformationTechnologyandServices", "StaffingandRecruiting"], "jobFunction": ["ProjectManagement", "InformationTechnology"], "jobType": "Contract", "level": "Associate"}, "jobId": "884966718", "location": "Melbourne,AU", "view": "Posted10minutesago"}{"jobTitle": "Physiotherapist - Palliative Care", "company": "CabriniHEALTH", "Detail": {"industry": ["Health,WellnessandFitness", "MedicalPractice", "Hospital&amp;HealthCare"], "jobFunction": ["HealthCareProvider"], "jobType": "Part-time", "level": "Associate"}, "jobId": "884769981", "location": "Prahran,AU", "view": "Posted6hoursago"}