{"jobTitle": "Rostering Specialist", "company": "Coles", "Detail": {"industry": ["Retail"], "jobFunction": ["Other"], "jobType": "Other", "level": ""}, "jobId": "884785657", "location": "HawthornEast,AU", "view": "Posted2hoursago"}{"jobTitle": "Design  and  Technology Teacher", "company": "PattersonRiverSecondaryCollege", "Detail": {"industry": ["Primary/SecondaryEducation"], "jobFunction": ["Education"], "jobType": "Full-time", "level": "Associate"}, "jobId": "884160231", "location": "Melbourne,Australia", "view": "13views"}{"jobTitle": "Project Accountant", "company": "AltablueAustralia", "Detail": {"industry": ["Oil&amp;Energy"], "jobFunction": ["Administrative", "Accounting"], "jobType": "Contract", "level": "Entry level"}, "jobId": "884786847", "location": "MelbourneCBD,Victoria,Australia", "view": "Posted1hourago"}{"jobTitle": "Senior Software Engineer - Rapidly Growing Software Company", "company": "Kaliba", "Detail": {"industry": ["ComputerSoftware", "InformationTechnologyandServices", "Internet"], "jobFunction": ["InformationTechnology"], "jobType": "Full-time", "level": "Mid-Senior level"}, "jobId": "886476394", "location": "Melbourne,Australia", "view": "Posted3hoursago"}{"jobTitle": "Senior Code Compliance Analyst - Life Insurance", "company": "AustralianFinancialComplaintsAuthority", "Detail": {"industry": ["FinancialServices"], "jobFunction": ["Legal"], "jobType": "Full-time", "level": "Associate"}, "jobId": "886485080", "location": "Melbourne,Victoria,Australia", "view": "Posted3hoursago"}{"jobTitle": "Product Development Technologist- Food Ingredients", "company": "LangdonIngredients", "Detail": {"industry": ["FoodProduction", "Food&amp;Beverages"], "jobFunction": ["Science", "Other"], "jobType": "Full-time", "level": "Associate"}, "jobId": "884768287", "location": "Melbourne,Australia", "view": "Posted4hoursago"}{"jobTitle": "Practice Manager", "company": "TheMischel and CoGroup", "Detail": {"industry": ["Accounting"], "jobFunction": ["Consulting", "InformationTechnology", "Sales"], "jobType": "Full-time", "level": "Mid-Senior level"}, "jobId": "884754620", "location": "Southbank,Victoria,Australia", "view": "Posted6hoursago"}{"jobTitle": "Recruitment Manager", "company": "AccentGroupLimited", "Detail": {"industry": ["Retail", "Apparel&amp;Fashion", "HumanResources"], "jobFunction": ["HumanResources", "Training", "CustomerService"], "jobType": "Full-time", "level": "Mid-Senior level"}, "jobId": "884743454", "location": "2/64BalmainStreet,Richmond,VIC3121,AU", "view": "Posted6hoursago"}{"jobTitle": "Financial Planning Assistant", "company": "", "Detail": {"industry": ["Insurance", "FinancialServices"], "jobFunction": ["Finance"], "jobType": "Full-time", "level": "Associate"}, "jobId": "884754765", "location": "Melbourne,Australia", "view": "Posted6hoursago"}{"jobTitle": "Sales Marketing Manager", "company": "SearchWorksPtyLtd", "Detail": {"industry": ["Construction", "BuildingMaterials"], "jobFunction": ["BusinessDevelopment", "Sales"], "jobType": "Full-time", "level": "Associate"}, "jobId": "886027154", "location": "Melbourne,Australia", "view": "Posted7hoursago"}{"jobTitle": "Senior Mortgage Broker", "company": "LoansOnly", "Detail": {"industry": ["FinancialServices"], "jobFunction": ["BusinessDevelopment", "Finance", "Sales"], "jobType": "Full-time", "level": "Mid-Senior level"}, "jobId": "884744619", "location": "Melbourne,Australia", "view": "Posted7hoursago"}{"jobTitle": "Security Architect", "company": "Ampstek", "Detail": {"industry": ["InformationTechnologyandServices"], "jobFunction": ["InformationTechnology"], "jobType": "Contract", "level": "Mid-Senior level"}, "jobId": "885899345", "location": "Melbourne,Victoria,Australia", "view": "Posted7hoursago"}{"jobTitle": "Executive Assistant", "company": "Bolinda", "Detail": {"industry": ["Publishing"], "jobFunction": ["Administrative"], "jobType": "Full-time", "level": "Mid-Senior level"}, "jobId": "884772248", "location": "Tullamarine,Victoria,Australia", "view": "Posted4hoursago"}{"jobTitle": "Account Executive", "company": "Gartner", "Detail": {"industry": ["InformationTechnologyandServices", "InformationServices", "Research"], "jobFunction": ["Sales", "BusinessDevelopment", "InformationTechnology"], "jobType": "Full-time", "level": "Associate"}, "jobId": "886767169", "location": "Melbourne,AU", "view": "Posted3minutesago"}{"jobTitle": "Gun Recruitment Coordinator", "company": "WilliamAdamsPtyLtd", "Detail": {"industry": ["Construction", "Machinery"], "jobFunction": ["HumanResources"], "jobType": "Full-time", "level": "Associate"}, "jobId": "886758794", "location": "17-55NantillaRoad,Clayton,VIC3168,AU", "view": "Posted22minutesago"}{"jobTitle": "Customer Service Specialist", "company": "BigPostPtyLtd", "Detail": {"industry": ["Transportation/Trucking/Railroad", "Retail", "LogisticsandSupplyChain"], "jobFunction": ["CustomerService", "GeneralBusiness", "SupplyChain"], "jobType": "Full-time", "level": "Entry level"}, "jobId": "884788968", "location": "NottingHill,Victoria,Australia", "view": "Posted43minutesago"}{"jobTitle": "Project Administrator", "company": "KapschTrafficComAG", "Detail": {"industry": ["Electrical/ElectronicManufacturing"], "jobFunction": ["Administrative", "ProjectManagement"], "jobType": "Full-time", "level": "Associate"}, "jobId": "883750003", "location": "Melbourne,Victoria,Australia", "view": "105views"}{"jobTitle": "Merchandise Assistant", "company": "BabyBunting", "Detail": {"industry": ["Retail"], "jobFunction": ["Strategy"], "jobType": "Full-time", "level": "Mid-Senior level"}, "jobId": "884915760", "location": "955TaylorsRdDandenongSouth,Melbourne,VIC3175,AU", "view": "Posted25minutesago"}{"jobTitle": "Recruitment Consultant", "company": "HalcyonKnights-Tech and ExecutiveTalent", "Detail": {"industry": ["HumanResources"], "jobFunction": ["HumanResources"], "jobType": "Full-time", "level": "Entry level"}, "jobId": "884766921", "location": "Melbourne", "view": "Posted4hoursago"}{"jobTitle": "Associate Vet", "company": "OurVet", "Detail": {"industry": ["Veterinary", "Farming"], "jobFunction": ["Other", "HealthCareProvider"], "jobType": "Full-time", "level": "Associate"}, "jobId": "884787322", "location": "Mornington,Victoria,Australia", "view": "Posted1hourago"}{"jobTitle": "Digital Project Manager", "company": "BosshTalent", "Detail": {"industry": ["OnlineMedia", "MarketingandAdvertising", "InformationTechnologyandServices"], "jobFunction": ["Marketing", "Advertising", "CustomerService"], "jobType": "Full-time", "level": "Mid-Senior level"}, "jobId": "884734304", "location": "Melbourne,Australia", "view": "Posted8hoursago"}{"jobTitle": "Associate / Senior Associate - banking  and  finance", "company": "BurgessPaluchLegalRecruitment", "Detail": {"industry": ["LawPractice", "LegalServices"], "jobFunction": ["Legal"], "jobType": "Full-time", "level": "Associate"}, "jobId": "884721522", "location": "Melbourne,AU", "view": "Posted9hoursago"}{"jobTitle": "Configuration Controller | Data Manager | Release Manager", "company": "KinexusAustralia", "Detail": {"industry": ["InformationTechnologyandServices", "Defense&amp;Space", "StaffingandRecruiting"], "jobFunction": ["InformationTechnology"], "jobType": "Contract", "level": "Associate"}, "jobId": "884706988", "location": "Melbourne,AU", "view": "Posted11hoursago"}{"jobTitle": "Early Childhood Educator", "company": "TradewindAustralia", "Detail": {"industry": ["Health,WellnessandFitness", "MentalHealthCare", "NonprofitOrganizationManagement"], "jobFunction": ["HealthCareProvider", "Education"], "jobType": "Full-time", "level": "Mid-Senior level"}, "jobId": "884198591", "location": "Melbourne,Australia", "view": "11views"}{"jobTitle": "Occupational Health Nurse", "company": "TheGO2PeopleLtd", "Detail": {"industry": ["MedicalPractice", "Health,WellnessandFitness", "Hospital&amp;HealthCare"], "jobFunction": ["HealthCareProvider", "Science", "Other"], "jobType": "Full-time", "level": "Associate"}, "jobId": "884138727", "location": "Melbourne,Victoria,Australia", "view": "18views"}