{"jobTitle": "Director of Training\\\\u6559\\\\u80b2\\\\u57f9\\\\u8bad\\\\u603b\\\\u76d1Base  Location: Both in the HQ and other cities domestic or abroad ( flexible by the policies and strategies of the company\\\\uff09\\\\u5de5\\\\u4f5c\\\\u5730\\\\u70b9\\\\uff1a\\\\u6839\\\\u636e\\\\u516c\\\\u53f8\\\\u5b89\\\\u6392\\\\u786e\\\\u5b9a", "company": "Tiens", "Detail": {"industry": ["Cosmetics", "Health,WellnessandFitness", "ConsumerGoods"], "jobFunction": ["BusinessDevelopment", "Marketing", "Sales"], "jobType": "Full-time", "level": "Mid-Senior level"}, "jobId": "884961374", "location": "Melbourne,Australia", "view": "Posted13minutesago"}{"jobTitle": "Registered Midwife \\\\u2013 Werribee Mercy Hospital", "company": "MercyHealthAustralia", "Detail": {"industry": ["NonprofitOrganizationManagement", "Health,WellnessandFitness", "Hospital&amp;HealthCare"], "jobFunction": ["HealthCareProvider"], "jobType": "Full-time", "level": "Associate"}, "jobId": "884253855", "location": "Melbourne,AU", "view": "3views"}{"jobTitle": "MANAGER, PLANNING  and  FINANCE", "company": "UniversityofMelbourne", "Detail": {"industry": ["HigherEducation", "FinancialServices"], "jobFunction": ["Education", "Management", "Finance"], "jobType": "Full-time", "level": "Director"}, "jobId": "884161680", "location": "Parkville,Melbourne,VIC3010,AU", "view": "165views"}{"jobTitle": "Senior Account Manager", "company": "TheBrandAgency", "Detail": {"industry": ["MarketingandAdvertising"], "jobFunction": ["Advertising", "Management", "ProjectManagement"], "jobType": "Full-time", "level": "Mid-Senior level"}, "jobId": "884759575", "location": "Melbourne,Australia", "view": "Posted7hoursago"}{"jobTitle": "Product Marketing Manager", "company": "AshdownPeople", "Detail": {"industry": ["MarketingandAdvertising"], "jobFunction": ["Marketing", "Sales"], "jobType": "Full-time", "level": "Mid-Senior level"}, "jobId": "886477720", "location": "Melbourne,AU", "view": "Posted5hoursago"}{"jobTitle": "Executive Assistant", "company": "EndeavourFoundatio", "Detail": {"industry": ["NonprofitOrganizationManagement", "FinancialServices", "Hospital&amp;HealthCare"], "jobFunction": ["Administrative"], "jobType": "Full-time", "level": "Associate"}, "jobId": "883719793", "location": "Bayside,AU", "view": "82views"}{"jobTitle": "Lead Consulting Architect", "company": "RMITUniversity", "Detail": {"industry": ["HigherEducation"], "jobFunction": ["Design", "Art", "InformationTechnology"], "jobType": "Full-time", "level": ""}, "jobId": "884796396", "location": "Melbourne,AU", "view": "Posted3hoursago"}{"jobTitle": "AX Support Analyst", "company": "Talent", "Detail": {"industry": ["InformationTechnologyandServices"], "jobFunction": ["InformationTechnology"], "jobType": "Full-time", "level": "Mid-Senior level"}, "jobId": "884768099", "location": "Melbourne,Australia", "view": "Posted6hoursago"}{"jobTitle": "Full Stack Developer .Net + Angular 2+", "company": "HSD", "Detail": {"industry": ["InformationTechnologyandServices"], "jobFunction": ["InformationTechnology"], "jobType": "Contract", "level": "Mid-Senior level"}, "jobId": "883766459", "location": "CollinsSt,MelbourneVictoria3000", "view": "59views"}{"jobTitle": "Research ICT", "company": "DefenceScienceandTechnologyGroup", "Detail": {"industry": ["Defense&amp;Space"], "jobFunction": ["Science", "Engineering"], "jobType": "Full-time", "level": "Executive"}, "jobId": "884729281", "location": "FishermansBend,Victoria,Australia", "view": "Posted10hoursago"}{"jobTitle": "Senior Project Architect", "company": "GrayPuksand", "Detail": {"industry": ["Architecture&amp;Planning"], "jobFunction": ["Art", "Other", "Design"], "jobType": "Full-time", "level": "Mid-Senior level"}, "jobId": "884927875", "location": "Melbourne,Australia", "view": "Posted2hoursago"}{"jobTitle": "Contract Support Officer", "company": "McArthur", "Detail": {"industry": ["NonprofitOrganizationManagement", "StaffingandRecruiting", "Hospital&amp;HealthCare"], "jobFunction": ["CustomerService", "InformationTechnology"], "jobType": "Contract", "level": "Entry level"}, "jobId": "886480402", "location": "Melbourne,AU", "view": "Posted5hoursago"}{"jobTitle": "User Interface Designer", "company": "CreativeRecruiters", "Detail": {"industry": ["GraphicDesign", "Design", "MarketingandAdvertising"], "jobFunction": ["Design", "Art", "ProductManagement"], "jobType": "Full-time", "level": "Mid-Senior level"}, "jobId": "884752269", "location": "Melbourne,Australia", "view": "Posted8hoursago"}{"jobTitle": "Project Schedulers", "company": "TerraFirmaBusinessConsulting", "Detail": {"industry": ["ManagementConsulting", "Telecommunications", "InformationTechnologyandServices"], "jobFunction": ["Consulting"], "jobType": "Full-time", "level": "Mid-Senior level"}, "jobId": "884519988", "location": "Melbourne,Victoria,Australia", "view": "52views"}{"jobTitle": "Business Development Manager, Large Enterprise", "company": "Gartner", "Detail": {"industry": ["InformationTechnologyandServices", "InformationServices", "Research"], "jobFunction": ["Sales", "BusinessDevelopment", "InformationTechnology"], "jobType": "Full-time", "level": "Associate"}, "jobId": "886769543", "location": "Melbourne,AU", "view": "Posted2hoursago"}{"jobTitle": "IT Graduate Engineer", "company": "WiproLimited", "Detail": {"industry": ["InformationTechnologyandServices"], "jobFunction": ["Engineering", "InformationTechnology"], "jobType": "Full-time", "level": "Associate"}, "jobId": "883727466", "location": "Melbourne,Australia", "view": "285views"}{"jobTitle": "Construction Project Leader \\\\u2013 Terminal Station Fitters", "company": "CitiPowerandPowercor", "Detail": {"industry": ["Utilities"], "jobFunction": ["Distribution", "Management", "Other"], "jobType": "Full-time", "level": "Mid-Senior level"}, "jobId": "884789734", "location": "40MarketSt,Melbourne,VIC3000,AU", "view": "Posted3hoursago"}{"jobTitle": "Project Coordinator", "company": "TelstraHealth", "Detail": {"industry": ["InformationTechnologyandServices"], "jobFunction": ["InformationTechnology"], "jobType": "Full-time", "level": "Associate"}, "jobId": "884900789", "location": "Melbourne,Australia", "view": "Posted3hoursago"}{"jobTitle": "Software Developer", "company": "RobertWalters", "Detail": {"industry": ["InformationTechnologyandServices"], "jobFunction": ["InformationTechnology"], "jobType": "Full-time", "level": ""}, "jobId": "883739114", "location": "InnerSuburbsMelbourne,Australia", "view": "69views"}{"jobTitle": "Leisure Systems Specialist", "company": "RACV", "Detail": {"industry": ["Automotive", "Hospitality", "Leisure,Travel&amp;Tourism"], "jobFunction": ["HumanResources", "Analyst"], "jobType": "Full-time", "level": "Associate"}, "jobId": "884609383", "location": "485BourkeSt,Melbourne,VIC3000,AU", "view": "Posted22hoursago"}{"jobTitle": "Team Leader - Core Systems Development", "company": "Computershare", "Detail": {"industry": ["InformationTechnologyandServices"], "jobFunction": ["InformationTechnology"], "jobType": "Full-time", "level": "Mid-Senior level"}, "jobId": "884903999", "location": "Abbotsford", "view": "Posted3hoursago"}{"jobTitle": "Workforce Planning Lead", "company": "AGLEnergy", "Detail": {"industry": ["Utilities"], "jobFunction": ["CustomerService"], "jobType": "Full-time", "level": "Mid-Senior level"}, "jobId": "886473644", "location": "MelbourneCBD,Melbourne,Australia", "view": "Posted5hoursago"}{"jobTitle": "Account Manager", "company": "WorldStrides", "Detail": {"industry": ["EducationManagement", "Leisure,Travel&amp;Tourism"], "jobFunction": ["Sales", "Education", "BusinessDevelopment"], "jobType": "Full-time", "level": "Entry level"}, "jobId": "884545456", "location": "Melbourne,Australia", "view": "65views"}{"jobTitle": "Senior Renewable Energy Engineer", "company": "WSPinAustralia and NewZealand", "Detail": {"industry": ["Construction", "CivilEngineering", "MechanicalorIndustrialEngineering"], "jobFunction": ["Engineering", "InformationTechnology"], "jobType": "Full-time", "level": "Entry level"}, "jobId": "884620807", "location": "Melbourne,AU", "view": "Posted21hoursago"}{"jobTitle": "Change Analyst - Contract", "company": "OriginEnergy", "Detail": {"industry": ["Mining&amp;Metals", "Oil&amp;Energy"], "jobFunction": ["ProjectManagement", "InformationTechnology"], "jobType": "Full-time", "level": ""}, "jobId": "883734795", "location": "Melbourne,AU", "view": "97views"}