{"jobTitle": "Director of People  and  Corporate Services", "company": "C-SUITEPARTNERSPL", "Detail": {"industry": ["Hospital&amp;HealthCare", "NonprofitOrganizationManagement"], "jobFunction": ["Management", "Strategy", "ProjectManagement"], "jobType": "Full-time", "level": "Executive"}, "jobId": "884720597", "location": "Sydney,Australia", "view": "Posted11hoursago"}{"jobTitle": "Senior PHP Developer", "company": "S2PProjectProfessionals", "Detail": {"industry": ["InformationTechnologyandServices"], "jobFunction": ["InformationTechnology"], "jobType": "Full-time", "level": "Mid-Senior level"}, "jobId": "884532846", "location": "Sydney,Australia", "view": "22views"}{"jobTitle": "ServiceNow Platform Manager", "company": "DistinctConnectPtyLtd", "Detail": {"industry": ["InformationTechnologyandServices", "ComputerSoftware"], "jobFunction": ["InformationTechnology"], "jobType": "Full-time", "level": "Mid-Senior level"}, "jobId": "884532292", "location": "Sydney,Australia", "view": "23views"}{"jobTitle": "Expression of Interest Sales Representative", "company": "hipages", "Detail": {"industry": ["InformationTechnologyandServices"], "jobFunction": ["Sales"], "jobType": "Full-time", "level": "Associate"}, "jobId": "884518291", "location": "Sydney,Australia", "view": "11views"}{"jobTitle": "HEAD OF RUGBY", "company": "StJoseph'sCollege", "Detail": {"industry": ["Primary/SecondaryEducation", "Sports"], "jobFunction": ["Training", "Other", "Management"], "jobType": "Contract", "level": "Executive"}, "jobId": "884291218", "location": "Sydney,Australia", "view": "33views"}{"jobTitle": "Student Intern", "company": "DovetailLegalSolutions", "Detail": {"industry": ["LegalServices"], "jobFunction": ["Other", "Legal", "Administrative"], "jobType": "Internship", "level": "Internship"}, "jobId": "884254926", "location": "Sydney,Australia", "view": "161views"}{"jobTitle": "Graphic Designer", "company": "ClickpressGroup", "Detail": {"industry": ["MarketingandAdvertising", "GraphicDesign", "Design"], "jobFunction": ["Design", "Production", "Advertising"], "jobType": "Full-time", "level": "Associate"}, "jobId": "884192336", "location": "Sydney,Australia", "view": "134views"}{"jobTitle": "Creative Consultant", "company": "CultureScouts", "Detail": {"industry": ["Leisure,Travel&amp;Tourism", "ArtsandCrafts", "MarketingandAdvertising"], "jobFunction": ["ProjectManagement", "Writing", "Art"], "jobType": "Full-time", "level": "Mid-Senior level"}, "jobId": "884150788", "location": "Sydney,Australia", "view": "142views"}{"jobTitle": "Cyber Security Threat Analyst", "company": "SparkRecruitment", "Detail": {"industry": ["InformationTechnologyandServices"], "jobFunction": ["InformationTechnology"], "jobType": "Full-time", "level": "Entry level"}, "jobId": "886002658", "location": "SydneyCBD,Sydney,Australia", "view": "Posted9hoursago"}{"jobTitle": "Clinical Consultant - Trauma - SA", "company": "Stryker", "Detail": {"industry": ["Electrical/ElectronicManufacturing", "MechanicalorIndustrialEngineering", "MedicalDevices"], "jobFunction": ["Research", "Analyst", "InformationTechnology"], "jobType": "Full-time", "level": ""}, "jobId": "886757038", "location": "Stepney,AU", "view": "Posted2hoursago"}{"jobTitle": "J2ee Technical Architect", "company": "JulesRemayConsulting", "Detail": {"industry": ["InformationTechnologyandServices", "ManagementConsulting"], "jobFunction": ["Consulting", "InformationTechnology"], "jobType": "Full-time", "level": "Mid-Senior level"}, "jobId": "883752837", "location": "Sydney,NewSouthWales,Australia", "view": "65views"}{"jobTitle": "Case Manager - Continuing Care Team", "company": "StVincent'sHospitalMelbourne", "Detail": {"industry": ["BusinessSuppliesandEquipment", "ConsumerServices", "EducationManagement"], "jobFunction": ["Other"], "jobType": "Full-time", "level": "Associate"}, "jobId": "883609819", "location": "EastMelbourne,AU", "view": "3views"}{"jobTitle": "General Manager - NSW Oncology", "company": "GenesisCare", "Detail": {"industry": ["Hospital&amp;HealthCare", "Health,WellnessandFitness", "MedicalPractice"], "jobFunction": ["HealthCareProvider", "Management", "Strategy"], "jobType": "Full-time", "level": "Associate"}, "jobId": "884591496", "location": "Sydney,NewSouthWales,Australia", "view": "Posted24hoursago"}{"jobTitle": "Marketing Executive", "company": "Travelopia", "Detail": {"industry": ["Leisure,Travel&amp;Tourism"], "jobFunction": ["Marketing"], "jobType": "Full-time", "level": "Entry level"}, "jobId": "884583827", "location": "Sydney,NewSouthWales,Australia", "view": "Posted24hoursago"}{"jobTitle": "Senior Business Analyst", "company": "TCorp", "Detail": {"industry": ["Banking", "FinancialServices", "Accounting"], "jobFunction": ["BusinessDevelopment", "Sales"], "jobType": "Full-time", "level": "Associate"}, "jobId": "884598575", "location": "Sydney,AU", "view": "Posted23hoursago"}{"jobTitle": "Accounts Payable Transition Officer", "company": "SustainAbilityConsulting", "Detail": {"industry": ["Accounting"], "jobFunction": ["Accounting", "Finance"], "jobType": "Full-time", "level": ""}, "jobId": "884535741", "location": "Sydney,AU", "view": "12views"}{"jobTitle": "Tj\\\\xe4nstem\\\\xe4n till Peab Asfalt", "company": "Peab", "Detail": {"industry": ["Construction"], "jobFunction": ["Management"], "jobType": "Full-time", "level": "Entry level"}, "jobId": "884903403", "location": "Sydney,AU", "view": "Posted2hoursago"}{"jobTitle": "Pre Sales Engineer", "company": "Westcon-ComstorAustralia", "Detail": {"industry": ["InformationTechnologyandServices"], "jobFunction": ["InformationTechnology", "Distribution", "Sales"], "jobType": "Full-time", "level": "Mid-Senior level"}, "jobId": "884555245", "location": "Unit4/39HerbertStreet,StLeonards,NSW2065,AU", "view": "27views"}{"jobTitle": "Test Automation Engineer", "company": "SRAInformationTechnology", "Detail": {"industry": ["InformationTechnologyandServices", "InformationServices", "Hospital&amp;HealthCare"], "jobFunction": ["InformationTechnology", "Analyst", "QualityAssurance"], "jobType": "Contract", "level": "Mid-Senior level"}, "jobId": "884257216", "location": "Brisbane,Queensland,Australia", "view": "45views"}{"jobTitle": "Care Manager", "company": "CatholicHealthcare", "Detail": {"industry": ["Hospital&amp;HealthCare"], "jobFunction": ["HealthCareProvider"], "jobType": "Full-time", "level": ""}, "jobId": "884538166", "location": "Wahroonga,AU", "view": "9views"}{"jobTitle": "Event Volunteer - Sole Motive End of Year Run Party!", "company": "SoleMotive", "Detail": {"industry": ["NonprofitOrganizationManagement", "Civic&amp;SocialOrganization", "EventsServices"], "jobFunction": ["Management", "Manufacturing"], "jobType": "Volunteer", "level": "Entry level"}, "jobId": "886039248", "location": "AlbertPark,AU", "view": "Posted8hoursago"}{"jobTitle": "Accounts Clerk", "company": "TheAdeccoGroup", "Detail": {"industry": ["Accounting", "FinancialServices"], "jobFunction": ["Accounting"], "jobType": "Temporary", "level": "Mid-Senior level"}, "jobId": "884744729", "location": "Sydney,Australia", "view": "Posted9hoursago"}{"jobTitle": "Junior Graphic Designer", "company": "M.J.Bale", "Detail": {"industry": ["Retail", "Apparel&amp;Fashion"], "jobFunction": ["Art", "Design", "Marketing"], "jobType": "Full-time", "level": "Entry level"}, "jobId": "884135125", "location": "Level2,Suite2.16100CollinsStreet,Alexandria,NSW2015,AU", "view": "95views"}{"jobTitle": "Senior DevOps Engineer", "company": "Avoka", "Detail": {"industry": ["ComputerSoftware"], "jobFunction": ["Consulting", "InformationTechnology", "Sales"], "jobType": "Full-time", "level": "Mid-Senior level"}, "jobId": "885859917", "location": "Sydney,NewSouthWales,Australia", "view": "Posted9hoursago"}{"jobTitle": "Digital Price Modelling Analyst", "company": "CorrelateResources", "Detail": {"industry": ["Banking", "FinancialServices", "ManagementConsulting"], "jobFunction": ["Analyst", "InformationTechnology", "Strategy"], "jobType": "Full-time", "level": "Mid-Senior level"}, "jobId": "883768078", "location": "Sydney,Australia", "view": "64views"}