{"jobTitle": "Communications Manager", "company": "TheiQGroupGlobal", "Detail": {"industry": ["Biotechnology", "Pharmaceuticals", "MedicalDevices"], "jobFunction": ["Marketing", "Consulting", "Advertising"], "jobType": "Full-time", "level": "Mid-Senior level"}, "jobId": "884749726", "location": "Level9,85CastlereaghStreet,Sydney,NSW2000,AU", "view": "Posted7hoursago"}{"jobTitle": "Client Services Manager", "company": "Verticurl(aWPPCompany)", "Detail": {"industry": ["MarketingandAdvertising", "InformationServices", "InformationTechnologyandServices"], "jobFunction": ["InformationTechnology", "Consulting", "Marketing"], "jobType": "Full-time", "level": "Mid-Senior level"}, "jobId": "884929811", "location": "Sydney,NewSouthWales,Australia", "view": "Posted1hourago"}{"jobTitle": "Communications Manager", "company": "CottonAustralia", "Detail": {"industry": ["Farming"], "jobFunction": ["Marketing", "PublicRelations", "Writing"], "jobType": "Full-time", "level": "Mid-Senior level"}, "jobId": "883721951", "location": "Mascot,NewSouthWales,Australia", "view": "191views"}{"jobTitle": "Project Officer - Research, Evaluation and Development", "company": "UnitingCommunities", "Detail": {"industry": ["NonprofitOrganizationManagement"], "jobFunction": ["Research"], "jobType": "Part-time", "level": "Mid-Senior level"}, "jobId": "884752737", "location": "10PittStreet,Adelaide,SA5000,AU", "view": "Posted7hoursago"}{"jobTitle": "Academic Governance and Performance Officer", "company": "UOWGlobalEnterprises", "Detail": {"industry": ["HigherEducation"], "jobFunction": ["Education", "QualityAssurance"], "jobType": "Part-time", "level": "Mid-Senior level"}, "jobId": "884727715", "location": "Wollongong,Australia", "view": "Posted9hoursago"}{"jobTitle": "Inventory Manager Rebel Adelaide City", "company": "SuperRetailGroup", "Detail": {"industry": ["Retail"], "jobFunction": ["Management", "Manufacturing"], "jobType": "Full-time", "level": ""}, "jobId": "884662946", "location": "Adelaide,AU", "view": "Posted17hoursago"}{"jobTitle": "Customer Service Representative", "company": "Koala.com", "Detail": {"industry": ["Design", "Furniture", "Retail"], "jobFunction": ["CustomerService", "QualityAssurance", "SupplyChain"], "jobType": "Full-time", "level": "Entry level"}, "jobId": "884163873", "location": "U12,37-41O'RiordanStreet,Alexandria,NSW2015,AU", "view": "59views"}{"jobTitle": "Manager Community and Stakeholder Engagement", "company": "DepartmentofEconomicDevelopment,Jobs,TransportandResources", "Detail": {"industry": ["NonprofitOrganizationManagement", "GovernmentAdministration", "FinancialServices"], "jobFunction": ["Other"], "jobType": "Temporary", "level": "Mid-Senior level"}, "jobId": "884515490", "location": "Melbourne,AU", "view": "12views"}{"jobTitle": "Senior Commercial Performance Analyst", "company": "Qantas", "Detail": {"industry": ["Airlines/Aviation", "Aviation&amp;Aerospace", "FinancialServices"], "jobFunction": ["Analyst", "Finance", "Strategy"], "jobType": "Full-time", "level": "Mid-Senior level"}, "jobId": "884534790", "location": "Sydney", "view": "173views"}{"jobTitle": "Light Vehicle Mechanic", "company": "PicklesAuctions", "Detail": {"industry": ["ProfessionalTraining&amp;Coaching", "BusinessSuppliesandEquipment", "ConsumerServices"], "jobFunction": ["Engineering", "InformationTechnology"], "jobType": "Full-time", "level": "Entry level"}, "jobId": "883612065", "location": "Sunshine,AU", "view": "1view"}{"jobTitle": "Agile Project Manager", "company": "e and eSolutions", "Detail": {"industry": ["InformationTechnologyandServices"], "jobFunction": ["Consulting", "InformationTechnology"], "jobType": "Contract", "level": "Mid-Senior level"}, "jobId": "883708836", "location": "Level7320AdelaideStreet,Brisbane,QLD4000,AU", "view": "161views"}{"jobTitle": "Organisational Development Specialist", "company": "nibhealthfunds", "Detail": {"industry": ["Insurance"], "jobFunction": ["HumanResources"], "jobType": "Full-time", "level": "Mid-Senior level"}, "jobId": "884201687", "location": "Sydney", "view": "73views"}{"jobTitle": "Business Development Operations Manager", "company": "SanChurro", "Detail": {"industry": ["Hospitality", "Food&amp;Beverages", "Restaurants"], "jobFunction": ["Sales", "BusinessDevelopment", "Management"], "jobType": "Full-time", "level": "Mid-Senior level"}, "jobId": "883726139", "location": "NewSouthWales,Australia", "view": "120views"}{"jobTitle": "Area Sales Manager - Wagga", "company": "Nuseed", "Detail": {"industry": ["Farming"], "jobFunction": ["Sales", "BusinessDevelopment", "Strategy"], "jobType": "Full-time", "level": "Mid-Senior level"}, "jobId": "886031856", "location": "WaggaWagga,NewSouthWales,Australia", "view": "Posted8hoursago"}{"jobTitle": "Pathology Courier - Part Time", "company": "StVincent\\\\u2019sHealthNetworkSydney", "Detail": {"industry": ["NonprofitOrganizationManagement", "GovernmentAdministration", "Hospital&amp;HealthCare"], "jobFunction": ["Management", "Manufacturing"], "jobType": "Part-time", "level": "Entry level"}, "jobId": "885559408", "location": "Fitzroy,AU", "view": "Posted12hoursago"}{"jobTitle": "Consultant Anaesthetist", "company": "BallaratHealthServices", "Detail": {"industry": ["GovernmentAdministration", "Health,WellnessandFitness", "Hospital&amp;HealthCare"], "jobFunction": ["Consulting", "InformationTechnology", "Sales"], "jobType": "Full-time", "level": "Associate"}, "jobId": "886023157", "location": "Trawool,AU", "view": "Posted8hoursago"}{"jobTitle": "Project Officer - Aboriginal Identified", "company": "Uniting", "Detail": {"industry": ["Hospital&amp;HealthCare", "NonprofitOrganizationManagement"], "jobFunction": ["Other"], "jobType": "Full-time", "level": ""}, "jobId": "884902492", "location": "NorthParramatta,AU", "view": "Posted2hoursago"}{"jobTitle": "Forensic Residential Worker - SE Melb / Bayside", "company": "ACSOAustralia", "Detail": {"industry": ["NonprofitOrganizationManagement", "MentalHealthCare", "GovernmentAdministration"], "jobFunction": ["Administrative"], "jobType": "Full-time", "level": "Entry level"}, "jobId": "885556179", "location": "Armadale,AU", "view": "Posted12hoursago"}{"jobTitle": "Greenlight Expert (customer support) - casual", "company": "Uber", "Detail": {"industry": ["ComputerSoftware", "ConsumerServices", "InformationTechnologyandServices"], "jobFunction": ["CustomerService", "InformationTechnology"], "jobType": "Full-time", "level": ""}, "jobId": "884602439", "location": "Adelaide,AU", "view": "Posted22hoursago"}{"jobTitle": "Project Administrator", "company": "VictoriaPolice", "Detail": {"industry": ["NonprofitOrganizationManagement", "GovernmentAdministration", "FinancialServices"], "jobFunction": ["ProjectManagement", "InformationTechnology"], "jobType": "Full-time", "level": "Entry level"}, "jobId": "884514748", "location": "Melbourne,AU", "view": "21views"}{"jobTitle": "Internal Account Manager", "company": "FlexiGroupLimited(FXL)", "Detail": {"industry": ["FinancialServices"], "jobFunction": ["Sales"], "jobType": "Full-time", "level": "Mid-Senior level"}, "jobId": "884749598", "location": "Level7,179ElizabethSt,,Sydney,NSW2000,AU", "view": "Posted7hoursago"}{"jobTitle": "Keilor Village- Casual Childrens Services Employee-Certificate 3", "company": "MissionAustralia", "Detail": {"industry": ["NonprofitOrganizationManagement", "GovernmentAdministration", "Hospital&amp;HealthCare"], "jobFunction": ["CustomerService", "InformationTechnology"], "jobType": "Full-time", "level": "Entry level"}, "jobId": "885616136", "location": "", "view": ""}{"jobTitle": "Elearning Facilitator", "company": "SmartTeachers", "Detail": {"industry": ["InformationTechnologyandServices", "ConsumerServices", "Internet"], "jobFunction": ["HumanResources"], "jobType": "Full-time", "level": "Associate"}, "jobId": "883609915", "location": "Melbourne,AU", "view": "4views"}{"jobTitle": "National Head of Cyber Security", "company": "RiskLogic", "Detail": {"industry": ["ManagementConsulting", "InformationTechnologyandServices", "Computer&amp;NetworkSecurity"], "jobFunction": ["Consulting", "InformationTechnology", "Strategy"], "jobType": "Full-time", "level": "Mid-Senior level"}, "jobId": "886435521", "location": "Level774CastlereaghSt,Sydney,NSW2000,AU", "view": "Posted5hoursago"}{"jobTitle": "IT Support Specialist", "company": "ClixpertPtyLtd", "Detail": {"industry": ["MarketingandAdvertising", "ComputerSoftware", "InformationTechnologyandServices"], "jobFunction": ["InformationTechnology"], "jobType": "Full-time", "level": "Associate"}, "jobId": "886724400", "location": "Parramatta,NewSouthWales,Australia", "view": "Posted3hoursago"}