{"jobTitle": "Optometrist", "company": "BaileyNelso", "Detail": {"industry": ["Retail", "Health,WellnessandFitness"], "jobFunction": ["HealthCareProvider", "CustomerService"], "jobType": "Full-time", "level": "Mid-Senior level"}, "jobId": "883740762", "location": "Chadstone,Victoria,Australia", "view": "11views"}{"jobTitle": "Store Manager - BWS South Yarra", "company": "BWS", "Detail": {"industry": ["Restaurants", "Food&amp;Beverages", "Retail"], "jobFunction": ["Sales", "BusinessDevelopment"], "jobType": "Full-time", "level": "Mid-Senior level"}, "jobId": "883773131", "location": "Melbourne,AU", "view": "8views"}{"jobTitle": "Legal Secretary - Commercial", "company": "KaleidoscopeLegalRecruitment", "Detail": {"industry": ["LawPractice", "LegalServices"], "jobFunction": ["Legal"], "jobType": "Contract", "level": "Entry level"}, "jobId": "884057957", "location": "Melbourne,AU", "view": "18views"}{"jobTitle": "Transport Development Consultant", "company": "Jenner and Co-Logistics and SupplyChainRecruitment", "Detail": {"industry": ["LogisticsandSupplyChain", "Transportation/Trucking/Railroad", "Warehousing"], "jobFunction": ["Distribution", "SupplyChain", "Management"], "jobType": "Contract", "level": "Mid-Senior level"}, "jobId": "884043859", "location": "Melbourne,Victoria,Australia", "view": "23views"}{"jobTitle": "User Experience and Interface Designer", "company": "nura", "Detail": {"industry": ["ConsumerElectronics"], "jobFunction": ["Design"], "jobType": "Full-time", "level": "Mid-Senior level"}, "jobId": "883789953", "location": "Melbourne,Australia", "view": "111views"}{"jobTitle": "Financial Planner Holistic Advice", "company": "StartFinanceAustralia", "Detail": {"industry": ["FinancialServices", "Banking", "Insurance"], "jobFunction": ["Consulting"], "jobType": "Full-time", "level": "Mid-Senior level"}, "jobId": "883768735", "location": "Melbourne,Australia", "view": "47views"}{"jobTitle": "Director, Safety", "company": "NorthEastLinkAuthority", "Detail": {"industry": ["GovernmentAdministration", "Transportation/Trucking/Railroad"], "jobFunction": ["BusinessDevelopment", "Other", "Management"], "jobType": "Full-time", "level": "Director"}, "jobId": "883748634", "location": "121ExhibitionSt,Melbourne,VIC3000,AU", "view": "87views"}{"jobTitle": "Learning and Development Specialist - Maternity Leave", "company": "SpotlightRetailGroup(SRG)", "Detail": {"industry": ["Retail"], "jobFunction": ["HumanResources"], "jobType": "Contract", "level": "Executive"}, "jobId": "883736210", "location": "Melbourne,Australia", "view": "57views"}{"jobTitle": "Back End Developer", "company": "Ento.com", "Detail": {"industry": ["Internet", "ComputerSoftware", "InformationTechnologyandServices"], "jobFunction": ["InformationTechnology", "Engineering"], "jobType": "Full-time", "level": "Mid-Senior level"}, "jobId": "883737518", "location": "Melbourne,Victoria,Australia", "view": "97views"}{"jobTitle": "Project Manager", "company": "TexcoConstructio", "Detail": {"industry": ["Construction"], "jobFunction": ["Other"], "jobType": "Full-time", "level": "Mid-Senior level"}, "jobId": "883737921", "location": "Melbourne,Victoria,Australia", "view": "136views"}{"jobTitle": "Project Coordinator - Project Marketing  and  Sales", "company": "OliverHumeCorporatio", "Detail": {"industry": ["RealEstate"], "jobFunction": ["Administrative"], "jobType": "Full-time", "level": "Associate"}, "jobId": "883729067", "location": "Level2,4RiversideQuay,Southbank,VIC3006,AU", "view": "213views"}{"jobTitle": "Sales Support Manager", "company": "RemedyKombucha", "Detail": {"industry": ["Food&amp;Beverages"], "jobFunction": ["Sales", "BusinessDevelopment"], "jobType": "Full-time", "level": "Associate"}, "jobId": "883724537", "location": "Melbourne,Australia", "view": "316views"}{"jobTitle": "Network Engineer", "company": "LiveNationAustralasia", "Detail": {"industry": ["Entertainment", "InformationTechnologyandServices", "Hospitality"], "jobFunction": ["InformationTechnology"], "jobType": "Full-time", "level": "Mid-Senior level"}, "jobId": "883705759", "location": "Melbourne,Victoria,Australia", "view": "218views"}{"jobTitle": "Clinical Psychologist", "company": "CalvaryHealthCare", "Detail": {"industry": ["NonprofitOrganizationManagement", "Health,WellnessandFitness", "Hospital&amp;HealthCare"], "jobFunction": ["HealthCareProvider"], "jobType": "Full-time", "level": "Associate"}, "jobId": "884053526", "location": "Caulfield,AU", "view": "9views"}{"jobTitle": "Colour Matcher - Masterbatch", "company": "Axieo", "Detail": {"industry": ["Chemicals", "MechanicalorIndustrialEngineering"], "jobFunction": ["Manufacturing", "QualityAssurance", "Production"], "jobType": "Full-time", "level": "Mid-Senior level"}, "jobId": "883704216", "location": "Thomastown,Victoria,Australia", "view": "24views"}{"jobTitle": "Human Resources Team Lead", "company": "NationwideTowing and Transport", "Detail": {"industry": ["Transportation/Trucking/Railroad", "StaffingandRecruiting", "HumanResources"], "jobFunction": ["HumanResources", "Training", "Other"], "jobType": "Full-time", "level": "Associate"}, "jobId": "883747072", "location": "Blackburn,Victoria,Australia", "view": "99views"}{"jobTitle": "Early Childhood Teacher - Heathmont", "company": "G8EducationLtd", "Detail": {"industry": ["Primary/SecondaryEducation"], "jobFunction": ["Education"], "jobType": "Full-time", "level": "Mid-Senior level"}, "jobId": "884279291", "location": "40MarlboroughRd,HeathmontVictoria3135", "view": "11views"}{"jobTitle": "Home Finance Manager / Branch based home lender", "company": "Westpac", "Detail": {"industry": ["Banking", "FinancialServices", "InvestmentBanking"], "jobFunction": ["Sales", "BusinessDevelopment", "Education"], "jobType": "Full-time", "level": ""}, "jobId": "884595978", "location": "Melbourne,AU", "view": "Posted22hoursago"}{"jobTitle": "Logistics Manager", "company": "SayfaGroup", "Detail": {"industry": ["PublicSafety", "Warehousing", "LogisticsandSupplyChain"], "jobFunction": ["Management", "Manufacturing", "SupplyChain"], "jobType": "Full-time", "level": "Mid-Senior level"}, "jobId": "883721898", "location": "Boronia,Victoria,Australia", "view": "304views"}{"jobTitle": "NPD Project Manager", "company": "SixDegreesExecutive", "Detail": {"industry": ["Accounting", "FinancialServices"], "jobFunction": ["Marketing"], "jobType": "Full-time", "level": "Entry level"}, "jobId": "883899637", "location": "Clayton,AU", "view": "74views"}{"jobTitle": "Online Engagement Librarian", "company": "FrankstonCityCouncil", "Detail": {"industry": ["Food&amp;Beverages", "NonprofitOrganizationManagement", "GovernmentAdministration"], "jobFunction": ["Education", "Training"], "jobType": "Part-time", "level": "Entry level"}, "jobId": "884001764", "location": "Frankston,AU", "view": "32views"}{"jobTitle": "Assistant Director - Learning  and  Development", "company": "PeopleAtWork", "Detail": {"industry": ["Insurance", "GovernmentAdministration", "HumanResources"], "jobFunction": ["HumanResources", "Consulting"], "jobType": "Contract", "level": "Director"}, "jobId": "884112834", "location": "Geelong,Victoria,Australia", "view": "38views"}{"jobTitle": "Shopper Marketing Coordinator", "company": "DevondaleMurrayGoulbur", "Detail": {"industry": ["ConsumerGoods", "Dairy", "MarketingandAdvertising"], "jobFunction": ["Marketing"], "jobType": "Full-time", "level": ""}, "jobId": "884131310", "location": "Melbourne", "view": "98views"}{"jobTitle": "Corporate Affairs Manager", "company": "MelbourneRacingClub", "Detail": {"industry": ["Sports", "EventsServices", "Hospitality"], "jobFunction": ["Strategy", "PublicRelations", "Consulting"], "jobType": "Full-time", "level": "Mid-Senior level"}, "jobId": "883719031", "location": "Melbourne,Australia", "view": "214views"}{"jobTitle": "Technical HVAC Support Consultant", "company": "ProtechGroup", "Detail": {"industry": ["Construction", "FacilitiesServices"], "jobFunction": ["Manufacturing", "QualityAssurance"], "jobType": "Full-time", "level": ""}, "jobId": "883734423", "location": "MelbourneCBD", "view": "9views"}