{"jobTitle": "Sales Engineer", "company": "DenovoConsulting", "Detail": {"industry": ["BuildingMaterials", "BusinessSuppliesandEquipment", "Construction"], "jobFunction": ["Consulting", "ProjectManagement", "Sales"], "jobType": "Full-time", "level": ""}, "jobId": "884926518", "location": "Southbank,Melbourne,Australia", "view": "Posted36minutesago"}{"jobTitle": "ITS Operations Lead/Salesforce Administrator - Melbourne VIC", "company": "Serco", "Detail": {"industry": ["FacilitiesServices", "InformationTechnologyandServices", "ProgramDevelopment"], "jobFunction": ["InformationTechnology", "Management", "ProjectManagement"], "jobType": "Full-time", "level": "Mid-Senior level"}, "jobId": "883728082", "location": "Melbourne", "view": "115views"}{"jobTitle": "Principal Lawyer, Regional Rail Revival", "company": "RailProjectsVictoria", "Detail": {"industry": ["Transportation/Trucking/Railroad", "GovernmentRelations", "InformationTechnologyandServices"], "jobFunction": ["Consulting", "Legal", "Analyst"], "jobType": "Full-time", "level": "Director"}, "jobId": "884743483", "location": "121ExhibitionStreet,Melbourne,VIC3000,AU", "view": "Posted8hoursago"}{"jobTitle": "Intermediate Civil Engineer", "company": "Beca", "Detail": {"industry": ["CivilEngineering", "Construction", "ManagementConsulting"], "jobFunction": ["BusinessDevelopment", "Consulting", "Engineering"], "jobType": "Full-time", "level": "Mid-Senior level"}, "jobId": "884731518", "location": "Melbourne,Australia", "view": "Posted9hoursago"}{"jobTitle": "Senior Associate - Corporate/M and A", "company": "K and LGates", "Detail": {"industry": ["LegalServices", "LawPractice"], "jobFunction": ["Legal"], "jobType": "Full-time", "level": "Mid-Senior level"}, "jobId": "884181172", "location": "Melbourne", "view": "25views"}{"jobTitle": "Company Accountant", "company": "QuinnAlla", "Detail": {"industry": ["Primary/SecondaryEducation"], "jobFunction": ["Accounting"], "jobType": "Full-time", "level": "Mid-Senior level"}, "jobId": "883706156", "location": "Melbourne,Victoria,Australia", "view": "68views"}{"jobTitle": "Senior Mechanical Engineer", "company": "MorganConsulting", "Detail": {"industry": ["CivilEngineering", "MechanicalorIndustrialEngineering"], "jobFunction": ["Engineering", "InformationTechnology"], "jobType": "Full-time", "level": ""}, "jobId": "884612514", "location": "Melbourne,AU", "view": "Posted20hoursago"}{"jobTitle": "Wastewater Project Officer", "company": "YarraRangesCouncil", "Detail": {"industry": ["GovernmentAdministration"], "jobFunction": ["Other", "Strategy"], "jobType": "Full-time", "level": "Mid-Senior level"}, "jobId": "884120920", "location": "Lilydale,Victoria,Australia", "view": "33views"}{"jobTitle": "Settlements Associate, Melbourne", "company": "MacquarieGroup", "Detail": {"industry": ["Banking", "FinancialServices", "InvestmentBanking"], "jobFunction": ["Other"], "jobType": "Full-time", "level": ""}, "jobId": "884732098", "location": "Melbourne,AU", "view": "Posted9hoursago"}{"jobTitle": "Investment Manager", "company": "PHD", "Detail": {"industry": ["MarketingandAdvertising"], "jobFunction": ["Advertising", "Marketing"], "jobType": "Full-time", "level": "Mid-Senior level"}, "jobId": "884195951", "location": "Melbourne,Australia", "view": "43views"}{"jobTitle": "HSE/Q Specialist", "company": "ABB", "Detail": {"industry": ["Electrical/ElectronicManufacturing"], "jobFunction": ["Administrative"], "jobType": "Full-time", "level": "Mid-Senior level"}, "jobId": "885186314", "location": "Geelong,AU", "view": "Posted16hoursago"}{"jobTitle": "Trainee Territory Sales Manager", "company": "RitchieBros.", "Detail": {"industry": ["Construction", "Machinery", "Transportation/Trucking/Railroad"], "jobFunction": ["Sales", "BusinessDevelopment"], "jobType": "Full-time", "level": "Entry level"}, "jobId": "884620934", "location": "Corio,AU", "view": "Posted19hoursago"}{"jobTitle": "Sales Engineer", "company": "Bitdefender", "Detail": {"industry": ["InformationTechnologyandServices", "Computer&amp;NetworkSecurity", "ComputerSoftware"], "jobFunction": ["InformationTechnology", "Engineering", "Sales"], "jobType": "Full-time", "level": "Mid-Senior level"}, "jobId": "884608118", "location": "Melbourne,Australia", "view": "Posted21hoursago"}{"jobTitle": "Legal Assistant - Superannuation", "company": "SlaterandGordonLawyers", "Detail": {"industry": ["LawPractice", "LegalServices", "FinancialServices"], "jobFunction": ["Legal"], "jobType": "Full-time", "level": "Entry level"}, "jobId": "885659381", "location": "Melbourne,AU", "view": "Posted10hoursago"}{"jobTitle": "Local Business Banker - South Coast", "company": "WestpacGroup", "Detail": {"industry": ["Banking", "FinancialServices", "InvestmentBanking"], "jobFunction": ["Finance", "Sales"], "jobType": "Full-time", "level": ""}, "jobId": "884595977", "location": "Dandenong,AU", "view": "Posted22hoursago"}{"jobTitle": "Planning Manager", "company": "CPBContractors", "Detail": {"industry": ["Construction", "CivilEngineering", "StaffingandRecruiting"], "jobFunction": ["GeneralBusiness", "Strategy", "SupplyChain"], "jobType": "Full-time", "level": ""}, "jobId": "884660315", "location": "Melbourne,AU", "view": "Posted17hoursago"}{"jobTitle": "Retoucher", "company": "CottonOnGroup", "Detail": {"industry": ["Apparel&amp;Fashion"], "jobFunction": ["Design", "Art", "Marketing"], "jobType": "Full-time", "level": "Associate"}, "jobId": "884296984", "location": "Melbourne,Australia", "view": "68views"}{"jobTitle": "Area Sales Manager - VIC/TAS", "company": "MantraGroup", "Detail": {"industry": ["Hospitality", "Leisure,Travel&amp;Tourism"], "jobFunction": ["GeneralBusiness"], "jobType": "Full-time", "level": "Associate"}, "jobId": "884289179", "location": "Melbourne,Victoria,Australia", "view": "83views"}{"jobTitle": "Assistant Commissioner, Tax Counsel Network/ Policy, Analysis and Legislation", "company": "AustralianTaxationOffice", "Detail": {"industry": ["GovernmentRelations", "LegalServices"], "jobFunction": ["Legal", "Management"], "jobType": "Full-time", "level": "Director"}, "jobId": "884721367", "location": "Melbourne,Victoria,Australia", "view": "Posted10hoursago"}{"jobTitle": "Clinical Research Associate II - Clinical Research Associate III", "company": "Novotech", "Detail": {"industry": ["Pharmaceuticals", "Biotechnology"], "jobFunction": ["Research"], "jobType": "Full-time", "level": "Mid-Senior level"}, "jobId": "884550679", "location": "Melbourne,Victoria,Australia", "view": "25views"}{"jobTitle": "System Design Engineer- BKB Building Solutions", "company": "GRUNDFOS", "Detail": {"industry": ["Electrical/ElectronicManufacturing", "Automotive", "MechanicalorIndustrialEngineering"], "jobFunction": ["Design", "Manufacturing", "Engineering"], "jobType": "Full-time", "level": "Associate"}, "jobId": "883776838", "location": "Hallam,AU", "view": "36views"}{"jobTitle": "Digital Account Coordinator", "company": "carsales.com.au", "Detail": {"industry": ["MarketingandAdvertising", "ComputerSoftware", "Internet"], "jobFunction": ["Sales", "BusinessDevelopment"], "jobType": "Full-time", "level": "Entry level"}, "jobId": "884283510", "location": "Melbourne,AU", "view": "49views"}{"jobTitle": "Demand Manager B2B", "company": "AsaleoCare", "Detail": {"industry": ["ConsumerGoods"], "jobFunction": ["SupplyChain"], "jobType": "Full-time", "level": "Mid-Senior level"}, "jobId": "883622564", "location": "Melbourne,Australia", "view": "45views"}{"jobTitle": "HR Business Partner", "company": "SOTI", "Detail": {"industry": ["ComputerSoftware", "InformationTechnologyandServices"], "jobFunction": ["HumanResources"], "jobType": "Full-time", "level": "Mid-Senior level"}, "jobId": "885117258", "location": "GlenWaverley,Victoria,Australia", "view": "Posted20hoursago"}{"jobTitle": "Assistant Director - Planning  and  Environment", "company": "HousingIndustryAssociation(HIA)", "Detail": {"industry": ["Construction", "EnvironmentalServices", "NonprofitOrganizationManagement"], "jobFunction": ["Strategy", "Consulting"], "jobType": "Full-time", "level": "Mid-Senior level"}, "jobId": "884510590", "location": "EastMelbourne,Victoria,Australia", "view": "13views"}