[
    {
        "general": {
            "imgUrl": "https://media.licdn.com/dms/image/C4E03AQH--XI_ddwhhA/profile-displayphoto-shrink_800_800/0?e=1545264000&v=beta&t=6nH2DvbbTXioNjhKaGxpJ4GPUZ4CfXU7QaqcJOz5x3I",
            "fullName": "LI TIANROU",
            "headline": "Juris Bridge Legal  - Legal Secretary",
            "company": "JurisBridge Legal",
            "school": "University of Sydney",
            "location": "Sydney, Australia",
            "connections": "173",
            "description": "",
            "firstName": "LI",
            "lastName": "TIANROU"
        },
        "jobs": [
            {
                "companyName": "JurisBridge Legal",
                "companyUrl": "https://www.linkedin.com/search/results/index/?keywords=JurisBridge%20Legal",
                "jobTitle": "Legal Secretary",
                "dateRange": "Aug 2018 – Present",
                "location": null,
                "description": null
            },
            {
                "companyName": "Juris Cor Group Pty Ltd",
                "companyUrl": "https://www.linkedin.com/search/results/index/?keywords=Juris%20Cor%20Group%20Pty%20Ltd",
                "jobTitle": "Intern",
                "dateRange": "Dec 2017 – 2018",
                "location": "Sydney, Australia",
                "description": "1. Prepared legal advice on trademark conflicts; drafted affidavits, memos, deeds of release; prepared briefs to counsel.\n2. Conducted initial interviews with prospective clients and follow-up interviews about the cases processed.\n3. Participated in the investigations and prosecution of a domestic violence case in which the firm obtained a successful outcome.\n4. Assisted in the establishment of a debt recovery process on both the legal and administrative process for the firm."
            },
            {
                "companyName": "AllBright Law Offices",
                "companyUrl": "https://www.linkedin.com/company/835190/",
                "jobTitle": "Intern",
                "dateRange": "Nov 2016 – Feb 2017",
                "location": "中国 上海市区",
                "description": "1. Gained a vast experience in legal writing and researching. \n2. Drafted and reviewed legal documents, including memos, contracts, legal opinion, indictment, among others. \n3. Drafted a due diligence report for a company, enabling enlistment of the company to ASX."
            },
            {
                "companyName": "Honor Legal Law Firm",
                "companyUrl": "https://www.linkedin.com/search/results/index/?keywords=Honor%20Legal%20Law%20Firm",
                "jobTitle": "Intern",
                "dateRange": "Jun 2016 – Aug 2016",
                "location": "Sydney",
                "description": "1. Performed legal research on family and property law matters.\n2. Filed documents for property conveyance and family law cases.\n3. Interviewed clients."
            },
            {
                "companyName": "HelpReaching Law Firm",
                "companyUrl": "https://www.linkedin.com/search/results/index/?keywords=HelpReaching%20Law%20Firm",
                "jobTitle": "Intern",
                "dateRange": "Jan 2015 – Mar 2015",
                "location": "Xi'an, China",
                "description": "1. Researched and analyzed intellectual property issues.\n      \n\n    2. Drafted and reviewed memos and legal opinions."
            },
            {
                "companyName": "Local Court",
                "companyUrl": "https://www.linkedin.com/search/results/index/?keywords=Local%20Court",
                "jobTitle": "Intern",
                "dateRange": "Jun 2014 – Aug 2014",
                "location": "Xi'an, China",
                "description": "1. Spearheaded the communication process, interfacing between witnesses, litigants, and lawyers.\n2. Coordinated other office tasks such as making and receiving calls, printing, typing and file organisation."
            }
        ],
        "schools": [
            {
                "schoolUrl": "https://www.linkedin.com/school/10250/?legacySchoolId=10250",
                "schoolName": "University of Sydney",
                "degree": "Juris Doctor",
                "degreeSpec": "Law",
                "dateRange": "2016 – 2018"
            },
            {
                "schoolUrl": "https://www.linkedin.com/school/11427/?legacySchoolId=11427",
                "schoolName": "Xi'an Jiaotong University",
                "degree": "Bachelor of Laws - LLB (comprehensive program)",
                "degreeSpec": "Information Engineering; Law",
                "dateRange": "2011 – 2015"
            },
            {
                "schoolUrl": "https://www.linkedin.com/school/41962/?legacySchoolId=41962",
                "schoolName": "College of Law"
            },
            {
                "schoolUrl": "https://www.linkedin.com/school/17443/?legacySchoolId=17443",
                "schoolName": "National Chengchi University",
                "degree": "Honourary Certificate of Taiwan legal system."
            }
        ],
        "details": {
            "linkedinProfile": "https://www.linkedin.com/in/li-tianrou-4b6006a4"
        },
        "skills": [
            {
                "name": "Legal Research",
                "endorsements": "1"
            },
            {
                "name": "Legal Drafting",
                "endorsements": "1"
            },
            {
                "name": "Communication",
                "endorsements": "1"
            },
            {
                "name": "Microsoft Office",
                "endorsements": "0"
            },
            {
                "name": "法律文书撰写",
                "endorsements": "0"
            },
            {
                "name": "研究",
                "endorsements": "0"
            },
            {
                "name": "公开演讲",
                "endorsements": "0"
            }
        ],
        "allSkills": "Legal Research, Legal Drafting, Communication, Microsoft Office, 法律文书撰写, 研究, 公开演讲"
    },
    {
        "general": {
            "imgUrl": "https://media.licdn.com/dms/image/C5603AQF9TwKKPRFyfw/profile-displayphoto-shrink_800_800/0?e=1545264000&v=beta&t=n5GPXqyJ7ICuIRo1dpJnexhN5CO_sJ-XjOR08lIciWU",
            "fullName": "Janet Pham",
            "headline": "Paralegal at Herbert Smith Freehills",
            "company": "Herbert Smith Freehills",
            "school": "University of Technology, Sydney",
            "location": "Sydney, Australia",
            "connections": "234",
            "description": "",
            "firstName": "Janet",
            "lastName": "Pham"
        },
        "jobs": [
            {
                "companyName": "Herbert Smith Freehills",
                "companyUrl": "https://www.linkedin.com/company/7278/",
                "jobTitle": "Paralegal",
                "dateRange": "Apr 2018 – Present",
                "location": "Sydney, Australia",
                "description": null
            },
            {
                "companyName": "GOH Lawyers",
                "companyUrl": "https://www.linkedin.com/search/results/index/?keywords=GOH%20Lawyers",
                "jobTitle": "Paralegal",
                "dateRange": "Mar 2016 – Apr 2018",
                "location": null,
                "description": null
            },
            {
                "companyName": "UTS: University of Technology Sydney",
                "companyUrl": "https://www.linkedin.com/company/166678/",
                "jobTitle": "Integrating Business Perspectives Senior Mentor",
                "dateRange": "Mar 2015 – Nov 2017",
                "location": null,
                "description": null
            },
            {
                "companyName": "UTS: University of Technology Sydney",
                "companyUrl": "https://www.linkedin.com/company/166678/",
                "jobTitle": "Peer Networker",
                "dateRange": "Jun 2014 – Jun 2016",
                "location": null,
                "description": "Facilitated the transition of incoming UTS students through answering queries, acting\n      as a guide, and helping out at a variety of activities."
            },
            {
                "companyName": "UTS Women in Business",
                "companyUrl": "https://www.linkedin.com/search/results/index/?keywords=UTS%20Women%20in%20Business",
                "jobTitle": "Activate Liaison",
                "dateRange": "Nov 2015 – Nov 2016",
                "location": null,
                "description": null
            },
            {
                "companyName": "UTS Law Students' Society",
                "companyUrl": "https://www.linkedin.com/company/924169/",
                "jobTitle": "Information Technology Director",
                "dateRange": "Nov 2015 – Nov 2016",
                "location": null,
                "description": null
            },
            {
                "companyName": "Australia Post",
                "companyUrl": "https://www.linkedin.com/company/162585/",
                "jobTitle": "Parcel Officer",
                "dateRange": "Oct 2015 – Mar 2016",
                "location": "Chullora, New South Wales, Australia",
                "description": "Christmas Casual"
            },
            {
                "companyName": "Cotton On Group",
                "companyUrl": "https://www.linkedin.com/company/660560/",
                "jobTitle": "Cotton On Kids Sales Associate",
                "dateRange": "Oct 2014 – Mar 2015",
                "location": "Burwood",
                "description": "Christmas Casual"
            },
            {
                "companyName": "Woolworths Limited",
                "companyUrl": "https://www.linkedin.com/company/295257/",
                "jobTitle": "Big W Sales and Recovery Associate",
                "dateRange": "Oct 2011 – Mar 2012",
                "location": "Campsie",
                "description": "Christmas Casual"
            }
        ],
        "schools": [
            {
                "schoolUrl": "https://www.linkedin.com/school/10252/?legacySchoolId=10252",
                "schoolName": "University of Technology, Sydney",
                "degreeSpec": "Bachelor of Laws (New Legal Futures and Technology) & Bachelor of Business (Finance)",
                "dateRange": "2014 – 2019"
            },
            {
                "schoolUrl": "https://www.linkedin.com/search/results/index/?keywords=St%20George%20Girls%20High%20School",
                "schoolName": "St George Girls High School",
                "dateRange": "2008 – 2013",
                "description": "ATAR: 98.45Subjects Studied:- English (Advanced)- Mathematics Extension 1 & 2- Business Studies- Textiles and Design"
            }
        ],
        "details": {
            "linkedinProfile": "https://www.linkedin.com/in/janet-pham-4b27a3a3"
        },
        "skills": [
            {
                "name": "Customer Service",
                "endorsements": "1"
            },
            {
                "name": "Teamwork",
                "endorsements": "1"
            },
            {
                "name": "Time Management",
                "endorsements": "1"
            },
            {
                "name": "Social Media",
                "endorsements": "0"
            },
            {
                "name": "Sales",
                "endorsements": "0"
            },
            {
                "name": "Microsoft Word",
                "endorsements": "0"
            },
            {
                "name": "Microsoft Excel",
                "endorsements": "0"
            },
            {
                "name": "PowerPoint",
                "endorsements": "0"
            },
            {
                "name": "Microsoft Office",
                "endorsements": "0"
            },
            {
                "name": "Photoshop",
                "endorsements": "0"
            },
            {
                "name": "Mentoring",
                "endorsements": "0"
            },
            {
                "name": "English",
                "endorsements": "0"
            }
        ],
        "allSkills": "Customer Service, Teamwork, Time Management, Social Media, Sales, Microsoft Word, Microsoft Excel, PowerPoint, Microsoft Office, Photoshop, Mentoring, English"
    },
    {
        "general": {
            "imgUrl": "https://media.licdn.com/dms/image/C4E03AQGUeXpYltL6iQ/profile-displayphoto-shrink_800_800/0?e=1545264000&v=beta&t=_8WvgLfjT6jRFp7QqBGv249BNkWfFgK-MJQZeaHZNK4",
            "fullName": "Millicent Watt",
            "headline": "Paralegal at Baker McKenzie | BCommLLB (Hons)",
            "company": "Baker McKenzie",
            "school": "Princeton University",
            "location": "Australia",
            "connections": "418",
            "description": "Driven to have a challenging and rewarding career as a lawyer, by engaging with complex legal issues and providing clients with peace of mind.  Hard working and charismatic professional recognised for going the extra mile at all times. Regarded for efficiency, attention to detail, commitment and the ability to manage multiple tasks proficiently.",
            "firstName": "Millicent",
            "lastName": "Watt"
        },
        "jobs": [
            {
                "companyName": "Baker McKenzie",
                "companyUrl": "https://www.linkedin.com/company/3957/",
                "jobTitle": "Paralegal",
                "dateRange": "Jul 2018 – Present",
                "location": "Sydney, Australia",
                "description": null
            },
            {
                "companyName": "Broadspectrum",
                "companyUrl": "https://www.linkedin.com/company/11343/",
                "jobTitle": "Paralegal (Legal, Risk and Governance)",
                "dateRange": "Mar 2018 – Present",
                "location": "Sydney, Australia",
                "description": "Legal, Risk and Governance."
            },
            {
                "companyName": "Pan Macmillan Australia",
                "companyUrl": "https://www.linkedin.com/company/2232481/",
                "jobTitle": "Paralegal",
                "dateRange": "Mar 2014 – Present",
                "location": "Sydney Area, Australia",
                "description": "Working under the guidance of the Group Legal Counsel on legal and compliance matters, including:\n- legal issues relating to defamation and proceeds of crime\n- development of standard form agreements for authors and contractors\n- negotiation and drafting of service agreements with media providers for media acquisition \n- negotiation and preparation of deeds of release, quit claims, and licensing agreements for copyright material\n- project management of company wide audits concerning privacy practices, data security and anti-bribery and corruption measures\n- development of staff training programs on issues arising in publishing\n- comprehensive review of company policies and procedures"
            },
            {
                "companyName": "Baker McKenzie",
                "companyUrl": "https://www.linkedin.com/company/3957/",
                "jobTitle": "Legal Assistant",
                "dateRange": "Nov 2017 – Nov 2017",
                "location": "Sydney, Australia",
                "description": "Work experience in the Construction team at Baker McKenzie was an enjoyable and insightful opportunity.\n- drafting and proof reading of client proposals for outsourcing of legal work in respect of two specialist areas\n- drafting pass through of head contract terms to a subcontractor on a ‘back to back’ basis\n- investigated easements and rights and obligations in respect of an office and retail property with multiple ownership rights\n- research in areas impacting construction projects including the Commonwealth's indigenous procurement policy and recently enacted legislation concerning the banning of dangerous building products"
            },
            {
                "companyName": "Dr Phillipa Ryan",
                "companyUrl": "https://www.linkedin.com/search/results/index/?keywords=Dr%20Phillipa%20Ryan",
                "jobTitle": "Reasearch Assistant",
                "dateRange": "Jan 2017 – Feb 2017",
                "location": null,
                "description": "Performing structural-copy edits and research in areas of blockchain based solutions\n      \n      and crypto-currencies."
            },
            {
                "companyName": "Watson & Watson Solicitors",
                "companyUrl": "https://www.linkedin.com/company/9232990/",
                "jobTitle": "Law Clerk",
                "dateRange": "Aug 2014 – Mar 2016",
                "location": "Sydney Area, Australia",
                "description": "Drafting reporting letters, court documents and counsel briefs across areas of building\n      \n      and construction, development and planning, bankruptcy and commercial litigation."
            },
            {
                "companyName": "Stamford Hotels & Resorts",
                "companyUrl": "https://www.linkedin.com/company/65521/",
                "jobTitle": "Food and Beverage Attendant",
                "dateRange": "Jan 2011 – Dec 2014",
                "location": "Sydney Area, Australia",
                "description": "Restaurant, bar and functions experience."
            },
            {
                "companyName": "Wenona School",
                "companyUrl": "https://www.linkedin.com/company/3869908/",
                "jobTitle": "Sports Coach",
                "dateRange": "Jan 2011 – Dec 2012",
                "location": "Sydney Area, Australia",
                "description": "AHIGS, IGSSA and IPSHA involvement, coaching fitness, netball and touch football."
            },
            {
                "companyName": "Cottesmore School, United Kingdom",
                "companyUrl": "https://www.linkedin.com/search/results/index/?keywords=Cottesmore%20School%2C%20United%20Kingdom",
                "jobTitle": "Sports Coach and TA",
                "dateRange": "Jan 2009 – Jan 2010",
                "location": "West Sussex, United Kingdom, United Kingdom",
                "description": "Coaching netball at providing support as a teachers assistant in English, Mathematics,\n      \n      French, History, Drama and Religious Studies."
            }
        ],
        "schools": [
            {
                "schoolUrl": "https://www.linkedin.com/school/18867/?legacySchoolId=18867",
                "schoolName": "Princeton University",
                "degreeSpec": "Bitcoin and Cryptocurrency Technologies",
                "dateRange": "2017 – 2018",
                "description": "A series of webinars and programming assignments that introduce cryptographic fundamentals and cryptocurrency programming in a Java IDE."
            },
            {
                "schoolUrl": "https://www.linkedin.com/school/10230/?legacySchoolId=10230",
                "schoolName": "Macquarie University",
                "degree": "BComLLB (Hons)",
                "degreeSpec": "Economics",
                "dateRange": "2013 – 2018",
                "description": "Vice President of Macquarie University Law Student Society (MULS). Drama Society (DRAMAC). Social Netball."
            },
            {
                "schoolUrl": "https://www.linkedin.com/search/results/index/?keywords=Wenona%20School",
                "schoolName": "Wenona School",
                "degree": "High School Certificate (95.2)",
                "dateRange": "2004 – 2009",
                "description": "ATCL Performing (Speech and Drama) Individual Performance Certificate.Gold Duke of Edinburgh.HSC Individual Drama Performance nominated for OnSTAGE.Minnett-Bowie Prize for a girl who has gained a great benefit from a Wenona education.Ethel Turner Prize for School Spirit."
            }
        ],
        "details": {
            "linkedinProfile": "https://www.linkedin.com/in/millicent-watt"
        },
        "skills": [
            {
                "name": "Teamwork",
                "endorsements": "4"
            },
            {
                "name": "Legal Research",
                "endorsements": "3"
            },
            {
                "name": "Customer Service",
                "endorsements": "3"
            },
            {
                "name": "Social Media Marketing",
                "endorsements": "3"
            },
            {
                "name": "Legal Writing",
                "endorsements": "3"
            },
            {
                "name": "Research",
                "endorsements": "2"
            },
            {
                "name": "Hospitality",
                "endorsements": "1"
            },
            {
                "name": "Social Media",
                "endorsements": "1"
            },
            {
                "name": "Marketing",
                "endorsements": "1"
            },
            {
                "name": "Microsoft Office",
                "endorsements": "2"
            },
            {
                "name": "Microsoft Excel",
                "endorsements": "1"
            },
            {
                "name": "Time Management",
                "endorsements": "3"
            },
            {
                "name": "Leadership",
                "endorsements": "1"
            }
        ],
        "allSkills": "Teamwork, Legal Research, Customer Service, Social Media Marketing, Legal Writing, Research, Hospitality, Social Media, Marketing, Microsoft Office, Microsoft Excel, Time Management, Leadership"
    },
    {
        "general": {
            "imgUrl": "https://media.licdn.com/dms/image/C5603AQHgPi4v-3VqHA/profile-displayphoto-shrink_800_800/0?e=1545264000&v=beta&t=Bi4qKFkAnJQy9EBaeNn-BpIc2rRaWaHcmCi4fO9DuWA",
            "fullName": "Jessica Mowle",
            "headline": "Solicitor at Longton Legal",
            "company": "Longton Legal",
            "school": "The College of Law",
            "location": "Sydney, Australia",
            "connections": "101",
            "description": "Family Law ✔️ Estate Law ✔️ Probate ✔️ Contracts ✔️ Criminal Law ✔️",
            "firstName": "Jessica",
            "lastName": "Mowle"
        },
        "jobs": [
            {
                "companyName": "Longton Legal",
                "companyUrl": "https://www.linkedin.com/company/7959194/",
                "jobTitle": "Solicitor",
                "dateRange": "May 2018 – Present",
                "location": null,
                "description": "Family Law ✔️ Estate Law ✔️ Probate ✔️ Contracts ✔️ Criminal Law ✔️"
            },
            {
                "companyName": "Longton Legal",
                "companyUrl": "https://www.linkedin.com/company/7959194/",
                "jobTitle": "Solicitor",
                "dateRange": "May 2018 – Present",
                "location": null,
                "description": null
            },
            {
                "companyName": "The Little General & Co",
                "companyUrl": "https://www.linkedin.com/search/results/index/?keywords=The%20Little%20General%20%26%20Co",
                "jobTitle": "Business Adviser",
                "dateRange": "Oct 2017 – Present",
                "location": null,
                "description": null
            },
            {
                "companyName": "District Station Records",
                "companyUrl": "https://www.linkedin.com/company/18251948/",
                "jobTitle": "Project Manager",
                "dateRange": "Sep 2017 – Present",
                "location": null,
                "description": "Record label company and start up business promoting live music particularly in the Western Sydney region. \n\nAs project manager my role is vast and entails aspects such as liaising with key personnel and stakeholders in focal areas such as Parramatta to follow and realise opportunities. This is done by promoting the business and it's General Manager's industry expertise to create strategic and complimentary partnerships sharing the same interest and goals.\n\nI am involved in all aspects of starting a company and business from operations, legals, day to day functions including delegation, rosters, and providing support, revision and feedback to colleagues, creating general and event specific budgets, forecasts and other financials, and event management for upcoming events and gigs, from sales scoping, to researching catering and venue options, and the provision of professional services to other businesses (as clients under a separate division of the start up business)."
            },
            {
                "companyName": "Jessica Mowle: Legal and Professional Services",
                "companyUrl": "https://www.linkedin.com/search/results/index/?keywords=Jessica%20Mowle%3A%20Legal%20and%20Professional%20Services",
                "jobTitle": "Sole Proprietor",
                "dateRange": "Jul 2016 – Present",
                "location": null,
                "description": null
            },
            {
                "companyName": "Western Sydney Young Professionals",
                "companyUrl": "https://www.linkedin.com/search/results/index/?keywords=Western%20Sydney%20Young%20Professionals",
                "jobTitle": "Law Clerk",
                "dateRange": "May 2017 – Sep 2017",
                "location": "Parramatta, New South Wales, Australia",
                "description": "After completing a job audition, I commenced on a legal pathway through WSYP with Stacks Champion, undergoing legal training particularly in estate planning, employment and contract law. \n\nDuties included responding to new enquiries, entering information and opening new matters into Affinity, lodging and uplifting safe custody documents as per procedure, setting and allocating tasks and time to complete legal research, client conferences and communication, and drafting of legal documents including letters, wills, editing contracts, and following up with clients; regularly updating matter statuses, meeting with authors and controllers to report and receive updates on matters, and reporting to the principal, whilst completing full day time recording and lodging regular performance reports and maintaining email inboxes."
            }
        ],
        "schools": [
            {
                "schoolUrl": "https://www.linkedin.com/search/results/index/?keywords=The%20College%20of%20Law",
                "schoolName": "The College of Law",
                "degree": "Post graduate diploma of legal practice",
                "degreeSpec": "Law",
                "dateRange": "2017 – 2017"
            },
            {
                "schoolUrl": "https://www.linkedin.com/school/10235/?legacySchoolId=10235",
                "schoolName": "Southern Cross University",
                "degree": "Bachelor of Laws (LLB)",
                "degreeSpec": "Law",
                "dateRange": "2011 – 2017"
            },
            {
                "schoolUrl": "https://www.linkedin.com/search/results/index/?keywords=NEIS",
                "schoolName": "NEIS",
                "degree": "Certificate III Micro Business Management",
                "dateRange": "2016 – 2016"
            },
            {
                "schoolUrl": "https://www.linkedin.com/search/results/index/?keywords=OTEN",
                "schoolName": "OTEN",
                "degree": "Certificate III Financial Services",
                "dateRange": "2008 – 2009"
            },
            {
                "schoolUrl": "https://www.linkedin.com/search/results/index/?keywords=Port%20Macquarie%20TAFE",
                "schoolName": "Port Macquarie TAFE",
                "degree": "Diploma of Events Management",
                "dateRange": "2006 – 2006"
            },
            {
                "schoolUrl": "https://www.linkedin.com/search/results/index/?keywords=Melville%20High%20School",
                "schoolName": "Melville High School",
                "degree": "HSC",
                "dateRange": "2000 – 2005"
            }
        ],
        "details": {
            "linkedinProfile": "https://www.linkedin.com/in/jessica-rachael-mowle"
        },
        "skills": [
            {
                "name": "Public Speaking",
                "endorsements": "2"
            },
            {
                "name": "Social Media",
                "endorsements": "2"
            },
            {
                "name": "Microsoft Office",
                "endorsements": "2"
            },
            {
                "name": "Research",
                "endorsements": "1"
            },
            {
                "name": "Editing",
                "endorsements": "1"
            },
            {
                "name": "Management",
                "endorsements": "1"
            },
            {
                "name": "Training",
                "endorsements": "1"
            },
            {
                "name": "Leadership",
                "endorsements": "1"
            }
        ],
        "allSkills": "Public Speaking, Social Media, Microsoft Office, Research, Editing, Management, Training, Leadership"
    },
    {
        "general": {
            "fullName": "Jenny Xu",
            "headline": "Solicitor at Longton Legal",
            "company": "Longton Legal",
            "location": "Sydney, Australia",
            "connections": "15",
            "description": "",
            "firstName": "Jenny",
            "lastName": "Xu"
        },
        "jobs": [
            {
                "companyName": "Longton Legal",
                "companyUrl": "https://www.linkedin.com/company/7959194/",
                "jobTitle": "Solicitor",
                "dateRange": null,
                "location": null,
                "description": null
            }
        ],
        "schools": [],
        "details": {
            "linkedinProfile": "https://www.linkedin.com/in/jenny-xu-635218160"
        },
        "skills": [],
        "allSkills": ""
    },
    {
        "general": {
            "imgUrl": "https://media.licdn.com/dms/image/C5103AQGGso5fQ3viKg/profile-displayphoto-shrink_800_800/0?e=1545264000&v=beta&t=xNSQbhuCQB--o-3VgJ69vMLgjT15udIIaccCe5hGDQA",
            "fullName": "Christine (Bing) Sun",
            "headline": "Associate at Longton Legal",
            "company": "Longton Legal",
            "location": "Sydney, New South Wales, Australia",
            "connections": "30",
            "description": "Welcome to my LinkedIn Profile. I also run a website sharing articles about interesting topics in law. Please feel free to visit www.bing-sun.com for more information.\nIf you wish to connect with me, my contact details are set out below:\nEmail: christine.sun@longtonlegal.com.au\nWeChat: longtoncs\nI look forward to hearing from you!",
            "firstName": "Christine",
            "lastName": "(Bing) Sun"
        },
        "jobs": [
            {
                "companyName": "Longton Legal",
                "companyUrl": "https://www.linkedin.com/company/7959194/",
                "jobTitle": "Associate",
                "dateRange": "Feb 2014 – Present",
                "location": null,
                "description": null
            }
        ],
        "schools": [],
        "details": {
            "linkedinProfile": "https://www.linkedin.com/in/christine-bing-sun-09a4a6169"
        },
        "skills": [],
        "allSkills": ""
    },
    {
        "general": {
            "imgUrl": "https://media.licdn.com/dms/image/C4E03AQGWzsPDWYpl2w/profile-displayphoto-shrink_800_800/0?e=1545264000&v=beta&t=mHxyo5VlbSXItHTaoo1u0ufW8RXYp6-NINWvEebaP8s",
            "fullName": "Suzana Dimitrijevic",
            "headline": "Solicitor at Longton Legal",
            "company": "Longton Legal",
            "school": "University of Sydney",
            "location": "Sydney, Australia",
            "connections": "104",
            "description": "Suzana is an erudite lawyer who has been working predominantly in the areas of Family Law, Property Law, Wills & Estates and Civil Litigation. Suzana is constantly testing the boundaries of precedent, and  using her academic background in conjunction with her practical experience to negotiate creative and efficient solutions for her clients.\n\nSuzana works in a diverse practice group that has enabled her to develop a broad range of experience and skills across multiple areas of law. As a result, she is able to provide her clients with a wide spectrum of legal advice  branching across numerous legal arenas. \n\nIn conjunction with a thriving private practice, Suzana has also excelled in her academic pursuits. She has been awarded:\n-  Dean’s Award in the Australian School of Business (UNSW), \n-  Academic Achievement Award Scholarship (UNSW); and \n- Masters of Law (specialising in Taxation) at the University of Sydney, where she was awarded first place in Asset Protection.\n\nHaving had the bulk of her experience in 'people focused' areas of law,  Suzana has an extremely high regard for the maintenance of excellent client relations, and derives great satisfaction  from meeting and exceeding clients' expectations.",
            "firstName": "Suzana",
            "lastName": "Dimitrijevic"
        },
        "jobs": [
            {
                "companyName": "Longton Legal",
                "companyUrl": "https://www.linkedin.com/company/7959194/",
                "jobTitle": "Solicitor",
                "dateRange": "Apr 2016 – Present",
                "location": "Sydney CBD",
                "description": "Family Law,  Property Law, Wills and Estates, Civil Litigation"
            },
            {
                "companyName": "Turner Freeman Lawyers",
                "companyUrl": "https://www.linkedin.com/company/2169222/",
                "jobTitle": "Solicitor",
                "dateRange": "Aug 2014 – Apr 2016",
                "location": "Parramatta",
                "description": "Family Law,  Property Law, Wills and Estates"
            },
            {
                "companyName": "Turner Freeman Lawyers",
                "companyUrl": "https://www.linkedin.com/company/2169222/",
                "jobTitle": "Paralegal",
                "dateRange": "Apr 2013 – Aug 2014",
                "location": "Parramatta",
                "description": "Family Law, Wills and Estates, Conveyancing and Leasing."
            },
            {
                "companyName": "Infrastructure Partnerships Australia",
                "companyUrl": "https://www.linkedin.com/company/504627/",
                "jobTitle": "Intern",
                "dateRange": "2012 – 2013",
                "location": "Sydney",
                "description": "Legal and policy research on the Water Industry Competition Act and current NSW and\n      \n      VIC Infrastructure Procurement Frameworks."
            }
        ],
        "schools": [
            {
                "schoolUrl": "https://www.linkedin.com/school/10250/?legacySchoolId=10250",
                "schoolName": "University of Sydney",
                "degree": "Master’s Degree",
                "degreeSpec": "Tax Law/Taxation",
                "dateRange": "2016 – 2017",
                "description": "I was awarded 1st place in The Law of Asset Protection (LAWS 6953) at the University of Sydney."
            },
            {
                "schoolUrl": "https://www.linkedin.com/search/results/index/?keywords=College%20of%20Law",
                "schoolName": "College of Law",
                "degree": "Graduate Diploma of Legal Practice",
                "degreeSpec": "Law",
                "dateRange": "2013 – 2014"
            },
            {
                "schoolUrl": "https://www.linkedin.com/school/10245/?legacySchoolId=10245",
                "schoolName": "UNSW Australia",
                "degree": "Bachelor's Degree",
                "degreeSpec": "Law and Commerce",
                "dateRange": "2009 – 2013",
                "description": "Graduated with distinction in Commerce. Majored in Business Strategy and Economic Management.Recipient of Deans Award for Academic Excellence, Australian School of Business UNSW (2011). Recipient of Academic Achievement Award Scholarship UNSW (2009)."
            }
        ],
        "details": {
            "linkedinProfile": "https://www.linkedin.com/in/suzana-dimitrijevic-31548899"
        },
        "skills": [
            {
                "name": "Legal Research",
                "endorsements": "7"
            },
            {
                "name": "Family Law",
                "endorsements": "5"
            },
            {
                "name": "Legal Advice",
                "endorsements": "5"
            },
            {
                "name": "Legal Writing",
                "endorsements": "5"
            },
            {
                "name": "Legal Assistance",
                "endorsements": "5"
            },
            {
                "name": "Litigation",
                "endorsements": "4"
            },
            {
                "name": "Wills",
                "endorsements": "4"
            },
            {
                "name": "Civil Litigation",
                "endorsements": "3"
            },
            {
                "name": "Property Law",
                "endorsements": "3"
            },
            {
                "name": "Wills and Estates",
                "endorsements": "2"
            },
            {
                "name": "Document Drafting",
                "endorsements": "1"
            },
            {
                "name": "Dispute Resolution",
                "endorsements": "1"
            },
            {
                "name": "Conveyancing",
                "endorsements": "4"
            },
            {
                "name": "Estate Law",
                "endorsements": "0"
            },
            {
                "name": "Courts",
                "endorsements": "2"
            }
        ],
        "allSkills": "Legal Research, Family Law, Legal Advice, Legal Writing, Legal Assistance, Litigation, Wills, Civil Litigation, Property Law, Wills and Estates, Document Drafting, Dispute Resolution, Conveyancing, Estate Law, Courts"
    },
    {
        "general": {
            "imgUrl": "https://media.licdn.com/dms/image/C5603AQG-A2cq_uzkVQ/profile-displayphoto-shrink_800_800/0?e=1545264000&v=beta&t=KINYnwCg--XPMarvpdoz_iAjF9LXq0WPSk5DR1hUjyU",
            "fullName": "Rob Buchanan",
            "headline": "Partner at Pinsent Masons",
            "company": "Pinsent Masons",
            "school": "University of Bristol",
            "location": "Sydney, Australia",
            "connections": "500+",
            "description": "I am dual qualified as a Lawyer and a Chartered Civil Engineer.  I have worked in the Infrastructure and Energy Industries for the whole of my professional life and as a lawyer since 1997.  \n\nPinsent Masons is the reference Infrastructure and Energy law firm.  We have a significant footprint in Australia.  We are focused on the supply-side of the construction and engineering business. We act for the contractors over the whole lifecycle of assets.  We do not act for governments.\n\nI work in the post-contract phase of projects, supplying project delivery advice and dispute resolution expertise.  I advise contractors delivering technically complex solutions on high value projects.  \n\nI operate in difficult, emotional scenarios with motivated teams of industry specialists where frank advice delivered sensitively is so important.",
            "firstName": "Rob",
            "lastName": "Buchanan"
        },
        "jobs": [
            {
                "companyName": "Pinsent Masons",
                "companyUrl": "https://www.linkedin.com/search/results/index/?keywords=Pinsent%20Masons",
                "jobTitle": "Partner",
                "dateRange": "Nov 2017 – Present",
                "location": "Sydney, Australia",
                "description": "I am part of the world's pre-eminent Infrastructure and Energy practice.  I work mainly\n      for contractors on live projects dealing with difficult time and money-related issues.  I\n      am particularly good in highly-charged environments and known for achieving\n      \n      successful outcomes in complex high value disputes."
            },
            {
                "companyName": "Norton Rose Fulbright Australia",
                "companyUrl": "https://www.linkedin.com/search/results/index/?keywords=Norton%20Rose%20Fulbright%20Australia",
                "jobTitle": "Construction & Engineering Partner",
                "dateRange": "Jan 2008 – Nov 2017",
                "location": null,
                "description": "I am a Construction and Engineering specialist, working in Sydney and Brisbane."
            },
            {
                "companyName": "Pinsent Masons, London",
                "companyUrl": "https://www.linkedin.com/search/results/index/?keywords=Pinsent%20Masons%2C%20London",
                "jobTitle": "Construction & Engineering Lawyer",
                "dateRange": "Feb 1997 – Dec 2007",
                "location": null,
                "description": "Advising on a host of Construction & Engineering disputes and provision of advisory\n      \n      support to parties involved in large, technically complex construction projects."
            },
            {
                "companyName": "British Army",
                "companyUrl": "https://www.linkedin.com/company/1590/",
                "jobTitle": "Officer",
                "dateRange": "1987 – 2007",
                "location": null,
                "description": "I was an officer in UK Reserve Forces and have taken part in operations."
            },
            {
                "companyName": "Alfred McAlpine",
                "companyUrl": "https://www.linkedin.com/company/12086/",
                "jobTitle": "Chartered Civil Engineer",
                "dateRange": "Aug 1989 – Sep 1994",
                "location": null,
                "description": "Engineer responsible for bridge construction and refurbishment on a series of road\n      \n      projects.  I was chartered in 1993."
            }
        ],
        "schools": [
            {
                "schoolUrl": "https://www.linkedin.com/school/12689/?legacySchoolId=12689",
                "schoolName": "University of Bristol",
                "degree": "B.Eng (Hons)",
                "degreeSpec": "Civil Engineering",
                "dateRange": "1986 – 1989"
            },
            {
                "schoolUrl": "https://www.linkedin.com/school/10233/?legacySchoolId=10233",
                "schoolName": "QUT (Queensland University of Technology)",
                "degree": "Elements of Batchelor of Laws",
                "degreeSpec": "Law",
                "dateRange": "2008 – 2009"
            },
            {
                "schoolUrl": "https://www.linkedin.com/search/results/index/?keywords=College%20of%20Law%2C%20Guildford",
                "schoolName": "College of Law, Guildford",
                "degree": "Dip Law (CPE&LPC)",
                "degreeSpec": "Law",
                "dateRange": "1994 – 1996"
            }
        ],
        "details": {
            "linkedinProfile": "https://www.linkedin.com/in/rob-buchanan-b981a87",
            "websites": "nortonrose.com"
        },
        "skills": [
            {
                "name": "Dispute Resolution",
                "endorsements": "94"
            },
            {
                "name": "Arbitration",
                "endorsements": "64"
            },
            {
                "name": "Risk Management",
                "endorsements": "53"
            },
            {
                "name": "Construction",
                "endorsements": "48"
            },
            {
                "name": "Legal Advice",
                "endorsements": "46"
            },
            {
                "name": "Litigation",
                "endorsements": "45"
            },
            {
                "name": "Contract Management",
                "endorsements": "27"
            },
            {
                "name": "Construction Law",
                "endorsements": "24"
            },
            {
                "name": "Commercial Litigation",
                "endorsements": "14"
            },
            {
                "name": "Civil Litigation",
                "endorsements": "10"
            },
            {
                "name": "Power Generation",
                "endorsements": "7"
            },
            {
                "name": "Navigation",
                "endorsements": "7"
            },
            {
                "name": "Transportation",
                "endorsements": "6"
            },
            {
                "name": "Joint Ventures",
                "endorsements": "5"
            },
            {
                "name": "Rail",
                "endorsements": "4"
            },
            {
                "name": "Mediation",
                "endorsements": "46"
            },
            {
                "name": "Alternative Dispute Resolution",
                "endorsements": "26"
            },
            {
                "name": "Negotiation",
                "endorsements": "25"
            },
            {
                "name": "Management",
                "endorsements": "9"
            },
            {
                "name": "Adjudication",
                "endorsements": "15"
            },
            {
                "name": "International Arbitration",
                "endorsements": "0"
            },
            {
                "name": "Dispute",
                "endorsements": "16"
            },
            {
                "name": "International and domestic arbitration",
                "endorsements": "0"
            },
            {
                "name": "Complex Litigation",
                "endorsements": "0"
            }
        ],
        "allSkills": "Dispute Resolution, Arbitration, Risk Management, Construction, Legal Advice, Litigation, Contract Management, Construction Law, Commercial Litigation, Civil Litigation, Power Generation, Navigation, Transportation, Joint Ventures, Rail, Mediation, Alternative Dispute Resolution, Negotiation, Management, Adjudication, International Arbitration, Dispute, International and domestic arbitration, Complex Litigation"
    },
    {
        "general": {
            "fullName": "Peitian Xia",
            "headline": "Lawyer at Pinsent Masons",
            "company": "Pinsent Masons",
            "school": "University of Sydney",
            "location": "Sydney, Australia",
            "connections": "255",
            "description": "",
            "firstName": "Peitian",
            "lastName": "Xia"
        },
        "jobs": [
            {
                "companyName": "Pinsent Masons",
                "companyUrl": "https://www.linkedin.com/company/12383/",
                "jobTitle": "Lawyer",
                "dateRange": "Mar 2018 – Present",
                "location": "Sydney, Australia",
                "description": "Infrastructure & Energy (front-end + back-end)"
            },
            {
                "companyName": "Pinsent Masons",
                "companyUrl": "https://www.linkedin.com/company/12383/",
                "jobTitle": "Graduate Lawyer",
                "dateRange": "Mar 2017 – Mar 2018",
                "location": "Sydney, Australia",
                "description": "Rotations in Disputes & Projects"
            },
            {
                "companyName": "King & Wood Mallesons",
                "companyUrl": "https://www.linkedin.com/company/9206/",
                "jobTitle": "Winter Clerk",
                "dateRange": "Jul 2016 – Jul 2016",
                "location": "Sydney, Australia",
                "description": "Cross-border M&A"
            },
            {
                "companyName": "Paul Hastings",
                "companyUrl": "https://www.linkedin.com/company/6303/",
                "jobTitle": "Winter Intern",
                "dateRange": "Dec 2014 – Feb 2015",
                "location": "Shanghai City, China",
                "description": "Corporate"
            },
            {
                "companyName": "Shanghai International Arbitration Center (formerly CIETAC Shanghai)",
                "companyUrl": "https://www.linkedin.com/search/results/index/?keywords=Shanghai%20International%20Arbitration%20Center%20(formerly%20CIETAC%20Shanghai)",
                "jobTitle": "Intern",
                "dateRange": "Sep 2012 – Feb 2013",
                "location": "Shanghai City, China",
                "description": null
            }
        ],
        "schools": [
            {
                "schoolUrl": "https://www.linkedin.com/school/10250/?legacySchoolId=10250",
                "schoolName": "University of Sydney",
                "degree": "Juris Doctor (J.D.)",
                "dateRange": "2014 – 2015"
            },
            {
                "schoolUrl": "https://www.linkedin.com/school/11401/?legacySchoolId=11401",
                "schoolName": "University of International Relations",
                "degree": "Bachelor of Laws - LLB",
                "dateRange": "2009 – 2013"
            },
            {
                "schoolUrl": "https://www.linkedin.com/school/41962/?legacySchoolId=41962",
                "schoolName": "College of Law",
                "degree": "Graduate Diploma in Legal Practice",
                "dateRange": "2015 – 2016"
            }
        ],
        "details": {
            "linkedinProfile": "https://www.linkedin.com/in/peitian-xia"
        },
        "skills": [],
        "allSkills": ""
    },
    {
        "general": {
            "imgUrl": "https://media.licdn.com/dms/image/C5103AQFaUGzVMsxD5A/profile-displayphoto-shrink_800_800/0?e=1545264000&v=beta&t=72Sr1KgejSkaKVATD5pJjPuq9OVetQyVYM_up00VjBc",
            "fullName": "William Meehan",
            "headline": "Lawyer at Thomson Geer",
            "company": "Thomson Geer",
            "school": "Monash University",
            "location": "Sydney, Australia",
            "connections": "91",
            "description": "",
            "firstName": "William",
            "lastName": "Meehan"
        },
        "jobs": [
            {
                "companyName": "Thomson Geer",
                "companyUrl": "https://www.linkedin.com/company/1295160/",
                "jobTitle": "Lawyer",
                "dateRange": "Aug 2018 – Present",
                "location": "Sydney, Australia",
                "description": null
            },
            {
                "companyName": "Pinsent Masons",
                "companyUrl": "https://www.linkedin.com/company/12383/",
                "jobTitle": "Lawyer",
                "dateRange": "Mar 2017 – Aug 2018",
                "location": null,
                "description": null
            }
        ],
        "schools": [
            {
                "schoolUrl": "https://www.linkedin.com/school/10231/?legacySchoolId=10231",
                "schoolName": "Monash University",
                "degree": "Bachelor of Laws (with Honours)",
                "degreeSpec": "Law",
                "dateRange": "2012 – 2016"
            },
            {
                "schoolUrl": "https://www.linkedin.com/school/41962/?legacySchoolId=41962",
                "schoolName": "College of Law",
                "degree": "Graduate Diploma of Legal Practice",
                "dateRange": "2017 – 2017"
            },
            {
                "schoolUrl": "https://www.linkedin.com/school/10231/?legacySchoolId=10231",
                "schoolName": "Monash University",
                "degree": "Bachelor of Arts - BA",
                "dateRange": "2012 – 2016"
            }
        ],
        "details": {
            "linkedinProfile": "https://www.linkedin.com/in/william-meehan-842899162"
        },
        "skills": [],
        "allSkills": ""
    },
    {
        "general": {
            "fullName": "Kevin Smith",
            "headline": "Bond University, Juris Doctor (Graduate)",
            "school": "Bond University",
            "location": "Australia",
            "connections": "104",
            "description": "Bond University is teaching law in a new and different way. The theory of the law is integrated into the practice of law. The core law subjects essential to a quality law program remain, but they are tied to necessary practice skills. Law professors are work with practitioners to create hands-on, realistic learning opportunities for students.",
            "firstName": "Kevin",
            "lastName": "Smith"
        },
        "jobs": [
            {
                "companyName": "Cheadles, LLP.",
                "companyUrl": "https://www.linkedin.com/search/results/index/?keywords=Cheadles%2C%20LLP.%20",
                "jobTitle": "Student-at-Law",
                "dateRange": "Nov 2017 – Apr 2018",
                "location": "Thunder Bay, Ontario, Canada",
                "description": "Cheadles is one of the oldest, yet progressive, law firms in Thunder Bay and northern Ontario. Cheadles is a full-service law firm, organized into the following areas of law: Aboriginal Law\nBankruptcy, Insolvency; Civil Litigation; Commercial Law; Corporate Law; Education Law; Employment and Labour Law; Estates and Estate Planning; Family Law; Franchise Law; Health Law; Human Rights Law; Mining Law; Municipal Law; Police Services; Public-Private Joint Ventures; Real Estate; and Trademarks and Copyright Law. \n\nAt Cheadles I researched case law and drafted memorandum for senior and junior partners alike; conducted watch briefs, interviewed clients; and drafted affidavits, statements of claims, factums as well as newsletters on behalf of the firm."
            }
        ],
        "schools": [
            {
                "schoolUrl": "https://www.linkedin.com/school/10219/?legacySchoolId=10219",
                "schoolName": "Bond University",
                "degree": "Juris Doctor",
                "degreeSpec": "Law",
                "dateRange": "2014 – 2016"
            },
            {
                "schoolUrl": "https://www.linkedin.com/search/results/index/?keywords=Bond%20University%20",
                "schoolName": "Bond University",
                "degree": "Juris Doctor",
                "degreeSpec": "Law",
                "dateRange": "2015 – 2017",
                "description": "Bond University  teaches law in a new and different way. The theory of the law is integrated into the practice of law. The core law subjects essential to a quality law program remain, but they are tied to necessary practice skills. Law professors are work with practitioners to create hands-on, realistic learning opportunities for students."
            },
            {
                "schoolUrl": "https://www.linkedin.com/school/10837/?legacySchoolId=10837",
                "schoolName": "Carleton University",
                "dateRange": "2003 – 2007"
            }
        ],
        "details": {
            "linkedinProfile": "https://www.linkedin.com/in/kevin-smith-180b0a93"
        },
        "skills": [
            {
                "name": "Research",
                "endorsements": "2"
            },
            {
                "name": "French to English",
                "endorsements": "0"
            },
            {
                "name": "English to French",
                "endorsements": "0"
            },
            {
                "name": "Legal Research",
                "endorsements": "0"
            },
            {
                "name": "Legal Writing",
                "endorsements": "0"
            },
            {
                "name": "Legal Assistance",
                "endorsements": "0"
            },
            {
                "name": "Legal Document Preparation",
                "endorsements": "0"
            },
            {
                "name": "Criminal Law",
                "endorsements": "0"
            },
            {
                "name": "Diplomacy",
                "endorsements": "0"
            },
            {
                "name": "Legal Contract Review",
                "endorsements": "0"
            },
            {
                "name": "Legal Advisory",
                "endorsements": "0"
            },
            {
                "name": "Law",
                "endorsements": "0"
            },
            {
                "name": "Well Travelled",
                "endorsements": "0"
            },
            {
                "name": "English to Spanish",
                "endorsements": "0"
            }
        ],
        "allSkills": "Research, French to English, English to French, Legal Research, Legal Writing, Legal Assistance, Legal Document Preparation, Criminal Law, Diplomacy, Legal Contract Review, Legal Advisory, Law, Well Travelled, English to Spanish"
    },
    {
        "general": {
            "imgUrl": "https://media.licdn.com/dms/image/C5103AQF2mJsAWJO7qg/profile-displayphoto-shrink_800_800/0?e=1545264000&v=beta&t=1XjZo2q0SkUOq7Yejg0LxTMBStmNOKgx_7J_eYEbHNM",
            "fullName": "Sabrina Cai",
            "headline": "Associate at JurisBridge Legal",
            "company": "Jurisbridge Legal",
            "school": "College of Law",
            "location": "Sydney, Australia",
            "connections": "195",
            "description": "Experienced Associate with a demonstrated history of working in the law practice industry. Skilled in Dispute Resolution, Legal Writing, Civil Litigation, Residential & Commercial Conveyancing, and Time Management. Graduated from LLB & B.Com at University of Sydney.",
            "firstName": "Sabrina",
            "lastName": "Cai"
        },
        "jobs": [
            {
                "companyName": "Jurisbridge Legal",
                "companyUrl": "https://www.linkedin.com/search/results/index/?keywords=Jurisbridge%20Legal",
                "jobTitle": "Associate",
                "dateRange": "Nov 2017 – Present",
                "location": "Level 46, 680 George Street, Sydney NSW 2000",
                "description": null
            },
            {
                "companyName": "Jurisbridge Legal",
                "companyUrl": "https://www.linkedin.com/search/results/index/?keywords=Jurisbridge%20Legal",
                "jobTitle": "Solicitor",
                "dateRange": "Sep 2016 – Nov 2017",
                "location": "265 Castlereagh Street, Sydney NSW 2000",
                "description": null
            },
            {
                "companyName": "SHL & Associates Lawyers",
                "companyUrl": "https://www.linkedin.com/search/results/index/?keywords=SHL%20%26%20Associates%20Lawyers",
                "jobTitle": "Solicitor",
                "dateRange": "Apr 2016 – Sep 2016",
                "location": "72 Pitt Street, Sydney NSW 2000",
                "description": null
            },
            {
                "companyName": "Berrigan Doube Lawyers",
                "companyUrl": "https://www.linkedin.com/search/results/index/?keywords=Berrigan%20Doube%20Lawyers",
                "jobTitle": "Solicitor",
                "dateRange": "Apr 2015 – Apr 2016",
                "location": "Sydney, Australia",
                "description": null
            },
            {
                "companyName": "Berrigan Doube Lawyers",
                "companyUrl": "https://www.linkedin.com/search/results/index/?keywords=Berrigan%20Doube%20Lawyers",
                "jobTitle": "Paralegal",
                "dateRange": "Feb 2015 – Apr 2015",
                "location": "Sydney Area, Australia",
                "description": null
            },
            {
                "companyName": "Yunding and Associates",
                "companyUrl": "https://www.linkedin.com/search/results/index/?keywords=Yunding%20and%20Associates",
                "jobTitle": "Summer Law Clerk",
                "dateRange": "Dec 2011 – Feb 2012",
                "location": "Kunming",
                "description": null
            },
            {
                "companyName": "Dockside Group",
                "companyUrl": "https://www.linkedin.com/search/results/index/?keywords=Dockside%20Group",
                "jobTitle": "Financial Intern",
                "dateRange": "Oct 2009 – Jan 2010",
                "location": "Sydney",
                "description": null
            }
        ],
        "schools": [
            {
                "schoolUrl": "https://www.linkedin.com/school/41962/?legacySchoolId=41962",
                "schoolName": "College of Law",
                "degree": "PLT",
                "dateRange": "2014 – 2014"
            },
            {
                "schoolUrl": "https://www.linkedin.com/school/10250/?legacySchoolId=10250",
                "schoolName": "University of Sydney",
                "degree": "Bachelor of Laws - LLB",
                "dateRange": "2010 – 2014"
            },
            {
                "schoolUrl": "https://www.linkedin.com/school/10250/?legacySchoolId=10250",
                "schoolName": "University of Sydney",
                "degree": "Bachelor of Commerce (Business Information Systems)",
                "dateRange": "2010 – 2012"
            }
        ],
        "details": {
            "linkedinProfile": "https://www.linkedin.com/in/sabrina-cai-ab587b40"
        },
        "skills": [
            {
                "name": "Civil Litigation",
                "endorsements": "4"
            },
            {
                "name": "Employment Law",
                "endorsements": "3"
            },
            {
                "name": "Banking Law",
                "endorsements": "4"
            },
            {
                "name": "Business Process Mapping",
                "endorsements": "2"
            },
            {
                "name": "Business Analysis",
                "endorsements": "2"
            },
            {
                "name": "Legal Writing",
                "endorsements": "3"
            },
            {
                "name": "Legal Advice",
                "endorsements": "3"
            },
            {
                "name": "Legal Research",
                "endorsements": "6"
            },
            {
                "name": "Litigation",
                "endorsements": "2"
            },
            {
                "name": "Commercial Litigation",
                "endorsements": "2"
            },
            {
                "name": "Property Law",
                "endorsements": "1"
            },
            {
                "name": "Research",
                "endorsements": "0"
            },
            {
                "name": "Microsoft Office",
                "endorsements": "3"
            },
            {
                "name": "Microsoft Excel",
                "endorsements": "2"
            },
            {
                "name": "Critical Thinking",
                "endorsements": "2"
            },
            {
                "name": "Teamwork",
                "endorsements": "6"
            },
            {
                "name": "Time Management",
                "endorsements": "3"
            },
            {
                "name": "Dispute Resolution",
                "endorsements": "0"
            },
            {
                "name": "Mediation",
                "endorsements": "0"
            },
            {
                "name": "Migration Law",
                "endorsements": "4"
            },
            {
                "name": "Residential & Commercial Conveyancing",
                "endorsements": "4"
            },
            {
                "name": "Legal Research Skills",
                "endorsements": "4"
            }
        ],
        "allSkills": "Civil Litigation, Employment Law, Banking Law, Business Process Mapping, Business Analysis, Legal Writing, Legal Advice, Legal Research, Litigation, Commercial Litigation, Property Law, Research, Microsoft Office, Microsoft Excel, Critical Thinking, Teamwork, Time Management, Dispute Resolution, Mediation, Migration Law, Residential & Commercial Conveyancing, Legal Research Skills"
    }
]
