{"jobTitle": "Tax Manager", "company": "DeloitteAustralia", "Detail": {"industry": ["Accounting"], "jobFunction": ["Accounting"], "jobType": "Full-time", "level": "Mid-Senior level"}, "jobId": "903108960", "location": "Melbourne,Australia", "view": "9views"}{"jobTitle": "Sales Representative (Plumbing)", "company": "PlumbersChoice", "Detail": {"industry": ["BuildingMaterials"], "jobFunction": ["Sales", "CustomerService"], "jobType": "Full-time", "level": "Mid-Senior level"}, "jobId": "902983841", "location": "Bayswater,Victoria,Australia", "view": "2views"}{"jobTitle": "Financial Accountant", "company": "Mercedes-BenzAustralia", "Detail": {"industry": ["Automotive"], "jobFunction": ["Accounting"], "jobType": "Full-time", "level": "Associate"}, "jobId": "901241950", "location": "Melbourne,Australia", "view": "71views"}{"jobTitle": "AWS Enterprise Service Manager", "company": "AmazonWebServices", "Detail": {"industry": ["ComputerSoftware", "InformationTechnologyandServices", "Internet"], "jobFunction": ["ProjectManagement", "Management", "ProductManagement"], "jobType": "Full-time", "level": "Mid-Senior level"}, "jobId": "902242595", "location": "Melbourne,AU", "view": "67views"}{"jobTitle": "Account Executive - Channel Sales", "company": "Dell", "Detail": {"industry": ["ComputerHardware", "ComputerSoftware", "InformationTechnologyandServices"], "jobFunction": ["Sales"], "jobType": "Full-time", "level": ""}, "jobId": "902706930", "location": "Melbourne,AU", "view": "Posted22hoursago"}{"jobTitle": "Supply Chain Management Principal Director", "company": "AccentureAustralia", "Detail": {"industry": ["InformationTechnologyandServices", "ComputerSoftware", "FinancialServices"], "jobFunction": ["Management", "Manufacturing"], "jobType": "Full-time", "level": "Director"}, "jobId": "902518911", "location": "Melbourne,AU", "view": "78views"}{"jobTitle": "Senior Corporate Adviser", "company": "VictoriaLegalAid", "Detail": {"industry": ["GovernmentAdministration", "LegalServices", "NonprofitOrganizationManagement"], "jobFunction": ["Strategy", "Analyst", "Other"], "jobType": "Full-time", "level": "Associate"}, "jobId": "903018459", "location": "Melbourne,Australia", "view": "11views"}{"jobTitle": "Stock Control Manager", "company": "Metcash", "Detail": {"industry": ["ConsumerGoods", "Retail", "FinancialServices"], "jobFunction": ["Management", "Manufacturing"], "jobType": "Full-time", "level": "Associate"}, "jobId": "903018034", "location": "Laverton,AU", "view": "3views"}{"jobTitle": "Head of Melbourne Airport", "company": "Qantas", "Detail": {"industry": ["Airlines/Aviation", "ConsumerServices", "Transportation/Trucking/Railroad"], "jobFunction": ["CustomerService", "Management"], "jobType": "Full-time", "level": "Director"}, "jobId": "902230103", "location": "Melbourne", "view": "308views"}{"jobTitle": "Planning and Resources Manager", "company": "", "Detail": {"industry": ["Construction", "StaffingandRecruiting", "Retail"], "jobFunction": ["HumanResources"], "jobType": "Temporary", "level": "Associate"}, "jobId": "903228923", "location": "Melbourne,AU", "view": "Posted18hoursago"}{"jobTitle": "Senior User Experience Designer", "company": "Aconex", "Detail": {"industry": ["InformationTechnologyandServices", "ComputerSoftware"], "jobFunction": ["InformationTechnology", "Design", "ProductManagement"], "jobType": "Full-time", "level": "Mid-Senior level"}, "jobId": "902999676", "location": "Melbourne,Australia", "view": "12views"}{"jobTitle": "HR Graduate", "company": "Turner and Townsend", "Detail": {"industry": ["Construction", "CivilEngineering", "ManagementConsulting"], "jobFunction": ["HumanResources"], "jobType": "Full-time", "level": ""}, "jobId": "902229430", "location": "Melbourne,AU", "view": "44views"}{"jobTitle": "Health, Safety and Wellbeing Advisor", "company": "GlenCameronGroup", "Detail": {"industry": ["LogisticsandSupplyChain"], "jobFunction": ["SupplyChain", "QualityAssurance", "Other"], "jobType": "Full-time", "level": "Mid-Senior level"}, "jobId": "901254211", "location": "Derrimut,Victoria,Australia", "view": "15views"}{"jobTitle": "Client Services Manager", "company": "CroweHorwathAustralia", "Detail": {"industry": ["Accounting", "FinancialServices"], "jobFunction": ["Administrative", "Management"], "jobType": "Temporary", "level": ""}, "jobId": "903002070", "location": "Geelong,Australia", "view": "16views"}{"jobTitle": "Marketing and Business Development Executive", "company": "GrantThorntonAustralia", "Detail": {"industry": ["Accounting"], "jobFunction": ["Marketing", "BusinessDevelopment"], "jobType": "Full-time", "level": "Associate"}, "jobId": "902992270", "location": "Melbourne,Australia", "view": "45views"}{"jobTitle": "Store Manager | Sunglass Hut | Bay City", "company": "SunglassHut", "Detail": {"industry": ["MarketingandAdvertising", "Apparel&amp;Fashion", "Retail"], "jobFunction": ["Sales", "BusinessDevelopment"], "jobType": "Full-time", "level": "Mid-Senior level"}, "jobId": "903206261", "location": "Geelong,AU", "view": "Posted21hoursago"}{"jobTitle": "People  and  Culture Specialist", "company": "Versent", "Detail": {"industry": ["InformationTechnologyandServices", "HumanResources", "ManagementConsulting"], "jobFunction": ["HumanResources"], "jobType": "Full-time", "level": "Mid-Senior level"}, "jobId": "902991451", "location": "Melbourne,Victoria,Australia", "view": "27views"}{"jobTitle": "Payroll Administrator", "company": "ENGIEServices-Australia and NewZealand", "Detail": {"industry": ["Construction", "FacilitiesServices"], "jobFunction": ["HumanResources", "Accounting", "Administrative"], "jobType": "Full-time", "level": "Associate"}, "jobId": "902955778", "location": "171GrangeRoad,Fairfield,VIC3078,AU", "view": "10views"}{"jobTitle": "Communications Manager", "company": "ConsumerPolicyResearchCentre", "Detail": {"industry": ["NonprofitOrganizationManagement"], "jobFunction": ["Marketing", "PublicRelations", "Writing"], "jobType": "Part-time", "level": "Mid-Senior level"}, "jobId": "902986087", "location": "Melbourne,Australia", "view": "42views"}{"jobTitle": "NodeJS Developer", "company": "DotDevAustralia", "Detail": {"industry": ["Internet"], "jobFunction": ["InformationTechnology"], "jobType": "Full-time", "level": ""}, "jobId": "902272981", "location": "SouthYarra,Victoria,Australia", "view": "15views"}{"jobTitle": "Insolvency/Commercial Litigation Lawyer - 2-6 PAE", "company": "BurgessPaluchLegalRecruitment", "Detail": {"industry": ["LawPractice", "LegalServices"], "jobFunction": ["Legal"], "jobType": "Full-time", "level": "Associate"}, "jobId": "902021478", "location": "", "view": ""}{"jobTitle": "Accounts Specialist", "company": "ICCWorldT202020", "Detail": {"industry": ["Sports"], "jobFunction": ["Other", "Finance"], "jobType": "Full-time", "level": "Associate"}, "jobId": "901515544", "location": "128JolimontRd.,Melbourne,VIC3002,AU", "view": "29views"}{"jobTitle": "School Crossing Supervisors", "company": "ManninghamCityCouncil", "Detail": {"industry": ["NonprofitOrganizationManagement", "EducationManagement", "GovernmentAdministration"], "jobFunction": ["Other"], "jobType": "Full-time", "level": "Mid-Senior level"}, "jobId": "901936337", "location": "Doncaster,AU", "view": "6views"}{"jobTitle": "CHIEF INFORMATION OFFICER", "company": "SHKAsiaPacific", "Detail": {"industry": ["InformationTechnologyandServices", "NonprofitOrganizationManagement", "FinancialServices"], "jobFunction": ["InformationTechnology"], "jobType": "Full-time", "level": "Executive"}, "jobId": "901559343", "location": "Melbourne,AU", "view": "125views"}{"jobTitle": "Board Member - Voluntary", "company": "YMCAWhittlesea", "Detail": {"industry": ["Health,WellnessandFitness", "NonprofitOrganizationManagement"], "jobFunction": ["Strategy", "BusinessDevelopment"], "jobType": "Volunteer", "level": "Director"}, "jobId": "901556712", "location": "SouthMorang,Victoria,Australia", "view": "22views"}