{"jobTitle": "House Painter", "company": "GregBowdenPainting", "Detail": {"industry": ["Construction"], "jobFunction": ["Other"], "jobType": "Full-time", "level": "Mid-Senior level"}, "jobId": "903339054", "location": "Melbourne,Australia", "view": "Posted9hoursago"}{"jobTitle": "Site Education Manager \\\\u2013 Corrections Victoria (Geelong area)", "company": "BoxHillInstitute", "Detail": {"industry": ["EducationManagement"], "jobFunction": ["HumanResources"], "jobType": "Full-time", "level": ""}, "jobId": "903353084", "location": "Melbourne,AU", "view": "Posted8hoursago"}{"jobTitle": "Manager Leisure and Community Facilities", "company": "CityofWhittlesea", "Detail": {"industry": ["NonprofitOrganizationManagement", "GovernmentAdministration", "Hospital&amp;HealthCare"], "jobFunction": ["Other"], "jobType": "Full-time", "level": "Mid-Senior level"}, "jobId": "903134938", "location": "Melbourne,AU", "view": "9views"}{"jobTitle": "Data Manager", "company": "Medpace", "Detail": {"industry": ["Biotechnology", "Hospital&amp;HealthCare", "Pharmaceuticals"], "jobFunction": ["InformationTechnology"], "jobType": "Full-time", "level": "Mid-Senior level"}, "jobId": "901361066", "location": "Melbourne,Victoria,Australia", "view": "20views"}{"jobTitle": "ITS Domain Lead", "company": "Transurba", "Detail": {"industry": ["Transportation/Trucking/Railroad"], "jobFunction": ["InformationTechnology"], "jobType": "Other", "level": ""}, "jobId": "903682326", "location": "Melbourne,AU", "view": "Posted5hoursago"}{"jobTitle": "Senior Business Analyst - Risk", "company": "AIAAustralia", "Detail": {"industry": ["Insurance"], "jobFunction": ["Analyst", "Other", "ProjectManagement"], "jobType": "Full-time", "level": "Mid-Senior level"}, "jobId": "903017034", "location": "Melbourne", "view": "62views"}{"jobTitle": "Facilities Coordinator", "company": "Peoplebank", "Detail": {"industry": ["InformationTechnologyandServices", "ComputerSoftware", "FinancialServices"], "jobFunction": ["Management", "Manufacturing"], "jobType": "Contract", "level": "Entry level"}, "jobId": "901219324", "location": "HawthornEast,AU", "view": "4views"}{"jobTitle": "[Freelancer] Airbnb Experiences Ambassador, Melbourne", "company": "Airbnb", "Detail": {"industry": ["Hospitality", "Internet", "Leisure,Travel&amp;Tourism"], "jobFunction": ["Other"], "jobType": "Full-time", "level": ""}, "jobId": "903606191", "location": "Melbourne,AU", "view": "Posted6hoursago"}{"jobTitle": "Change Manager - People  and  Culture", "company": "OriginEnergy", "Detail": {"industry": ["Mining&amp;Metals", "Oil&amp;Energy"], "jobFunction": ["HumanResources"], "jobType": "Full-time", "level": ""}, "jobId": "903603010", "location": "Melbourne,AU", "view": "Posted6hoursago"}{"jobTitle": "Sales Representative", "company": "Elders", "Detail": {"industry": ["Farming"], "jobFunction": ["Sales", "BusinessDevelopment"], "jobType": "Full-time", "level": ""}, "jobId": "903338655", "location": "Pakenham,AU", "view": "Posted9hoursago"}{"jobTitle": "Senior OD Consultant", "company": "deliberatepractice", "Detail": {"industry": ["Hospital&amp;HealthCare"], "jobFunction": ["HumanResources"], "jobType": "Full-time", "level": "Mid-Senior level"}, "jobId": "903021034", "location": "Melbourne,Victoria,Australia", "view": "106views"}{"jobTitle": "Senior Organisational Development Consultant", "company": "TheAustralianRedCrossBloodService", "Detail": {"industry": ["Health,WellnessandFitness", "ManagementConsulting", "NonprofitOrganizationManagement"], "jobFunction": ["ProjectManagement", "InformationTechnology"], "jobType": "Full-time", "level": ""}, "jobId": "903349815", "location": "Melbourne,AU", "view": "Posted8hoursago"}{"jobTitle": "Manager - Business Services", "company": "BDOinAustralia", "Detail": {"industry": ["Accounting"], "jobFunction": ["Management", "Manufacturing"], "jobType": "Full-time", "level": ""}, "jobId": "903385399", "location": "Melbourne,AU", "view": "Posted7hoursago"}{"jobTitle": "Test Analyst", "company": "VisionAustralia", "Detail": {"industry": ["NonprofitOrganizationManagement"], "jobFunction": ["QualityAssurance"], "jobType": "Full-time", "level": ""}, "jobId": "905755618", "location": "Kooyong,AU", "view": "Posted7hoursago"}{"jobTitle": "Business Transformation Consultant", "company": "MooneeValleyCityCouncil", "Detail": {"industry": ["NonprofitOrganizationManagement", "Civic&amp;SocialOrganization", "GovernmentAdministration"], "jobFunction": ["BusinessDevelopment", "Sales"], "jobType": "Full-time", "level": "Associate"}, "jobId": "903366462", "location": "MooneeValley,AU", "view": "Posted8hoursago"}{"jobTitle": "Production Coordinator", "company": "CreativeRecruiters", "Detail": {"industry": ["Transportation/Trucking/Railroad", "MarketingandAdvertising", "Design"], "jobFunction": ["Marketing", "Design", "Production"], "jobType": "Temporary", "level": "Entry level"}, "jobId": "901274398", "location": "Melbourne,Australia", "view": "21views"}{"jobTitle": "Personal Assistant - Medical Services", "company": "Epworth", "Detail": {"industry": ["Health,WellnessandFitness", "MedicalPractice", "Hospital&amp;HealthCare"], "jobFunction": ["Administrative"], "jobType": "Full-time", "level": "Entry level"}, "jobId": "904012361", "location": "Melbourne,AU", "view": "Posted1hourago"}{"jobTitle": "Store Manager | Mollini", "company": "MunroFootwearGroup", "Detail": {"industry": ["Apparel&amp;Fashion", "Retail"], "jobFunction": ["Sales", "CustomerService", "Management"], "jobType": "Full-time", "level": "Mid-Senior level"}, "jobId": "903744379", "location": "MelbourneCBD,Victoria,Australia", "view": "Posted4hoursago"}{"jobTitle": "Digital Analytics Manager - Melbourne - $155,000 Package", "company": "FutureYou", "Detail": {"industry": ["StaffingandRecruiting", "Retail", "FinancialServices"], "jobFunction": ["BusinessDevelopment", "Sales"], "jobType": "Full-time", "level": ""}, "jobId": "903353475", "location": "Melbourne,AU", "view": "Posted8hoursago"}{"jobTitle": "Senior Hybris Architect", "company": "DXCTechnology", "Detail": {"industry": ["InformationTechnologyandServices", "ComputerSoftware", "FinancialServices"], "jobFunction": ["Design", "Art", "InformationTechnology"], "jobType": "Full-time", "level": "Associate"}, "jobId": "903352499", "location": "Melbourne,AU", "view": "Posted8hoursago"}{"jobTitle": "HSE Coordinator", "company": "CapstoneRecruitment", "Detail": {"industry": ["Construction", "StaffingandRecruiting", "RealEstate"], "jobFunction": ["Management", "Manufacturing"], "jobType": "Full-time", "level": "Mid-Senior level"}, "jobId": "903294522", "location": "Melbourne,AU", "view": "Posted11hoursago"}{"jobTitle": "B Double Raw Materials Driver", "company": "AdelaideBrightonLtd", "Detail": {"industry": ["BuildingMaterials"], "jobFunction": ["Management", "Manufacturing"], "jobType": "Full-time", "level": ""}, "jobId": "903605252", "location": "Melbourne,AU", "view": "Posted6hoursago"}{"jobTitle": "Packaging Design Engineer", "company": "MooseToys", "Detail": {"industry": ["ConsumerGoods"], "jobFunction": ["Engineering", "InformationTechnology"], "jobType": "Full-time", "level": ""}, "jobId": "903181677", "location": "Melbourne,AU", "view": "Posted22hoursago"}{"jobTitle": "General Surgical Fellow 2019", "company": "NorthernHealth", "Detail": {"industry": ["Hospital&amp;HealthCare"], "jobFunction": ["Research", "Analyst", "InformationTechnology"], "jobType": "Full-time", "level": ""}, "jobId": "903620427", "location": "Epping,AU", "view": "Posted5hoursago"}{"jobTitle": "Senior HR Advisory Consultant (part-time)", "company": "Coles", "Detail": {"industry": ["Retail"], "jobFunction": ["HumanResources"], "jobType": "Part-time", "level": ""}, "jobId": "903606304", "location": "HawthornEast,AU", "view": "Posted6hoursago"}