{"jobTitle": "Solutions Architect  Insurance", "company": "MarshallMcAdam", "Detail": {"industry": ["InformationTechnologyandServices", "Insurance"], "jobFunction": ["InformationTechnology"], "jobType": "Contract", "level": "Associate"}, "jobId": "903002909", "location": "MelbourneCBD,Melbourne,Australia", "view": "9views"}{"jobTitle": "Group Compliance Business Partner - 12-month fixed-term", "company": "Medibank", "Detail": {"industry": ["Insurance"], "jobFunction": ["Consulting"], "jobType": "Full-time", "level": "Mid-Senior level"}, "jobId": "901249906", "location": "720BourkeStreetDocklandsMelbourne,Victoria,VIC3008,AU", "view": "9views"}{"jobTitle": "Health and Wellness Coach, Weight loss Coach", "company": "SumSanos\\\\u2122", "Detail": {"industry": ["Health,WellnessandFitness", "ProfessionalTraining&amp;Coaching"], "jobFunction": ["Training", "HealthCareProvider", "Education"], "jobType": "Part-time", "level": "Entry level"}, "jobId": "903149816", "location": "Geelong,Victoria,Australia", "view": "8views"}{"jobTitle": "AU-Technical Specialist", "company": "Apple", "Detail": {"industry": ["Hospitality", "Apparel&amp;Fashion", "Retail"], "jobFunction": ["Sales", "Art", "CustomerService"], "jobType": "Full-time", "level": ""}, "jobId": "902380378", "location": "Melbourne,AU", "view": "Posted22hoursago"}{"jobTitle": "Lead Commissioning Engineer - Substations", "company": "Downer", "Detail": {"industry": ["Construction", "StaffingandRecruiting", "Oil&amp;Energy"], "jobFunction": ["Engineering", "InformationTechnology"], "jobType": "Full-time", "level": "Entry level"}, "jobId": "903005607", "location": "Melbourne,AU", "view": "26views"}{"jobTitle": "Sales Support Consultant ( 1 year contract)", "company": "Bitdefender", "Detail": {"industry": ["InformationTechnologyandServices", "Computer&amp;NetworkSecurity", "ComputerSoftware"], "jobFunction": ["InformationTechnology", "Sales"], "jobType": "Full-time", "level": "Mid-Senior level"}, "jobId": "903121955", "location": "Melbourne,Australia", "view": "14views"}{"jobTitle": "Employer Liaison Officer", "company": "RMITUniversity", "Detail": {"industry": ["HigherEducation"], "jobFunction": ["GeneralBusiness", "Management", "BusinessDevelopment"], "jobType": "Full-time", "level": ""}, "jobId": "903133536", "location": "Melbourne,AU", "view": "14views"}{"jobTitle": "Business Development Manager - IT Recruitment", "company": "ModisAustralia(formerlyAjilon)", "Detail": {"industry": ["InformationTechnologyandServices", "StaffingandRecruiting"], "jobFunction": ["InformationTechnology", "BusinessDevelopment", "Sales"], "jobType": "Full-time", "level": "Mid-Senior level"}, "jobId": "903021544", "location": "Melbourne,Australia", "view": "15views"}{"jobTitle": "Merchandiser \\\\u2013 South Yarra / Richmond / Hawthorn / Camberwell / Prahran Areas", "company": "Mondel\\\\u0113zInternational", "Detail": {"industry": ["FoodProduction", "Food&amp;Beverages", "ConsumerGoods"], "jobFunction": ["Sales"], "jobType": "Part-time", "level": "Entry level"}, "jobId": "903196434", "location": "Melbourne,AU", "view": "Posted21hoursago"}{"jobTitle": "Contracts and Procurement Advisor", "company": "MaribyrnongCityCouncil", "Detail": {"industry": ["NonprofitOrganizationManagement", "Civic&amp;SocialOrganization", "GovernmentAdministration"], "jobFunction": ["Purchasing", "SupplyChain"], "jobType": "Contract", "level": "Associate"}, "jobId": "903128570", "location": "Footscray,AU", "view": "7views"}{"jobTitle": "Expression of Interest - Aboriginal Workforce - West Gate Tunnel Project", "company": "CPBContractors", "Detail": {"industry": ["Construction", "CivilEngineering", "StaffingandRecruiting"], "jobFunction": ["Other"], "jobType": "Full-time", "level": ""}, "jobId": "902398345", "location": "Melbourne,AU", "view": "Posted22hoursago"}{"jobTitle": "Customer Service Representative", "company": "Kuehne+Nagel", "Detail": {"industry": ["LogisticsandSupplyChain"], "jobFunction": ["SupplyChain"], "jobType": "Full-time", "level": "Associate"}, "jobId": "901243989", "location": "Melbourne,Victoria,Australia", "view": "16views"}{"jobTitle": "ERP Project Manager", "company": "Avanade", "Detail": {"industry": ["InformationTechnologyandServices", "ComputerSoftware", "ManagementConsulting"], "jobFunction": ["ProjectManagement", "InformationTechnology"], "jobType": "Full-time", "level": "Associate"}, "jobId": "903154203", "location": "Melbourne,AU", "view": "46views"}{"jobTitle": "Human Resources Business Partner", "company": "Boral", "Detail": {"industry": ["BuildingMaterials"], "jobFunction": ["HumanResources", "Strategy", "Consulting"], "jobType": "Full-time", "level": "Associate"}, "jobId": "901239363", "location": "PortMelbourne,Victoria,Australia", "view": "24views"}{"jobTitle": "Education Advisor", "company": "ChaseResourcingInternationalLtd", "Detail": {"industry": ["EducationManagement", "HigherEducation"], "jobFunction": ["Education"], "jobType": "Full-time", "level": "Entry level"}, "jobId": "902381201", "location": "Melbourne,Victoria,Australia", "view": "Posted22hoursago"}{"jobTitle": "Digital Designer", "company": "Jeanswest", "Detail": {"industry": ["Apparel&amp;Fashion", "Retail", "LuxuryGoods&amp;Jewelry"], "jobFunction": ["InformationTechnology"], "jobType": "Full-time", "level": "Entry level"}, "jobId": "903034480", "location": "Melbourne,AU", "view": "17views"}{"jobTitle": "Senior Digital Content Manager", "company": "BauerMediaAustralia", "Detail": {"industry": ["OnlineMedia", "Publishing"], "jobFunction": ["Marketing"], "jobType": "Full-time", "level": "Mid-Senior level"}, "jobId": "903018494", "location": "Melbourne", "view": "84views"}{"jobTitle": "Cloud Support Engineer x 2", "company": "MARSRecruitment", "Detail": {"industry": ["StaffingandRecruiting", "FinancialServices", "Hospital&amp;HealthCare"], "jobFunction": ["InformationTechnology"], "jobType": "Full-time", "level": ""}, "jobId": "901264934", "location": "Melbourne,AU", "view": "14views"}{"jobTitle": "Wintel Engineer", "company": "AttributeGroup", "Detail": {"industry": ["InformationTechnologyandServices", "FinancialServices"], "jobFunction": ["InformationTechnology"], "jobType": "Full-time", "level": "Mid-Senior level"}, "jobId": "903001179", "location": "Melbourne,Victoria,Australia", "view": "13views"}{"jobTitle": "Sales Support Representative (12 Mth Agency Contract)", "company": "CaterpillarInc.", "Detail": {"industry": ["Construction", "Machinery"], "jobFunction": ["Engineering"], "jobType": "Full-time", "level": ""}, "jobId": "901254763", "location": "Tullamarine,AU", "view": "15views"}{"jobTitle": "eCommerce Merchandise  and  Trading Manager", "company": "MECCABrands", "Detail": {"industry": ["Retail", "InformationTechnologyandServices", "Cosmetics"], "jobFunction": ["Marketing", "InformationTechnology", "GeneralBusiness"], "jobType": "Full-time", "level": "Mid-Senior level"}, "jobId": "902231528", "location": "34WangarattaSt,Richmond,VIC3121,AU", "view": "82views"}{"jobTitle": "DuluxGroup IT \\\\u2013 Video Producer - Clayton", "company": "DuluxGroup", "Detail": {"industry": ["Design", "GraphicDesign", "MediaProduction"], "jobFunction": ["Design", "Art", "InformationTechnology"], "jobType": "Full-time", "level": "Mid-Senior level"}, "jobId": "903035795", "location": "Melbourne,Australia", "view": "31views"}{"jobTitle": "lead sql developer", "company": "RandstadAustralia", "Detail": {"industry": ["ConsumerElectronics", "InformationTechnologyandServices", "Telecommunications"], "jobFunction": ["InformationTechnology"], "jobType": "Full-time", "level": ""}, "jobId": "903126871", "location": "Melbourne,AU", "view": "23views"}{"jobTitle": "Sales Executive", "company": "btaSales", "Detail": {"industry": ["FinancialServices", "InformationServices", "ConsumerGoods"], "jobFunction": ["Sales", "BusinessDevelopment"], "jobType": "Full-time", "level": "Associate"}, "jobId": "903233032", "location": "Melbourne,AU", "view": "Posted18hoursago"}{"jobTitle": "Business Analyst with Superannuation", "company": "IQGroup,Australia", "Detail": {"industry": ["InformationServices", "Insurance", "ManagementConsulting"], "jobFunction": ["Consulting"], "jobType": "Full-time", "level": "Mid-Senior level"}, "jobId": "903001160", "location": "Melbourne", "view": "23views"}