{"jobTitle": "Tax Senior Consultant", "company": "JonesTalentID", "Detail": {"industry": ["Accounting"], "jobFunction": ["Consulting", "Accounting"], "jobType": "Full-time", "level": "Mid-Senior level"}, "jobId": "903359334", "location": "Melbourne,Australia", "view": "Posted8hoursago"}{"jobTitle": "Specification Manager", "company": "CSG:TheGlobalTalentExperts", "Detail": {"industry": ["BuildingMaterials"], "jobFunction": ["Sales"], "jobType": "Full-time", "level": "Mid-Senior level"}, "jobId": "902986776", "location": "Melbourne,Australia", "view": "12views"}{"jobTitle": "Part Time Customer Service Representatives - Melbourne CBD", "company": "CommonwealthBank", "Detail": {"industry": ["Banking"], "jobFunction": ["CustomerService", "InformationTechnology"], "jobType": "Full-time", "level": ""}, "jobId": "903398596", "location": "Melbourne,AU", "view": "Posted7hoursago"}{"jobTitle": "Cloud Platform Engineer", "company": "AGLEnergy", "Detail": {"industry": ["InformationTechnologyandServices"], "jobFunction": ["InformationTechnology"], "jobType": "Full-time", "level": "Mid-Senior level"}, "jobId": "903019924", "location": "MelbourneCBD,Melbourne,Australia", "view": "11views"}{"jobTitle": "Senior Analyst Engineer", "company": "NationalAustraliaBank", "Detail": {"industry": ["Banking"], "jobFunction": ["InformationTechnology"], "jobType": "Full-time", "level": "Mid-Senior level"}, "jobId": "903034639", "location": "Melbourne", "view": "47views"}{"jobTitle": "Field Sales Engineer - Australia", "company": "Checkmarx", "Detail": {"industry": ["Computer&amp;NetworkSecurity", "ComputerSoftware"], "jobFunction": ["Sales", "Engineering", "BusinessDevelopment"], "jobType": "Full-time", "level": "Mid-Senior level"}, "jobId": "902775113", "location": "Melbourne,Victoria,Australia", "view": "Posted19hoursago"}{"jobTitle": "Chief Information Officer - Latrobe Health Services", "company": "HenderConsulting", "Detail": {"industry": ["Insurance", "Hospital&amp;HealthCare", "NonprofitOrganizationManagement"], "jobFunction": ["InformationTechnology", "Strategy", "Management"], "jobType": "Full-time", "level": "Executive"}, "jobId": "903025304", "location": "Melbourne,Victoria,Australia", "view": "61views"}{"jobTitle": "Senior People, Safety and Culture Advisor. Maximum Term to June 2019 - Melbourne", "company": "LifeWithoutBarriers", "Detail": {"industry": ["Individual&amp;FamilyServices"], "jobFunction": ["HealthCareProvider", "Management"], "jobType": "Full-time", "level": "Associate"}, "jobId": "903036047", "location": "Melbourne,Australia", "view": "10views"}{"jobTitle": "Manager Community Wellbeing", "company": "MorelandCityCouncil", "Detail": {"industry": ["NonprofitOrganizationManagement", "Civic&amp;SocialOrganization", "GovernmentAdministration"], "jobFunction": ["Other"], "jobType": "Temporary", "level": "Mid-Senior level"}, "jobId": "903370006", "location": "Moreland,AU", "view": "Posted8hoursago"}{"jobTitle": "SEO Content Writer", "company": "Supple", "Detail": {"industry": ["InformationTechnologyandServices", "Internet", "MarketingandAdvertising"], "jobFunction": ["Writing", "Art"], "jobType": "Full-time", "level": "Entry level"}, "jobId": "901229186", "location": "Melbourne,Australia", "view": "28views"}{"jobTitle": "Sales Development - Outbound (Melbourne, Australia)", "company": "Box", "Detail": {"industry": ["ComputerSoftware", "Internet", "InformationTechnologyandServices"], "jobFunction": ["Sales", "BusinessDevelopment"], "jobType": "Full-time", "level": "Mid-Senior level"}, "jobId": "903124829", "location": "Melbourne,AU", "view": "9views"}{"jobTitle": "Sales Manager", "company": "McMillanShakespeare(MMSG)", "Detail": {"industry": ["FinancialServices"], "jobFunction": ["Sales"], "jobType": "Full-time", "level": "Mid-Senior level"}, "jobId": "901215862", "location": "MelbourneCentralTowerLevel21,360ElizabethStreet,Melbourne,VIC3000,AU", "view": "12views"}{"jobTitle": "Senior Team Leader, Occupations Planning", "company": "PublicTransportVictoria", "Detail": {"industry": ["Transportation/Trucking/Railroad", "GovernmentRelations"], "jobFunction": ["Strategy", "Management", "ProjectManagement"], "jobType": "Full-time", "level": "Associate"}, "jobId": "903036203", "location": "750CollinsSt,DocklandsVictoria3008", "view": "13views"}{"jobTitle": "EA/ Team Assistant/ Practice Manager", "company": "Porteralle", "Detail": {"industry": ["Banking", "Insurance", "FinancialServices"], "jobFunction": ["Administrative"], "jobType": "Full-time", "level": "Associate"}, "jobId": "903370131", "location": "Melbourne,AU", "view": "Posted8hoursago"}{"jobTitle": "Senior Manager, Regulatory Compliance", "company": "UniSuper", "Detail": {"industry": ["FinancialServices"], "jobFunction": ["Finance", "Sales"], "jobType": "Full-time", "level": "Mid-Senior level"}, "jobId": "903180171", "location": "Melbourne,AU", "view": "Posted23hoursago"}{"jobTitle": "Planning  and  Insights Manager", "company": "Lio", "Detail": {"industry": ["ConsumerGoods", "Food&amp;Beverages"], "jobFunction": ["Accounting", "Finance", "Strategy"], "jobType": "Full-time", "level": "Associate"}, "jobId": "903005697", "location": "Docklands,Melbourne,Australia", "view": "73views"}{"jobTitle": "Marketing Manager - Retail Fashion Apparel", "company": "SixDegreesExecutive", "Detail": {"industry": ["Accounting", "FinancialServices"], "jobFunction": ["Marketing"], "jobType": "Full-time", "level": "Associate"}, "jobId": "903365161", "location": "Melbourne,AU", "view": "Posted8hoursago"}{"jobTitle": "Manager Media Relations", "company": "PhilipMorrisInternational", "Detail": {"industry": ["ConsumerGoods", "Tobacco"], "jobFunction": ["Marketing", "PublicRelations", "Writing"], "jobType": "Full-time", "level": ""}, "jobId": "902704105", "location": "Melbourne,AU", "view": "Posted21hoursago"}{"jobTitle": "Manager Customer Support- Australia", "company": "Ceridia", "Detail": {"industry": ["ComputerSoftware", "HumanResources"], "jobFunction": ["CustomerService", "InformationTechnology"], "jobType": "Full-time", "level": "Mid-Senior level"}, "jobId": "903213551", "location": "Melbourne,AU", "view": "Posted20hoursago"}{"jobTitle": "Procurement Administrator", "company": "Hudso", "Detail": {"industry": ["GovernmentAdministration"], "jobFunction": ["Administrative"], "jobType": "Full-time", "level": "Associate"}, "jobId": "903020336", "location": "MelbourneCBD,Melbourne,Australia", "view": "9views"}{"jobTitle": "Sales Account Manager", "company": "BP", "Detail": {"industry": ["Automotive", "Oil&amp;Energy"], "jobFunction": ["Sales"], "jobType": "Full-time", "level": "Associate"}, "jobId": "903026839", "location": "Melbourne,Australia", "view": "47views"}{"jobTitle": "Senior Commercial Manager / QS (Facilities Management)", "company": "AustCorpExecutive", "Detail": {"industry": ["Construction", "Architecture&amp;Planning"], "jobFunction": ["Sales", "Management"], "jobType": "Full-time", "level": ""}, "jobId": "903604618", "location": "Melbourne,AU", "view": "Posted6hoursago"}{"jobTitle": "Lawyer, Personal Injury", "company": "Kennedys", "Detail": {"industry": ["LegalServices"], "jobFunction": ["Legal"], "jobType": "Full-time", "level": "Associate"}, "jobId": "903129483", "location": "Melbourne,Victoria,Australia", "view": "8views"}{"jobTitle": "Engineer, Platform", "company": "Auth0", "Detail": {"industry": ["ComputerSoftware", "Computer&amp;NetworkSecurity", "InformationTechnologyandServices"], "jobFunction": ["InformationTechnology", "Engineering"], "jobType": "Full-time", "level": "Entry level"}, "jobId": "903216497", "location": "Melbourne,AU", "view": "Posted20hoursago"}{"jobTitle": "Human Resources Coordinator", "company": "CleanawayWasteManagement", "Detail": {"industry": ["Transportation/Trucking/Railroad", "Renewables&amp;Environment", "EnvironmentalServices"], "jobFunction": ["HumanResources"], "jobType": "Contract", "level": "Entry level"}, "jobId": "903217044", "location": "Melbourne", "view": "Posted19hoursago"}