{"jobTitle": "cement rendering", "company": "", "Detail": {"industry": ["Construction", "Design", "Individual&amp;FamilyServices"], "jobFunction": ["BusinessDevelopment", "Management", "Engineering"], "jobType": "Contract", "level": "Director"}, "jobId": "903363960", "location": "Melbourne,Victoria,Australia", "view": "Posted8hoursago"}{"jobTitle": "Credit Officer - Store Network", "company": "GenuinePartsCompany", "Detail": {"industry": ["Accounting", "Automotive", "FinancialServices"], "jobFunction": ["CustomerService", "Accounting", "Finance"], "jobType": "Full-time", "level": "Associate"}, "jobId": "901543596", "location": "Rowville,Victoria,Australia", "view": "20views"}{"jobTitle": "Project Manager - SAP SuccessFactors", "company": "DavidsonTechnology", "Detail": {"industry": ["InformationTechnologyandServices", "GovernmentAdministration", "Utilities"], "jobFunction": ["InformationTechnology", "HumanResources", "ProjectManagement"], "jobType": "Full-time", "level": "Mid-Senior level"}, "jobId": "902999236", "location": "Melbourne,Australia", "view": "28views"}{"jobTitle": "Senior Pricing Analyst", "company": "StarTrack", "Detail": {"industry": ["MarketingandAdvertising", "LogisticsandSupplyChain", "Transportation/Trucking/Railroad"], "jobFunction": ["Management", "Manufacturing"], "jobType": "Full-time", "level": "Associate"}, "jobId": "903212988", "location": "Melbourne,AU", "view": "Posted20hoursago"}{"jobTitle": "Systems Engineer - Melbourne", "company": "Fortinet", "Detail": {"industry": ["InformationTechnologyandServices", "ComputerSoftware", "Computer&amp;NetworkSecurity"], "jobFunction": ["InformationTechnology"], "jobType": "Full-time", "level": "Entry level"}, "jobId": "901576937", "location": "Melbourne,AU", "view": "45views"}{"jobTitle": "Risk Manager", "company": "Lander and Rogers", "Detail": {"industry": ["LawPractice"], "jobFunction": ["Finance", "Sales"], "jobType": "Full-time", "level": ""}, "jobId": "903003626", "location": "Melbourne,AU", "view": "20views"}{"jobTitle": "Account Executive \\\\u2013 Enterprise", "company": "DocuSig", "Detail": {"industry": ["ComputerSoftware"], "jobFunction": ["Sales", "BusinessDevelopment"], "jobType": "Full-time", "level": ""}, "jobId": "902828972", "location": "Melbourne,AU", "view": "16views"}{"jobTitle": "Customer Service Advisor - Keysborough", "company": "BankofMelbourne", "Detail": {"industry": ["Banking", "FinancialServices", "InvestmentBanking"], "jobFunction": ["CustomerService", "InformationTechnology"], "jobType": "Full-time", "level": ""}, "jobId": "901977524", "location": "Melbourne,AU", "view": "15views"}{"jobTitle": "Business Development Manager- Victoria", "company": "Sportsbet", "Detail": {"industry": ["Entertainment", "Gambling&amp;Casinos", "Internet"], "jobFunction": ["Sales", "BusinessDevelopment"], "jobType": "Full-time", "level": ""}, "jobId": "901519785", "location": "Melbourne,AU", "view": "21views"}{"jobTitle": "Contact Centre Agent", "company": "MorganConsulting", "Detail": {"industry": ["Telecommunications", "InformationServices"], "jobFunction": ["CustomerService", "InformationTechnology"], "jobType": "Temporary", "level": ""}, "jobId": "902042048", "location": "Melbourne,AU", "view": "4views"}{"jobTitle": "Expression of Interest \\\\u2013 Come and join the Victorian Chamber", "company": "VictorianChamberofCommerceandIndustry", "Detail": {"industry": ["HumanResources"], "jobFunction": ["Consulting", "BusinessDevelopment", "CustomerService"], "jobType": "Full-time", "level": "Associate"}, "jobId": "902981238", "location": "Level3150CollinsStreet,Melbourne,VIC3000,AU", "view": "36views"}{"jobTitle": "Construction / Infrastructure Associates/ Senior Associates", "company": "PinsentMasons", "Detail": {"industry": ["LegalServices", "LawPractice"], "jobFunction": ["Legal"], "jobType": "Full-time", "level": "Director"}, "jobId": "901272427", "location": "Melbourne,AU", "view": "4views"}{"jobTitle": "Junior Legal Assistant - Superannuation", "company": "SlaterandGordonLawyers", "Detail": {"industry": ["LawPractice", "LegalServices", "FinancialServices"], "jobFunction": ["Legal"], "jobType": "Full-time", "level": "Entry level"}, "jobId": "902021090", "location": "Melbourne,AU", "view": "10views"}{"jobTitle": "Insurance Analyst", "company": "Mercer", "Detail": {"industry": ["Insurance", "ManagementConsulting"], "jobFunction": ["Sales", "BusinessDevelopment"], "jobType": "Full-time", "level": ""}, "jobId": "902245880", "location": "Melbourne,AU", "view": "38views"}{"jobTitle": "Compliance Coordinator", "company": "TollPeople", "Detail": {"industry": ["LogisticsandSupplyChain", "Transportation/Trucking/Railroad"], "jobFunction": ["Administrative", "HumanResources", "SupplyChain"], "jobType": "Full-time", "level": "Associate"}, "jobId": "901538495", "location": "InnerSuburbsMelbourne,Australia", "view": "22views"}{"jobTitle": "Full Time Customer Sales  and  Service Consultant - Highpoint", "company": "Telstra", "Detail": {"industry": ["InformationTechnologyandServices", "OnlineMedia", "Telecommunications"], "jobFunction": ["CustomerService", "InformationTechnology"], "jobType": "Full-time", "level": ""}, "jobId": "901571783", "location": "Melbourne,AU", "view": "14views"}{"jobTitle": "Project Manager", "company": "APPCorporationPtyLtd", "Detail": {"industry": ["Construction", "Architecture&amp;Planning", "ManagementConsulting"], "jobFunction": ["Consulting", "ProjectManagement"], "jobType": "Full-time", "level": "Mid-Senior level"}, "jobId": "902014700", "location": "Melbourne,Australia", "view": "30views"}{"jobTitle": "Clinical Operations Manager Cancer Services", "company": "BarwonHealth", "Detail": {"industry": ["NonprofitOrganizationManagement", "Health,WellnessandFitness", "Hospital&amp;HealthCare"], "jobFunction": ["Management", "Manufacturing"], "jobType": "Full-time", "level": "Mid-Senior level"}, "jobId": "903206237", "location": "Geelong,AU", "view": "Posted21hoursago"}{"jobTitle": "Strategic Account Executive", "company": "TableauSoftware", "Detail": {"industry": ["ComputerSoftware", "InformationTechnologyandServices"], "jobFunction": ["Sales", "BusinessDevelopment"], "jobType": "Full-time", "level": ""}, "jobId": "901197301", "location": "Melbourne,AU", "view": "64views"}{"jobTitle": "Recruitment Resourcer", "company": "FuseRecruitment", "Detail": {"industry": ["HumanResources", "StaffingandRecruiting"], "jobFunction": ["CustomerService", "Sales", "HumanResources"], "jobType": "Full-time", "level": "Entry level"}, "jobId": "903027778", "location": "Melbourne,Australia", "view": "1view"}{"jobTitle": "HR Generalist", "company": "Hays", "Detail": {"industry": ["HumanResources"], "jobFunction": ["HumanResources"], "jobType": "Full-time", "level": "Mid-Senior level"}, "jobId": "901966978", "location": "Melbourne,Australia", "view": "48views"}{"jobTitle": "Room Leader | Bentleigh", "company": "McArthur", "Detail": {"industry": ["NonprofitOrganizationManagement", "StaffingandRecruiting", "Hospital&amp;HealthCare"], "jobFunction": ["Other"], "jobType": "Full-time", "level": "Associate"}, "jobId": "902801442", "location": "Melbourne,AU", "view": "3views"}{"jobTitle": "Workplace Relations Lawyer and Senior Lawyer", "company": "Moores", "Detail": {"industry": ["LawPractice"], "jobFunction": ["Legal"], "jobType": "Full-time", "level": "Mid-Senior level"}, "jobId": "901555608", "location": "5BurwoodRoad,Hawthorn,VIC3122,AU", "view": "21views"}{"jobTitle": "Senior Urban Planner", "company": "Design and BuildRecruitment", "Detail": {"industry": ["GovernmentAdministration"], "jobFunction": ["Other"], "jobType": "Contract", "level": ""}, "jobId": "902951261", "location": "Melbourne,AU", "view": "2views"}{"jobTitle": "", "company": "", "Detail": "", "jobId": "903246215", "location": "", "view": ""}