{"jobTitle": "Senior or Principal Urban Designer (Band 6 or 7 considered)", "company": "CardiniaShireCouncil", "Detail": {"industry": ["NonprofitOrganizationManagement", "GovernmentAdministration", "FinancialServices"], "jobFunction": ["Design", "Art", "InformationTechnology"], "jobType": "Contract", "level": "Associate"}, "jobId": "905287303", "location": "Cardinia,AU", "view": "Posted11hoursago"}{"jobTitle": "THE CLIFFORD CHAIR IN NEURAL ENGINEERING", "company": "UniversityofMelbourne", "Detail": {"industry": ["HigherEducation", "MechanicalorIndustrialEngineering"], "jobFunction": ["Education", "Engineering", "Research"], "jobType": "Full-time", "level": "Director"}, "jobId": "903009279", "location": "Parkville,Melbourne,VIC3010,AU", "view": "15views"}{"jobTitle": "Category Manager", "company": "L'Or\\\\xe9al", "Detail": {"industry": ["Cosmetics"], "jobFunction": ["Marketing", "Sales"], "jobType": "Full-time", "level": ""}, "jobId": "905871784", "location": "Melbourne,AU", "view": "Posted4hoursago"}{"jobTitle": "General Liability Associate/ Senior Associate", "company": "Wotton+Kearney", "Detail": {"industry": ["LawPractice", "Insurance", "LegalServices"], "jobFunction": ["Consulting", "Legal", "Management"], "jobType": "Full-time", "level": "Associate"}, "jobId": "903107717", "location": "Melbourne,Victoria,Australia", "view": "7views"}{"jobTitle": "Coordinator Social and Community Infrastructure", "company": "KnoxCityCouncil", "Detail": {"industry": ["NonprofitOrganizationManagement", "EnvironmentalServices", "GovernmentAdministration"], "jobFunction": ["InformationTechnology"], "jobType": "Full-time", "level": "Entry level"}, "jobId": "903338528", "location": "Knox,AU", "view": "Posted9hoursago"}{"jobTitle": "Psychometric Assessment Administrator", "company": "MacquarieGroup", "Detail": {"industry": ["Banking", "FinancialServices", "InvestmentBanking"], "jobFunction": ["InformationTechnology"], "jobType": "Full-time", "level": ""}, "jobId": "903602297", "location": "Melbourne,AU", "view": "Posted6hoursago"}{"jobTitle": "Business Development Executive - Beer Collective", "company": "Carlton and UnitedBreweries", "Detail": {"industry": ["Food&amp;Beverages", "ConsumerGoods", "FinancialServices"], "jobFunction": ["BusinessDevelopment", "Sales"], "jobType": "Full-time", "level": "Associate"}, "jobId": "905445321", "location": "Melbourne,AU", "view": "Posted10hoursago"}{"jobTitle": "Support Officer - North Melbourne", "company": "AustralianRedCross", "Detail": {"industry": ["Civic&amp;SocialOrganization"], "jobFunction": ["Administrative"], "jobType": "Full-time", "level": "Entry level"}, "jobId": "902757861", "location": "Melbourne,Australia", "view": "Posted19hoursago"}{"jobTitle": "Client Manager", "company": "SuncorpGroup", "Detail": {"industry": ["FinancialServices", "Insurance"], "jobFunction": ["Sales", "BusinessDevelopment"], "jobType": "Full-time", "level": ""}, "jobId": "903606478", "location": "Melbourne,AU", "view": "Posted6hoursago"}{"jobTitle": "Deputy Director Management Accounting", "company": "Sharp and Carter", "Detail": {"industry": ["Accounting", "FinancialServices", "Banking"], "jobFunction": ["Finance", "Sales"], "jobType": "Full-time", "level": "Director"}, "jobId": "904690425", "location": "Melbourne,AU", "view": "Posted14hoursago"}{"jobTitle": "Business Development Executive - Trucks and Machinery", "company": "PicklesAuctions", "Detail": {"industry": ["Wholesale", "Automotive", "Machinery"], "jobFunction": ["BusinessDevelopment", "CustomerService", "Purchasing"], "jobType": "Full-time", "level": "Mid-Senior level"}, "jobId": "902999719", "location": "AltonaNorth,Victoria,Australia", "view": "7views"}{"jobTitle": "Scientific Technical Writer", "company": "AgilentTechnologies", "Detail": {"industry": ["InformationTechnologyandServices", "ComputerSoftware", "Biotechnology"], "jobFunction": ["Marketing", "PublicRelations", "Writing"], "jobType": "Full-time", "level": "Associate"}, "jobId": "905723257", "location": "Melbourne,AU", "view": "Posted8hoursago"}{"jobTitle": "Social Servicing Agent", "company": "Foxtel", "Detail": {"industry": ["BroadcastMedia"], "jobFunction": ["Advertising", "BusinessDevelopment", "Marketing"], "jobType": "Full-time", "level": ""}, "jobId": "903605834", "location": "MooneePonds,AU", "view": "Posted6hoursago"}{"jobTitle": "Corporate Business Manager", "company": "HelloworldTravelLimited", "Detail": {"industry": ["Leisure,Travel&amp;Tourism"], "jobFunction": ["BusinessDevelopment", "Sales", "Marketing"], "jobType": "Full-time", "level": "Associate"}, "jobId": "903107606", "location": "SouthMelbourne,Victoria,Australia", "view": "21views"}{"jobTitle": "Commercial Manager - Fixed term", "company": "AustraliaPost", "Detail": {"industry": ["Warehousing", "LogisticsandSupplyChain"], "jobFunction": ["Finance", "Analyst"], "jobType": "Temporary", "level": "Mid-Senior level"}, "jobId": "902437006", "location": "Melbourne,Australia", "view": "51views"}{"jobTitle": "Graduate Developer \\\\u2013 C#, Full Stack developer", "company": "DCA-DatabaseConsultantsAustralia", "Detail": {"industry": ["InformationTechnologyandServices"], "jobFunction": ["InformationTechnology"], "jobType": "Full-time", "level": "Associate"}, "jobId": "903003994", "location": "Melbourne,Victoria,Australia", "view": "33views"}{"jobTitle": "E-Commerce Systems Analyst", "company": "BeaconLighting", "Detail": {"industry": ["Retail"], "jobFunction": ["InformationTechnology", "Analyst"], "jobType": "Full-time", "level": "Mid-Senior level"}, "jobId": "901271249", "location": "Derrimut,Victoria,Australia", "view": "19views"}{"jobTitle": "Account Manager - Media Agency", "company": "carsales.com.au", "Detail": {"industry": ["MarketingandAdvertising", "ComputerSoftware", "Internet"], "jobFunction": ["Marketing", "Sales"], "jobType": "Full-time", "level": "Associate"}, "jobId": "903352696", "location": "Melbourne,AU", "view": "Posted8hoursago"}{"jobTitle": "Product Manager - Payments", "company": "CityofBoroondara", "Detail": {"industry": ["NonprofitOrganizationManagement", "Civic&amp;SocialOrganization", "GovernmentAdministration"], "jobFunction": ["ProductManagement", "Marketing"], "jobType": "Full-time", "level": "Entry level"}, "jobId": "903369070", "location": "Boroondara,AU", "view": "Posted8hoursago"}{"jobTitle": "Catering  and  Functions Manager FT", "company": "SpotlessGroup", "Detail": {"industry": ["FacilitiesServices"], "jobFunction": ["Management", "Manufacturing"], "jobType": "Full-time", "level": ""}, "jobId": "903609351", "location": "Melbourne,AU", "view": "Posted6hoursago"}{"jobTitle": "Technical Specialist / Developer", "company": "MYER", "Detail": {"industry": ["InformationTechnologyandServices", "InformationServices", "Retail"], "jobFunction": ["InformationTechnology"], "jobType": "Full-time", "level": "Mid-Senior level"}, "jobId": "903217045", "location": "Melbourne,Australia", "view": "Posted19hoursago"}{"jobTitle": "Internal Audit - Senior Consultant", "company": "BluefinResources", "Detail": {"industry": ["InformationTechnologyandServices", "ComputerSoftware", "FinancialServices"], "jobFunction": ["Accounting", "Finance"], "jobType": "Full-time", "level": "Associate"}, "jobId": "903301741", "location": "Melbourne,AU", "view": "Posted11hoursago"}{"jobTitle": "Warehouse Storeperson - Melbourne, Australia", "company": "MeritMedicalSystems,Inc.", "Detail": {"industry": ["MedicalDevices"], "jobFunction": ["Sales", "BusinessDevelopment"], "jobType": "Full-time", "level": ""}, "jobId": "903603944", "location": "Melbourne,AU", "view": "Posted6hoursago"}{"jobTitle": "Game Engineer", "company": "KIXEYE", "Detail": {"industry": ["ComputerGames", "Entertainment", "ComputerSoftware"], "jobFunction": ["Engineering"], "jobType": "Full-time", "level": "Mid-Senior level"}, "jobId": "903001596", "location": "Melbourne,Australia", "view": "18views"}{"jobTitle": "MS Dynamics CRM Architect - Melbourne", "company": "AYANInfoTech", "Detail": {"industry": ["InformationTechnologyandServices"], "jobFunction": ["InformationTechnology"], "jobType": "Contract", "level": "Director"}, "jobId": "903117807", "location": "Southbank,Melbourne,Australia", "view": "5views"}