{"jobTitle": "Recreation Project Officer", "company": "MeltonCityCouncil", "Detail": {"industry": ["NonprofitOrganizationManagement", "GovernmentAdministration", "Hospital&amp;HealthCare"], "jobFunction": ["Other"], "jobType": "Full-time", "level": "Entry level"}, "jobId": "903782386", "location": "Melton,AU", "view": "Posted4hoursago"}{"jobTitle": "Retail Sales Assistant - Samsung Melbourne Central", "company": "people2people", "Detail": {"industry": ["Retail"], "jobFunction": ["CustomerService"], "jobType": "Temporary", "level": ""}, "jobId": "901202446", "location": "MelbourneCBD", "view": "3views"}{"jobTitle": "Human Resources Coordinator", "company": "CleanawayWasteManagement", "Detail": {"industry": ["Transportation/Trucking/Railroad", "Renewables&amp;Environment", "EnvironmentalServices"], "jobFunction": ["HumanResources"], "jobType": "Contract", "level": "Entry level"}, "jobId": "903217044", "location": "Melbourne", "view": "Posted19hoursago"}{"jobTitle": "Account Executive", "company": "Weploy", "Detail": {"industry": ["ComputerSoftware", "HumanResources", "InformationTechnologyandServices"], "jobFunction": ["CustomerService", "GeneralBusiness", "Sales"], "jobType": "Contract", "level": "Entry level"}, "jobId": "903129519", "location": "Melbourne,Victoria,Australia", "view": "16views"}{"jobTitle": "Trainer/Instructional Designer", "company": "ChangeworksConsulting", "Detail": {"industry": ["ManagementConsulting"], "jobFunction": ["Training"], "jobType": "Contract", "level": "Mid-Senior level"}, "jobId": "903120552", "location": "Melbourne,Australia", "view": "31views"}{"jobTitle": "Contract Administrator", "company": "HBSGroup(FormerlyknownasHeritageBuildingServicesPtyLtd)", "Detail": {"industry": ["Construction"], "jobFunction": ["Administrative"], "jobType": "Full-time", "level": "Mid-Senior level"}, "jobId": "903106700", "location": "Melbourne,Australia", "view": "5views"}{"jobTitle": "Salesperson", "company": "AustralianBusinessForum", "Detail": {"industry": ["EventsServices"], "jobFunction": ["Sales", "BusinessDevelopment", "Advertising"], "jobType": "Part-time", "level": "Associate"}, "jobId": "901278912", "location": "SouthYarra,Victoria,Australia", "view": "5views"}{"jobTitle": "HUMANITIES TEACHER 2019", "company": "XavierCollege", "Detail": {"industry": ["Primary/SecondaryEducation"], "jobFunction": ["Education"], "jobType": "Full-time", "level": "Associate"}, "jobId": "901268528", "location": "Melbourne,Australia", "view": "6views"}{"jobTitle": "Media, Manager", "company": "ArtsCentreMelbourne", "Detail": {"industry": ["PerformingArts"], "jobFunction": ["Management"], "jobType": "Full-time", "level": "Mid-Senior level"}, "jobId": "901247992", "location": "Melbourne", "view": "106views"}{"jobTitle": "Lead Developer - VR/AR", "company": "IgnitionImmersive", "Detail": {"industry": ["MediaProduction", "ComputerGames", "InformationTechnologyandServices"], "jobFunction": ["InformationTechnology", "Production", "Consulting"], "jobType": "Contract", "level": "Mid-Senior level"}, "jobId": "903032976", "location": "Melbourne,Australia", "view": "8views"}{"jobTitle": "Gymnastics Program Manager and Head Coach", "company": "MelbourneGirlsGrammar", "Detail": {"industry": ["Primary/SecondaryEducation", "Health,WellnessandFitness", "Sports"], "jobFunction": ["Management", "Administrative", "Education"], "jobType": "Full-time", "level": "Associate"}, "jobId": "903009746", "location": "86AndersonStreet,SouthYarra,VIC3141,AU", "view": "15views"}{"jobTitle": "Automation Test Lead", "company": "CircuITRecruitmentGroup", "Detail": {"industry": ["InformationTechnologyandServices"], "jobFunction": ["InformationTechnology"], "jobType": "Full-time", "level": "Mid-Senior level"}, "jobId": "903021537", "location": "Melbourne,Victoria,Australia", "view": "26views"}{"jobTitle": "Bookkeeper/Admin (P/T 0.6)", "company": "LGProVIC(LocalGovernmentProfessionals)", "Detail": {"industry": ["GovernmentRelations"], "jobFunction": ["Accounting", "Administrative"], "jobType": "Part-time", "level": "Associate"}, "jobId": "903009346", "location": "Docklands,Victoria,Australia", "view": "29views"}{"jobTitle": "Corporate Affairs Manager", "company": "Mitsui and Co.,Ltd.", "Detail": {"industry": ["InternationalTradeandDevelopment"], "jobFunction": ["PublicRelations", "Management", "Marketing"], "jobType": "Full-time", "level": "Mid-Senior level"}, "jobId": "903006066", "location": "MelbourneCBD,Victoria,Australia", "view": "101views"}{"jobTitle": "E-Commerce Executive", "company": "AccentGroupLimited", "Detail": {"industry": ["Retail", "Apparel&amp;Fashion", "Health,WellnessandFitness"], "jobFunction": ["Marketing", "Sales", "Art"], "jobType": "Full-time", "level": "Mid-Senior level"}, "jobId": "903013865", "location": "2/64BalmainStreet,Richmond,VIC3121,AU", "view": "70views"}{"jobTitle": "Lecturer", "company": "TheCollegeofLawAustralia", "Detail": {"industry": ["HigherEducation", "EducationManagement", "LegalServices"], "jobFunction": ["Education", "Training", "Administrative"], "jobType": "Full-time", "level": "Associate"}, "jobId": "903008544", "location": "Melbourne,Victoria,Australia", "view": "23views"}{"jobTitle": "Network Administrator", "company": "Altitude-Information and CommunicationTechnology", "Detail": {"industry": ["Computer&amp;NetworkSecurity", "InformationTechnologyandServices", "ComputerNetworking"], "jobFunction": ["InformationTechnology"], "jobType": "Full-time", "level": "Mid-Senior level"}, "jobId": "903001631", "location": "Melbourne,Victoria,Australia", "view": "23views"}{"jobTitle": "Senior Loan Monitoring  and  Compliance Officer", "company": "MaxCapGroup", "Detail": {"industry": ["InvestmentManagement", "FinancialServices", "Banking"], "jobFunction": ["Finance"], "jobType": "Full-time", "level": "Associate"}, "jobId": "903004054", "location": "Level33,360CollinsStreet,Melbourne,VIC3000,AU", "view": "12views"}{"jobTitle": "Environmental Health Officer", "company": "HobsonsBayCityCouncil", "Detail": {"industry": ["CivilEngineering", "NonprofitOrganizationManagement", "GovernmentAdministration"], "jobFunction": ["Management", "Manufacturing"], "jobType": "Part-time", "level": "Entry level"}, "jobId": "901241251", "location": "HobsonsBay,AU", "view": "25views"}{"jobTitle": "Safety Advisor", "company": "EmergentCold", "Detail": {"industry": ["LogisticsandSupplyChain"], "jobFunction": ["SupplyChain", "Other"], "jobType": "Full-time", "level": "Mid-Senior level"}, "jobId": "903001903", "location": "LavertonNorth,Victoria,Australia", "view": "18views"}{"jobTitle": "Logistics and Production Manager", "company": "SummitInnovations", "Detail": {"industry": ["InformationTechnologyandServices"], "jobFunction": ["Management", "Production", "SupplyChain"], "jobType": "Full-time", "level": "Mid-Senior level"}, "jobId": "903008251", "location": "Braeside,Victoria,Australia", "view": "20views"}{"jobTitle": "Consultant Team Leader", "company": "MYOB", "Detail": {"industry": ["ComputerSoftware"], "jobFunction": ["Consulting", "InformationTechnology", "Sales"], "jobType": "Full-time", "level": ""}, "jobId": "903009523", "location": "Melbourne,AU", "view": "11views"}{"jobTitle": "Clinical Specialist - Sales", "company": "Nevro", "Detail": {"industry": ["MedicalDevices", "Biotechnology", "Hospital&amp;HealthCare"], "jobFunction": ["HealthCareProvider"], "jobType": "Full-time", "level": ""}, "jobId": "903194527", "location": "Melbourne,AU", "view": "Posted22hoursago"}{"jobTitle": "Senior Compliance Officer", "company": "FrankstonCityCouncil", "Detail": {"industry": ["NonprofitOrganizationManagement", "GovernmentAdministration", "FinancialServices"], "jobFunction": ["Finance", "Sales"], "jobType": "Full-time", "level": "Mid-Senior level"}, "jobId": "901259399", "location": "Frankston,AU", "view": "15views"}{"jobTitle": "Scientific Advisor- 12 month contract", "company": "GSK", "Detail": {"industry": ["Pharmaceuticals"], "jobFunction": ["Research", "Analyst", "InformationTechnology"], "jobType": "Full-time", "level": "Mid-Senior level"}, "jobId": "901256123", "location": "Melbourne,AU", "view": "127views"}