[{"general":{"imgUrl":"https://media.licdn.com/dms/image/C5603AQFxAATS1Fn67w/profile-displayphoto-shrink_800_800/0?e=1545264000&v=beta&t=x2AAHu832Krfkov4OeitB1P9qXMBO8_qu-khtgDS3iE","fullName":"Priyanka Uchil","headline":"Recruiter at Accenture Australia","company":"Accenture Australia","school":"University of Mumbai","location":"Sydney, Australia","connections":"500+","description":"","firstName":"Priyanka","lastName":"Uchil"},"jobs":[{"companyName":"Accenture Australia","companyUrl":"https://www.linkedin.com/company/9332486/","jobTitle":"Recruiter","dateRange":"Dec 2017 – Present","location":"Sydney, Australia","description":null},{"companyName":"Genesis Recruitment Solutions","companyUrl":"https://www.linkedin.com/company/46780/","jobTitle":"IT Resourcer - Technology","dateRange":"Feb 2017 – Nov 2017","location":"Sydney, Australia","description":"Established in April 2001, Genesis IT is a specialist contract, permanent and fixed term hire recruitment business which has delivered services to some of the world’s largest companies. The Division generates in excess of $15 million in revenue each year and continually places hundred’s of IT candidates into the Professional Services, Digital Media, Mining & Resources, Financial Services, Systems Integration, Health Technology and Educational industry sectors.\n\nThe technology focused recruitment team forms credible business relationships built on trust and understanding which guarantees an insightful and results driven service."},{"companyName":"Resource360 HR","companyUrl":"https://www.linkedin.com/company/9326569/","jobTitle":"Recruitment Consultant","dateRange":"Aug 2013 – Dec 2015","location":"Mumbai Area, India","description":null},{"companyName":"IMS Learning Resources","companyUrl":"https://www.linkedin.com/company/55608/","jobTitle":"Senior HR Executive","dateRange":"Jan 2012 – Aug 2013","location":"Mumbai Area, India","description":null},{"companyName":"Deutsche Bank","companyUrl":"https://www.linkedin.com/company/1262/","jobTitle":"Analyst","dateRange":"Jun 2008 – Jul 2010","location":"Mumbai Area, India","description":null}],"schools":[{"schoolUrl":"https://www.linkedin.com/school/13663/?legacySchoolId=13663","schoolName":"University of Mumbai","degree":"Master of Business Administration (MBA)","degreeSpec":"Human Resource Management","dateRange":"2010 – 2012"},{"schoolUrl":"https://www.linkedin.com/school/13663/?legacySchoolId=13663","schoolName":"University of Mumbai","degree":"Bachelor of Commerce (B.Com.)","degreeSpec":"Banking and Insurance","dateRange":"2003 – 2008"}],"details":{"linkedinProfile":"https://www.linkedin.com/in/priyankauchil"},"skills":[{"name":"Recruiting","endorsements":"15"},{"name":"Human Resources","endorsements":"33"},{"name":"Employee Engagement","endorsements":"26"},{"name":"Performance Management","endorsements":"4"},{"name":"Process Improvement","endorsements":"2"},{"name":"Screening","endorsements":"1"},{"name":"Technical Recruiting","endorsements":"0"},{"name":"SAP","endorsements":"7"},{"name":"MIS","endorsements":"7"},{"name":"Management Information Systems (MIS)","endorsements":"4"},{"name":"Microsoft Office","endorsements":"0"},{"name":"Team Management","endorsements":"21"},{"name":"Personnel Management","endorsements":"14"},{"name":"Talent Management","endorsements":"12"},{"name":"Training","endorsements":"9"},{"name":"Performance Appraisal","endorsements":"7"},{"name":"Management","endorsements":"5"},{"name":"Employee Relations","endorsements":"3"},{"name":"Sourcing","endorsements":"2"},{"name":"Teamwork","endorsements":"0"},{"name":"Interviewing","endorsements":"0"},{"name":"Search","endorsements":"0"},{"name":"Talent Acquisition","endorsements":"21"},{"name":"Recruitments","endorsements":"2"},{"name":"Permanent Staffing","endorsements":"0"}],"allSkills":"Recruiting, Human Resources, Employee Engagement, Performance Management, Process Improvement, Screening, Technical Recruiting, SAP, MIS, Management Information Systems (MIS), Microsoft Office, Team Management, Personnel Management, Talent Management, Training, Performance Appraisal, Management, Employee Relations, Sourcing, Teamwork, Interviewing, Search, Talent Acquisition, Recruitments, Permanent Staffing"},{"general":{"imgUrl":"https://media.licdn.com/dms/image/C5103AQHxv03FFL6YRA/profile-displayphoto-shrink_800_800/0?e=1545264000&v=beta&t=uXaeUKxaVCjkZto62olwHKsYg0Xohhiq_0VJ6BnXK7w","fullName":"Christian Cappelen Smith","headline":"Program Manager at Stockland","company":"Stockland","school":"Macquarie Graduate School of Management","location":"Sydney, Australia","connections":"500+","description":"A program leader experienced in planning and delivering technology enabled business transformations in ASX listed companies. A strategic thinker and advisor working with ExCo and Senior Management to help organisations achieve successful outcomes from investment in people, process and technology. \n\nI have 20 years' experience in asset management and projects including 15 years in SAP ERP integrated solutions within Australia, Canada and the USA.  My experience covers industries including property, chemicals, oil & gas, mining, utilities, rail and road infrastructure. I have broad management skills and a successful record running business and digital ERP transformation projects with a focus on asset management.\n\nMy experience includes, developing the case for change and business case, managing and governing program execution, and leading functional domain experts in SAP Asset Management & Integration.\n\nI have an honours Bachelor degree in Mechanical Engineering from the University of Sydney and a Masters of Business Administration from the Macquarie Graduate School of Management (MGSM) including high impact leadership training from Columbia Business School, New York.","firstName":"Christian","lastName":"Cappelen Smith"},"jobs":[{"companyName":"Stockland","companyUrl":"https://www.linkedin.com/company/15429/","jobTitle":"Program Manager","dateRange":"May 2015 – Present","location":null,"description":"Program Manager for Stockland who is undergoing a technology enabled digital transformation, operating as the Core Systems Program. The program will replace a number of legacy systems with an integrated solution of SAP S/4 HANA, Ariba, SuccessFactors and Salesforce. This new platform will be enabled by standard business processes and will deliver to Stockland's business the required tools, technology and data to drive operational efficiencies and embrace the digital economy. \n\nThe implementation program includes SAP S/4 HANA (Core Financials and modules PM, PPM, CPM and REFX), SAP Ariba (sourcing and procurement management), SAP BPC (forecasting, planning and consolidation), SAP BW/4HANA (enterprise reporting), Salesforce (group wide CRM) and SuccessFactors (payroll and HR).\n\nThe solution includes an asset development and asset operational forecasting module developed in-conjunction with SAP's Custom Development Program in Bangalore."},{"companyName":"Orica","companyUrl":"https://www.linkedin.com/company/7345/","jobTitle":"Enterprise Asset Management Consultant","dateRange":"Jul 2013 – May 2015","location":"Sydney, Australia","description":null},{"companyName":"Transfield Services","companyUrl":"https://www.linkedin.com/company/11343/","jobTitle":"Project Manager - Rio Tinto Iron Ore Fuel Infrastructure Project","dateRange":"Mar 2012 – Feb 2013","location":"WA, Karratha","description":"$63M Design & Construct contract for Diesel Fuel Terminal in Dampier, WA. The scope of the project includes; \n•\tDetailed Design of terminal\n•\tCivil Bulk earthworks for Ring Beams, Access Road Widening and Drainage\n•\tDetailed Civil works for footings, culverts, ring beams, bund floor and walls \n•\tMechanical works included structural steel, Piping, Fabrication and Installation\n•\tFabrication & Installation of New Steel Tanks"}],"schools":[{"schoolUrl":"https://www.linkedin.com/search/results/index/?keywords=Macquarie%20Graduate%20School%20of%20Management","schoolName":"Macquarie Graduate School of Management","degree":"Master of Business Administration (MBA)","dateRange":"2003 – 2006"},{"schoolUrl":"https://www.linkedin.com/school/18941/?legacySchoolId=18941","schoolName":"Columbia University - Columbia Business School","degreeSpec":"Executive High Impact Leadership Development","dateRange":"2006 – 2006"},{"schoolUrl":"https://www.linkedin.com/school/10250/?legacySchoolId=10250","schoolName":"University of Sydney","degree":"Bachelor of Engineering (BE)","degreeSpec":"Mechanical Engineering","dateRange":"1994 – 1998"}],"details":{"linkedinProfile":"https://www.linkedin.com/in/christian-cappelen-smith-7309a556"},"skills":[{"name":"Project Delivery","endorsements":"31"},{"name":"Project Planning","endorsements":"29"},{"name":"Project Management","endorsements":"26"},{"name":"Business Process Improvement","endorsements":"26"},{"name":"Project Control","endorsements":"19"},{"name":"Business Analysis","endorsements":"19"},{"name":"Business Process","endorsements":"16"},{"name":"Strategy","endorsements":"14"},{"name":"Integration","endorsements":"12"},{"name":"Piping","endorsements":"9"},{"name":"ERP","endorsements":"9"},{"name":"Construction","endorsements":"8"},{"name":"Contract Management","endorsements":"8"},{"name":"Infrastructure","endorsements":"8"},{"name":"SAP Implementation","endorsements":"7"},{"name":"Business Development","endorsements":"6"},{"name":"Commercial Management","endorsements":"6"},{"name":"Steel","endorsements":"6"},{"name":"Business Strategy","endorsements":"5"},{"name":"Business Transformation","endorsements":"5"},{"name":"Project Engineering","endorsements":"4"},{"name":"Process Engineering","endorsements":"4"},{"name":"Risk Management","endorsements":"4"},{"name":"Operations Management","endorsements":"4"},{"name":"Maintenance Management","endorsements":"3"},{"name":"Safety Management Systems","endorsements":"3"},{"name":"Business Process Mapping","endorsements":"3"},{"name":"Proposal Writing","endorsements":"2"},{"name":"Construction Management","endorsements":"2"},{"name":"Mining","endorsements":"2"},{"name":"Metal Fabrication","endorsements":"2"},{"name":"Cost Management","endorsements":"2"},{"name":"Cost Control","endorsements":"2"},{"name":"Business Process Design","endorsements":"2"},{"name":"Business Process Re-engineering","endorsements":"2"},{"name":"Business Planning","endorsements":"1"},{"name":"Steel Structures","endorsements":"1"},{"name":"Feasibility Studies","endorsements":"1"},{"name":"IT Strategy","endorsements":"1"},{"name":"Outsourcing","endorsements":"1"},{"name":"SAP","endorsements":"26"},{"name":"SAP MM","endorsements":"3"},{"name":"Primavera P6","endorsements":"1"},{"name":"MS Project","endorsements":"1"},{"name":"SAP PM","endorsements":"0"},{"name":"Contract Negotiation","endorsements":"6"},{"name":"Engineering Management","endorsements":"1"},{"name":"Tender Management","endorsements":"2"},{"name":"Subcontracts Management","endorsements":"1"},{"name":"Governance","endorsements":"5"}],"allSkills":"Project Delivery, Project Planning, Project Management, Business Process Improvement, Project Control, Business Analysis, Business Process, Strategy, Integration, Piping, ERP, Construction, Contract Management, Infrastructure, SAP Implementation, Business Development, Commercial Management, Steel, Business Strategy, Business Transformation, Project Engineering, Process Engineering, Risk Management, Operations Management, Maintenance Management, Safety Management Systems, Business Process Mapping, Proposal Writing, Construction Management, Mining, Metal Fabrication, Cost Management, Cost Control, Business Process Design, Business Process Re-engineering, Business Planning, Steel Structures, Feasibility Studies, IT Strategy, Outsourcing, SAP, SAP MM, Primavera P6, MS Project, SAP PM, Contract Negotiation, Engineering Management, Tender Management, Subcontracts Management, Governance"},{"general":{"imgUrl":"https://media.licdn.com/dms/image/C4D03AQEfz7mb88J1yQ/profile-displayphoto-shrink_800_800/0?e=1545264000&v=beta&t=NGKrItMqrTlD2VjJAPm5zBr0GE9tX5uYy8RIkFXhA5o","fullName":"Angela Davis","headline":"Head of Technology Services at Stockland","company":"Stockland","location":"Sydney, Australia","connections":"500+","description":"I am a passionate and experienced highly successful IT Executive with both local and international experience in structuring, negotiating, implementing and managing complex IT operating models.  \n\nI have extensive industry experience across multiple sectors including, engineering, telecommunications, banking & finance, utilities and oil and gas.\n\nI possess a very practical style with a strong commercial and delivery focus, advanced interpersonal skills and a reputation for creating successful and effective business partnerships.\n\n•\tOver 19 Years experience in IT, 12 Years in leadership positions.\n•\tKey focus on service delivery excellence with proven track record on delivering optimal service outcomes enabling further growth for business outcomes.\n•\tStrong leadership skills with proven results in team building and mentoring.\n•\tEnjoy challenges that require innovative thought introducing new technology & process efficiency.  Key focus on automation and making the complex simple.\n•\tEnjoy working with customers from end users to senior strategic leaders to achieve their desired business outcomes.\n•\tStrong stakeholder management experience and technology thought leadership on behalf of business partners.\n•\tExtensive experience in owning and driving technology solutions to improve end user satisfaction.","firstName":"Angela","lastName":"Davis"},"jobs":[{"companyName":"Stockland","companyUrl":"https://www.linkedin.com/company/15429/","jobTitle":"Head of Technology Services","dateRange":"Apr 2016 – Present","location":"Sydney, Australia","description":null},{"companyName":"Origin Energy","companyUrl":"https://www.linkedin.com/company/165342/","jobTitle":"Head of Infrastructure","dateRange":"Apr 2013 – Mar 2016","location":"Sydney, Australia","description":"Key Responsibilities\nResponsible for the operational delivery of all Infrastructure and Network services at Origin Energy (Australia and International).  This encompasses – Hosting (mid range, Wintel, backup, storage, DB services) EUC (collaboration, devices, access, mobility), Network Services (LAN, WAN, Secure Gateway, Firewalls), Voice (desktop telephony and contact centers), Operational IT security, IT facilities management including core data centers and distributed facilities.  \n\nResponsible for cost management and resulting cost efficiencies required to operate a large and complex environment spanning local and international geographies plus offshore drilling.  The services cover day to day, change portfolio and strategic initiatives.\n\nCurrent budget accountability represents $90m+ and accounts for close to 60% of overall IT operating budget.\n\nIn addition to key operational elements, I am currently the  executive sponsor for multiple transformation programs covering end user computing and network services.  I am also a key change leader for other significant programs including – Cyber Security, Infrastructure Services Strategy (workload to cloud), DC Exit, Operational Excellence."},{"companyName":"Origin Energy","companyUrl":"https://www.linkedin.com/company/165342/","jobTitle":"Delivery Manager - Platform Services","dateRange":"Oct 2011 – Mar 2013","location":"Sydney, Australia","description":null},{"companyName":"Energy Australia","companyUrl":"https://www.linkedin.com/company/9168/","jobTitle":"Program Manager - Service Uplift","dateRange":"Jul 2010 – Oct 2011","location":"Sydney","description":"Strategic management of IS vendors including IBM, Fujitsu, UXC Connect (Desktop, Service Management, Wintel, Midrange, Storage, Data Centre)\n\nManagement of day to day operational delivery including project governance for all additional services across IS vendors.  This includes developing operational management plans and resource plans with vendors to meet business requirements.\n\nGovernance of all contractual deliverables within the outsourced services, including appropriate engagement between the outsource parties and key business stakeholders.  In addition, SLA management, commercial and contractual compliance to contracts.\n\nKey Achievements\n\nDevelopment and management of significant service improvement program across IBM suite of services including process, policy, technology and project engagement changes.  Key outcomes equating to improved project delivery (cost savings and timeframes), reporting alignment including dashboard reporting (daily & weekly), significant improvements in backup process resulting in improved SLA attainment and provision of policy and procedure documentation.\n\nContract variations across vendors introducing SLA's for non performance – primarily focused around service uplift across hosting services.\n\nRevised services specification as required for contract extension (Fujitsu) utilising internal technical resource and external legal counsel.\n\nImplementation of a tiered support structure across Wintel and Midrange environments (Fujitsu) resulting in significant cost reductions and greater business alignment to application lifecycle.\n\nSignificant involvement with both the Data Centre Consolidation program of work (5 data centres merging to 2) and SAP program – platform uplift and NSW retail divestment program."},{"companyName":"Energy Australia","companyUrl":"https://www.linkedin.com/company/9168/","jobTitle":"Program Manager - Vendor Operations","dateRange":"2011 – 2011","location":null,"description":null},{"companyName":"CBA","companyUrl":"https://www.linkedin.com/company/2848/","jobTitle":"Senior Manager - Collaboration","dateRange":"Sep 2008 – Jul 2010","location":null,"description":"Currently working on deploying MS OCS to 28000+ users plus a Sharepoint 2010 deployment to 1100 retail branches.\n\nEstablishment of vendor supply agreements, negotiation, build etc.\n\nProduct management retails IT services into CBA\n\nAlso involved in 'Activity Based Working' pilot"},{"companyName":"Vodafone","companyUrl":"https://www.linkedin.com/company/1217/","jobTitle":"Senior Delivery Manager - Infrastructure Services","dateRange":"Sep 2004 – Sep 2008","location":"Sydney","description":"Senior Delivery Manager responsible for all Infrastructure IT Outsourcing - including Data Centres, Processing Platforms, Winel, Unix, Inteliigent Networks, SMS Platforms, Commercial Voice Mail Platforms, Desktops.  Responsibility for $30m+ opex and a further $60 capex spend per annum.  Vendors managed include - HP, Unisys, Alcatel, Airwide, Dell"},{"companyName":"Invensys","companyUrl":"https://www.linkedin.com/company/3368/","jobTitle":"APAC Regional Service Delivery Manager","dateRange":"1998 – 2004","location":"Sydney, London, Singapore","description":"•\tManage the relationship between Invensys and IBM in Australia, New Zealand and Singapore.  Manage the delivery of IBM services for all outsourced Infrastructure Services and Applications Management according to contractual terms.\n•\tMonitor and maintain the quality, standards and service levels within agreed benchmarks.\n•\tPartner with management and business stakeholders across all divisions to ensure that business requirements and ongoing needs are met.\n•\tBalance contract service usage and highlight spare capacity, revision of overall cost structures and ongoing programs to reduce the total IT spend – locally, regionally and globally.\n•\tManage the IT escalation process, Change Control process and accountability for signing off country specific IBM invoices – base services and project work / consultancy.\n•\tSupport the implementation of company wide, IT strategic objectives."}],"schools":[],"details":{"linkedinProfile":"https://www.linkedin.com/in/angela-davis-7343a321"},"skills":[{"name":"Outsourcing","endorsements":"44"},{"name":"Vendor Management","endorsements":"42"},{"name":"IT Service Management","endorsements":"35"},{"name":"Service Delivery","endorsements":"28"},{"name":"Project Delivery","endorsements":"28"},{"name":"Program Management","endorsements":"23"},{"name":"Cloud Computing","endorsements":"17"},{"name":"IT Strategy","endorsements":"10"},{"name":"Data Center","endorsements":"8"},{"name":"Business Process Improvement","endorsements":"8"},{"name":"Project Management","endorsements":"8"},{"name":"Infrastructure","endorsements":"8"},{"name":"Project Portfolio Management","endorsements":"6"},{"name":"Change Management","endorsements":"6"},{"name":"Strategy","endorsements":"6"},{"name":"SDLC","endorsements":"5"},{"name":"PMO","endorsements":"5"},{"name":"Business Analysis","endorsements":"4"},{"name":"Business Transformation","endorsements":"4"},{"name":"PRINCE2","endorsements":"3"},{"name":"Professional Services","endorsements":"1"},{"name":"Process Improvement","endorsements":"1"},{"name":"Information Management","endorsements":"0"},{"name":"SharePoint","endorsements":"4"},{"name":"SaaS","endorsements":"2"},{"name":"Stakeholder Management","endorsements":"24"},{"name":"Management","endorsements":"11"},{"name":"Governance","endorsements":"9"}],"allSkills":"Outsourcing, Vendor Management, IT Service Management, Service Delivery, Project Delivery, Program Management, Cloud Computing, IT Strategy, Data Center, Business Process Improvement, Project Management, Infrastructure, Project Portfolio Management, Change Management, Strategy, SDLC, PMO, Business Analysis, Business Transformation, PRINCE2, Professional Services, Process Improvement, Information Management, SharePoint, SaaS, Stakeholder Management, Management, Governance"},{"general":{"fullName":"Tiernan O&#39;Rourke","headline":"Chief Financial Officer at Stockland","company":"Transfield Services","location":"Sydney, Australia","connections":"87","description":"","firstName":"Tiernan","lastName":"O&#39;Rourke"},"jobs":[{"companyName":"Transfield Services","companyUrl":"https://www.linkedin.com/company/11343/","jobTitle":"Group Chief Financial Officer","dateRange":null,"location":null,"description":null}],"schools":[],"details":{"linkedinProfile":"https://www.linkedin.com/in/tiernan-o-rourke-a3300b32"},"skills":[],"allSkills":""},{"general":{"imgUrl":"https://media.licdn.com/dms/image/C5103AQE55hqqvhsy-w/profile-displayphoto-shrink_800_800/0?e=1545264000&v=beta&t=GDtDWnHibh3H9YIDttNEQe_wAyZRpXjeyFfvK3TNuI8","fullName":"Sarah O&#39;Toole","headline":"Leader, Mentor, Business Partner","company":"Stockland","school":"University of Cambridge","location":"Sydney, Australia","connections":"500+","description":"*Strategic Thought Leader\n*Highly adaptable, experienced in Transformations and Complex environments\n*Technology Enabler of Business Strategy\n*Trusted and Respected Partner\n*Delivery focused, authentic and Collaborative leader with a passion for achieving through people\n*Skilled in people and Stakeholder management achieved through trusted relationships including Externally connected; Customers, Business partners, vendors. \n\nPeople Leadership: My philosophy is to Lead well, plan well. Without a goal and a plan to get there it is difficult to achieve success. I can bring an outside perspective to strategic planning and creating aligned goals. I can set the vision and can also help execute on that strategy.\n•Plan and Execute with Customer Focus around a Common Goal\n•Inclusive Leader\n•Building the Right Team\n•Driving gender diversity agenda\n•Coaching & Development\n•Facilitation, Communication and collaboration to achieve\n•Stakeholder management\n•Management of geographically dispersed and outsourced teams.\n\nProduct & Technology Strategy Execution: I have a track record of planning and execution with customer focus.  I have 25 years global experience of execution across a variety of industries in the following areas:\n•Technology Roadmap/Strategy to support Business Strategy\n•MVP Strategy and Execution\n•Technology Leadership\n•Portfolio, Program and project planning and execution\n•Test and learn delivery focusing on delivering a great product that solves real problems for customers\n•Waterfall, Agile and BAU operational management\n•PRINCE2 accredited professional with a track record for successfully managing several SDLC \n \nMy ideal brief:\n•Tangible\n•Broad Brief\n•Making a Difference\n•Open Mandate\n•Decision making rights\n•External Relationships Vendors/Business\n•Large people component team/relationships\n•Inspiring Vision & Leader\n•Positive Change\n•Achievement culture\n•Having a great time doing it","firstName":"Sarah","lastName":"O&#39;Toole"},"jobs":[{"companyName":"Stockland","companyUrl":"https://www.linkedin.com/company/15429/","jobTitle":"Consultant","dateRange":"Aug 2018 – Present","location":null,"description":null},{"companyName":"Lion","companyUrl":"https://www.linkedin.com/company/1069260/","jobTitle":"Business Experience Partner- Lion Global Markets & CX","dateRange":"Jul 2016 – Jun 2018","location":"Sydney, Australia","description":null},{"companyName":"Origin Energy","companyUrl":"https://www.linkedin.com/company/165342/","jobTitle":"Portfolio Delivery Manager","dateRange":"Jul 2011 – Jul 2016","location":"Sydney, Australia","description":null},{"companyName":"BluLeader Pty Ltd","companyUrl":"https://www.linkedin.com/company/534893/","jobTitle":"Senior Consultant","dateRange":"Feb 2011 – Jul 2011","location":"Sydney, Australia","description":null},{"companyName":"Transfield Services","companyUrl":"https://www.linkedin.com/company/11343/","jobTitle":"IT Projects Management (Consultant at Supply Chain Consulting)","dateRange":"Oct 2005 – Nov 2010","location":"Sydney, Australia","description":null},{"companyName":"Telstra","companyUrl":"https://www.linkedin.com/company/1636/","jobTitle":"Business Transformation Manager","dateRange":"Jun 2004 – Oct 2005","location":"Sydney, Australia","description":null},{"companyName":"PwC","companyUrl":"https://www.linkedin.com/company/1044/","jobTitle":"Head of Infrastructure & Release Management","dateRange":"Jul 2003 – Jan 2004","location":"London, United Kingdom","description":"Head of Infrastructure and Release Management - PWC's internal SAP Implementation\n      \n      ($40m)."},{"companyName":"Linklaters","companyUrl":"https://www.linkedin.com/company/4304/","jobTitle":"Project Manager","dateRange":"Oct 2002 – Jun 2003","location":"London, United Kingdom","description":"Project Manager for Internal SAP Implementation at Linklaters (Law firm)."},{"companyName":"Druid PLC","companyUrl":"https://www.linkedin.com/company/289508/","jobTitle":"Project and Programme Manager","dateRange":"Jul 1998 – Sep 2002","location":"UK","description":"Druid PLC is a management consulting firm."},{"companyName":"Xansa","companyUrl":"https://www.linkedin.com/company/3438/","jobTitle":"Project and Programme Manager","dateRange":"Jul 1998 – Sep 2002","location":"UK","description":"Xansa PLC (formally Druid plc) a management consulting firm.\n      \n\n    \n      Delivered SAP implementations for Clients."},{"companyName":"Chep","companyUrl":"https://www.linkedin.com/company/5085/","jobTitle":"Xansa SAP consultant","dateRange":"Sep 1998 – Feb 2002","location":null,"description":null},{"companyName":"Weyburn Lydmet","companyUrl":"https://www.linkedin.com/search/results/index/?keywords=Weyburn%20Lydmet","jobTitle":"Project Engineer","dateRange":"Jul 1997 – Jun 1998","location":null,"description":null},{"companyName":"T&N technology","companyUrl":"https://www.linkedin.com/search/results/index/?keywords=T%26N%20technology","jobTitle":"Task force Engineer","dateRange":"Jan 1994 – Jun 1998","location":"Lyon Area, France","description":null},{"companyName":"T&N Task Force","companyUrl":"https://www.linkedin.com/search/results/index/?keywords=T%26N%20Task%20Force","jobTitle":"Task Force","dateRange":"1994 – 1998","location":null,"description":null}],"schools":[{"schoolUrl":"https://www.linkedin.com/school/12691/?legacySchoolId=12691","schoolName":"University of Cambridge","degree":"Master's Degree, Design, Manufacture & Management","dateRange":"1992 – 1993"},{"schoolUrl":"https://www.linkedin.com/school/12662/?legacySchoolId=12662","schoolName":"University of Birmingham","degree":"BEng","degreeSpec":"Manuafacturing Engineering and Economics","dateRange":"1989 – 1992"}],"details":{"linkedinProfile":"https://www.linkedin.com/in/sarahlotoole"},"skills":[{"name":"Business Process Improvement","endorsements":"18"},{"name":"Project Delivery","endorsements":"18"},{"name":"Change Management","endorsements":"14"},{"name":"IT Strategy","endorsements":"11"},{"name":"Business Transformation","endorsements":"11"},{"name":"Business Analysis","endorsements":"10"},{"name":"Project Management","endorsements":"10"},{"name":"Program Management","endorsements":"6"},{"name":"ERP","endorsements":"6"},{"name":"Project Planning","endorsements":"4"},{"name":"Project Portfolio Management","endorsements":"4"},{"name":"Requirements Analysis","endorsements":"3"},{"name":"PRINCE2","endorsements":"3"},{"name":"Management Consulting","endorsements":"3"},{"name":"Business Process Design","endorsements":"2"},{"name":"Portfolio Management","endorsements":"2"},{"name":"Consulting","endorsements":"2"},{"name":"Enterprise Resource Planning (ERP)","endorsements":"2"},{"name":"Strategy","endorsements":"2"},{"name":"Process Improvement","endorsements":"1"},{"name":"Software Project Management","endorsements":"1"},{"name":"IT Service Management","endorsements":"1"},{"name":"Information Technology","endorsements":"1"},{"name":"Fast-Moving Consumer Goods (FMCG)","endorsements":"0"},{"name":"Business Strategy","endorsements":"0"},{"name":"SAP","endorsements":"11"},{"name":"SAP Products","endorsements":"1"},{"name":"Siebel","endorsements":"0"},{"name":"Stakeholder Management","endorsements":"13"},{"name":"Team Leadership","endorsements":"6"},{"name":"Management","endorsements":"3"},{"name":"Leadership","endorsements":"0"},{"name":"Trusted Business Partner","endorsements":"1"},{"name":"Gender Equality","endorsements":"1"}],"allSkills":"Business Process Improvement, Project Delivery, Change Management, IT Strategy, Business Transformation, Business Analysis, Project Management, Program Management, ERP, Project Planning, Project Portfolio Management, Requirements Analysis, PRINCE2, Management Consulting, Business Process Design, Portfolio Management, Consulting, Enterprise Resource Planning (ERP), Strategy, Process Improvement, Software Project Management, IT Service Management, Information Technology, Fast-Moving Consumer Goods (FMCG), Business Strategy, SAP, SAP Products, Siebel, Stakeholder Management, Team Leadership, Management, Leadership, Trusted Business Partner, Gender Equality"},{"general":{"imgUrl":"https://media.licdn.com/dms/image/C4E03AQH0_UPjOEJ4Bw/profile-displayphoto-shrink_800_800/0?e=1545264000&v=beta&t=fTPJBOgA27ZDTFN6vXuGa-Si3yV5Q-vrnKV0SseY9Go","fullName":"Shane Martin","headline":"Chief Information Officer and Director","company":"TOGA","school":"University of New South Wales","location":"Sydney, Australia","connections":"500+","description":"Experience spans multiple CIO and IT Services Vendor Senior Executive roles. \n\nAlso has experience as a Non-Executive Director (Board Member) of a Australian previously ASX-listed IT Services company.\n\nPredominant experience in the Financial Services and Professional Services industries and more recently in the Property and Hotels sector. \n\n\nArea of expertise\n•\tLeading business and information technology functions; CIO roles; Board Roles\n•\tIT and Digital Strategy development\n•\tProgram Management, Governance and Delivery \n•\tIT Service Delivery and Innovation \n•\tTransformational Business Change and Stakeholder Management \n•\tCost Reduction\n•\tOutsourcing Assessment, Procurement and Contract Negotiation\n•\tMergers and Acquisitions\n•\tTelecommunications management \n•\tRisk Management \n•\tIndependent consulting\n•\tInterim roles","firstName":"Shane","lastName":"Martin"},"jobs":[{"companyName":"TOGA","companyUrl":"https://www.linkedin.com/company/6743004/","jobTitle":"Chief Information Officer","dateRange":"Mar 2015 – Present","location":"Sydney, Australia","description":"Toga Group is a diversified property development, investment and asset management business, with assets held in Australia, NZ and Europe. Over 2,500 employees.\n\nAssets under management of several billion dollars, including over 70 hotels, plus a portfolio of commercial and retail properties.\n\nResidential development pipeline of several thousand apartments.\n\nwww.tfehotels.com\nwww.toga.com.au\nhttps://www.linkedin.com/company/71619/careers"},{"companyName":"Consultant / Independent","companyUrl":"https://www.linkedin.com/search/results/index/?keywords=Consultant%20%2F%20Independent","jobTitle":"Director","dateRange":"Jul 2014 – Mar 2015","location":"Sydney, Australia","description":"Providing consulting services - including business / IT and Digital strategy; IT outsourcing advice; program/project health checks, and more!  \nAssignments: \n- IT Outsourcing advice; \n- Huawei Technologies - Provided strategic advice to the local CEO and Management Team on the development of the Enterprise Business Development Strategy for Australia."},{"companyName":"Mirvac","companyUrl":"https://www.linkedin.com/company/165003/","jobTitle":"Chief Information Officer","dateRange":"Mar 2012 – Apr 2014","location":"Sydney","description":null},{"companyName":"Stockland","companyUrl":"https://www.linkedin.com/company/15429/","jobTitle":"Chief Information Officer","dateRange":"Sep 2007 – Jun 2011","location":"Sydney, Australia","description":null},{"companyName":"Electronic Data Systems","companyUrl":"https://www.linkedin.com/company/3293626/","jobTitle":"General Manager","dateRange":"Jan 2004 – Aug 2007","location":"Sydney, Australia","description":"Delivery Executive for the outsourced IT Services to the Retail Banking business unit of\n      \n      the Commonwealth Bank of Australia (CBA)."},{"companyName":"CommSecure","companyUrl":"https://www.linkedin.com/company/44078/","jobTitle":"Non-Executive Director","dateRange":"Feb 2001 – Jan 2004","location":"Sydney, Australia","description":"Member of CommSecure's Board of Directors (CommSecure was an ASX Listed\n      \n      Company during this time)."},{"companyName":"Phillips Fox","companyUrl":"https://www.linkedin.com/company/4422/","jobTitle":"Director, Information Services","dateRange":"Aug 1999 – Nov 2003","location":"Sydney, Australia","description":"CIO role.  In addition, led the Legal Precedents team comprising of a number of\n      \n      lawyers, para legal and librarian professionals."},{"companyName":"ANZ","companyUrl":"https://www.linkedin.com/company/2437/","jobTitle":"Head, Operations & Technology, Personal Banking","dateRange":"May 1997 – Aug 1999","location":"Melbourne, Australia","description":"Business Unit CIO role"},{"companyName":"QBE","companyUrl":"https://www.linkedin.com/company/165607/","jobTitle":"Group Information Systems Manager","dateRange":"Jan 1994 – May 1997","location":"Sydney, Australia","description":"CIO role"},{"companyName":"Coopers & Lybrand","companyUrl":"https://www.linkedin.com/company/1044/","jobTitle":"Consultant","dateRange":"Jan 1992 – Jan 1994","location":"Sydney, Australia","description":"IT strategy consulting role across Financial Services, Manufacturing and Government\n      \n      sectors."},{"companyName":"Royal Australian Navy","companyUrl":"https://www.linkedin.com/company/4287/","jobTitle":"Commissioned Officer","dateRange":"Jan 1983 – Jan 1992","location":"Australia","description":null}],"schools":[{"schoolUrl":"https://www.linkedin.com/school/10245/?legacySchoolId=10245","schoolName":"University of New South Wales","degree":"Master of Commerce","degreeSpec":"Information Systems","dateRange":"1987 – 1989"},{"schoolUrl":"https://www.linkedin.com/school/10245/?legacySchoolId=10245","schoolName":"University of New South Wales","degree":"Bachelor of Commerce","degreeSpec":"Accounting, Finance & Systems","dateRange":"1983 – 1986"},{"schoolUrl":"https://www.linkedin.com/search/results/index/?keywords=Australian%20Institute%20of%20Company%20Directors","schoolName":"Australian Institute of Company Directors"},{"schoolUrl":"https://www.linkedin.com/search/results/index/?keywords=Port%20Lincoln%20High%20School","schoolName":"Port Lincoln High School"}],"details":{"linkedinProfile":"https://www.linkedin.com/in/tshanemartin","websites":"toga.com.au","twitter":"groovytsm"},"skills":[{"name":"IT Strategy","endorsements":"81"},{"name":"Change Management","endorsements":"60"},{"name":"Stakeholder Management","endorsements":"58"},{"name":"IT Service Management","endorsements":"38"},{"name":"Project Delivery","endorsements":"35"},{"name":"Outsourcing","endorsements":"29"},{"name":"Strategy","endorsements":"29"},{"name":"Business Process Improvement","endorsements":"24"},{"name":"Program Management","endorsements":"23"},{"name":"Business Transformation","endorsements":"22"},{"name":"Knowledge Management","endorsements":"19"},{"name":"Mergers & Acquisitions","endorsements":"17"},{"name":"Project Portfolio Management","endorsements":"17"},{"name":"System Deployment","endorsements":"16"},{"name":"Project Management","endorsements":"2"},{"name":"Leadership","endorsements":"20"},{"name":"Management","endorsements":"8"},{"name":"Governance","endorsements":"38"}],"allSkills":"IT Strategy, Change Management, Stakeholder Management, IT Service Management, Project Delivery, Outsourcing, Strategy, Business Process Improvement, Program Management, Business Transformation, Knowledge Management, Mergers & Acquisitions, Project Portfolio Management, System Deployment, Project Management, Leadership, Management, Governance"},{"general":{"imgUrl":"https://media.licdn.com/dms/image/C5603AQGf_eku2LHcEA/profile-displayphoto-shrink_800_800/0?e=1545264000&v=beta&t=qUTWOdE7WEoTKPTxp_aA3Wt8kVLz_RYk5VI0xS3ikGk","fullName":"Janet Whitmore","headline":"General Manager, Customer & Commercial at Best Practice Software","company":"Best Practice Software","school":"La Trobe University","location":"Brisbane, Queensland, Australia","connections":"500+","description":"A senior IT and Business leader with extensive experience in leading and driving change that vastly\nimproves operating performance, profitability, employee engagement, and customer advocacy.\nIndustries:  Primary Healthcare, Telecommunications and Education.\n\nSome of my qualities include:\n- a high level of initiative:  anticipating problems and committing to a course of action\n- a high level of innovation:  an ability to generate creative solutions for work situations, encourage and embrace new and untested approaches\n-  a strong commitment to quality: set an example for others to work accurately and seek continual improvement in satisfying personal and business needs\n- a high level of emotional  intelligence:  I seek to understand the other person’s point of view and their needs ahead of mine\n- a high degree of oganisational agility:  an ability to work effectively in complex and uncertain environments\n\nSome of my skills and experience include:\nLarge-scale Program Portfolio Management:  planning through to delivery\nHands-on large-scale Program and Project Management\nSenior leadership and people management \nEnterprise-wide Program Planning & Governance\nProgram Management Office:  divisional and near enterprise-wide\nLine of Business IT Senior Leader:  end-to-end service delivery\nProduct Management for commercial healthcare solutions\n\nSpecialties: \nBuilding and leading high performing teams\nImproving morale\nLeading change\nForging and building strong stakeholder relationships\nImproving business operations through technology enablement\nLeading Business/IT strategy alignment\nCreating Business value through technology enablers","firstName":"Janet","lastName":"Whitmore"},"jobs":[{"companyName":"Best Practice Software","companyUrl":"https://www.linkedin.com/company/3606404/","jobTitle":"General Manager, Customer & Commercial","dateRange":"Feb 2017 – Present","location":"Queensland, Australia","description":"An Executive-level role accountable for the leading a range of functions to including:\n- product management for the suite of Clinical and Practice Management products, covering product vision, strategy, roadmap and delivery; and financial and end-user performance; \n- software support, providing tier 1 and 2 support to General Practice, Allied Health and Specialist clinics;\n- sales and account management, covering customer retention, acquisition and customer management;\n- customer enablement, covering training, knowledgebase, learning aids and software deployments;\n- commercial partnerships, covering third party software integrations, government and industry liaison and business development;\n- finance, reporting and contracts."},{"companyName":"Optus","companyUrl":"https://www.linkedin.com/company/2711/","jobTitle":"Head of IT Systems and Services, Consumer Australia","dateRange":"Apr 2013 – Apr 2015","location":null,"description":"Strategic interface between Group IT and the key business stakeholders in the Consumer Australia business.  \n\nThe purpose of the role - to ensure:\n•\tIT strategies and plans are aligned with the business strategies and goals;\n•\tIT delivers innovative IT systems and services that enable business process transformation; profitable business growth; and product and service innovation;\n•\tIT projects are delivered on time, on budget and fulfil IT’s commitment to the business; and\n•\tIT systems delivered are reliable, available, cost-effective and cost-efficient."},{"companyName":"Optus","companyUrl":"https://www.linkedin.com/company/2711/","jobTitle":"Head of IT Transformation","dateRange":"Jun 2012 – Apr 2013","location":"Sydney, Australia","description":"Led the IT Transformation program which covered organisational redesign and\n      \n      operating model, strategy, architecture, infrastructure and systems."},{"companyName":"Optus","companyUrl":"https://www.linkedin.com/company/2711/","jobTitle":"Head of Program Planning and Governance","dateRange":"Sep 2010 – Jun 2012","location":"Sydney, Australia","description":"This role had two broad functions:\n      \n\n    \n      \n\n    1. Delivery of E2E solutions enabling the launch of New Products, Product\n      \n      Enhancements and new technology capabilities which enable major Busine\n\n... See more"},{"companyName":"Optus","companyUrl":"https://www.linkedin.com/company/2711/","jobTitle":"General Manager, Delivery","dateRange":"Aug 2009 – Sep 2010","location":null,"description":"Led a team to scope and deliver E2E solutions to enable the launch of New Products\n      and Product Enhancements.  Primary customers were the Consumer, Small to Medium\n      Business and Wholesale Marketing teams.  Components of the E2E solution included\n      \n      the Business requirements, Business Processes and Work Instructions, Trai\n\n... See more"},{"companyName":"Optus","companyUrl":"https://www.linkedin.com/company/2711/","jobTitle":"General Manager, Strategic Projects","dateRange":"Apr 2008 – Aug 2009","location":"Sydney, Australia","description":"Led a cross functional team to establish Woolworths as a Prepaid Mobile Virtual\n      Network Operator.  Key achievements included providing Woolworths with product\n      knowledge and knowledge on how to run a Prepaid business; business processes, work\n      \n      instructions and training for their personnel, IT technology enablement:  w\n\n... See more"},{"companyName":"Optus","companyUrl":"https://www.linkedin.com/company/2711/","jobTitle":"General Manager, IT","dateRange":"Apr 1999 – Mar 2008","location":null,"description":"Senior IT leader accountable for the E2E delivery of the IT solutions and services to\n      Mobile Business Unit (all customer segments) and Consumer and Small-Medium\n      Business Customer Facing Units.  Key accountabilities included the Line of Business\n      \n      Technology strategy, architecture and roadmap; delivery of new products a\n\n... See more"}],"schools":[{"schoolUrl":"https://www.linkedin.com/school/10229/?legacySchoolId=10229","schoolName":"La Trobe University","degree":"Bachelor of Computing","degreeSpec":"Computing","dateRange":"1983 – 1994"},{"schoolUrl":"https://www.linkedin.com/school/10229/?legacySchoolId=10229","schoolName":"La Trobe University","degree":"Bachelor of Computing","degreeSpec":"Computing","dateRange":"1983 – 1994"}],"details":{"linkedinProfile":"https://www.linkedin.com/in/janet-whitmore-4555337"},"skills":[{"name":"Business Process","endorsements":"74"},{"name":"Project Portfolio Management","endorsements":"74"},{"name":"IT Strategy","endorsements":"73"},{"name":"Telecommunications","endorsements":"70"},{"name":"Program Management","endorsements":"67"},{"name":"Change Management","endorsements":"41"},{"name":"Project Delivery","endorsements":"40"},{"name":"Service Delivery","endorsements":"36"},{"name":"Strategy","endorsements":"33"},{"name":"Vendor Management","endorsements":"21"},{"name":"Business Analysis","endorsements":"17"},{"name":"Project Management","endorsements":"16"},{"name":"Integration","endorsements":"13"},{"name":"IT Service Management","endorsements":"11"},{"name":"Solution Architecture","endorsements":"11"},{"name":"SDLC","endorsements":"10"},{"name":"Data Center","endorsements":"10"},{"name":"Product Management","endorsements":"10"},{"name":"Business Process Improvement","endorsements":"9"},{"name":"CRM","endorsements":"9"},{"name":"Mobile Devices","endorsements":"9"},{"name":"Project Planning","endorsements":"9"},{"name":"ITIL","endorsements":"9"},{"name":"Invoicing","endorsements":"8"},{"name":"Information Technology","endorsements":"7"},{"name":"Outsourcing","endorsements":"7"},{"name":"Process Improvement","endorsements":"6"},{"name":"Business Intelligence","endorsements":"5"},{"name":"Software Project Management","endorsements":"5"},{"name":"Enterprise Architecture","endorsements":"5"},{"name":"Data Warehousing","endorsements":"4"},{"name":"Strategic Planning","endorsements":"4"},{"name":"Quality Assurance","endorsements":"4"},{"name":"Big Data","endorsements":"3"},{"name":"Enterprise Software","endorsements":"13"},{"name":"Stakeholder Management","endorsements":"66"},{"name":"Management","endorsements":"35"},{"name":"Leadership","endorsements":"13"},{"name":"Cross-functional Team Leadership","endorsements":"10"},{"name":"People management","endorsements":"4"},{"name":"Training","endorsements":"4"},{"name":"Application Management Services","endorsements":"13"},{"name":"Provisioning","endorsements":"12"},{"name":"IT Transformation","endorsements":"7"},{"name":"Governance","endorsements":"31"},{"name":"Leading Change","endorsements":"5"},{"name":"Service Management","endorsements":"4"},{"name":"Account and Customer Relationship Management","endorsements":"3"},{"name":"Billing","endorsements":"2"},{"name":"Data Centre Operations Management","endorsements":"2"}],"allSkills":"Business Process, Project Portfolio Management, IT Strategy, Telecommunications, Program Management, Change Management, Project Delivery, Service Delivery, Strategy, Vendor Management, Business Analysis, Project Management, Integration, IT Service Management, Solution Architecture, SDLC, Data Center, Product Management, Business Process Improvement, CRM, Mobile Devices, Project Planning, ITIL, Invoicing, Information Technology, Outsourcing, Process Improvement, Business Intelligence, Software Project Management, Enterprise Architecture, Data Warehousing, Strategic Planning, Quality Assurance, Big Data, Enterprise Software, Stakeholder Management, Management, Leadership, Cross-functional Team Leadership, People management, Training, Application Management Services, Provisioning, IT Transformation, Governance, Leading Change, Service Management, Account and Customer Relationship Management, Billing, Data Centre Operations Management"},{"general":{"imgUrl":"https://media.licdn.com/dms/image/C5603AQE1PpHx5hgwqg/profile-displayphoto-shrink_800_800/0?e=1545264000&v=beta&t=qIVim8PkiTH4EcrPiTM8MSFTzTLEaXMMPmFodUCRUM0","fullName":"Becky Lewis","headline":"Senior Recruitment Account Manager  at C&M Travel Recruitment","company":"C&M Travel Recruitment","school":"Exeter college","location":"Parliament House, New South Wales, Australia","connections":"500+","description":"I am a specialist recruitment account manager, working closely with candidates and clients across the travel industry in Australia. I truly believe in working with both clients and candidate to get the best outcome!\n\nSuccessfully recruiting for many different roles across all different sectors in the travel industry to include:\n\n- Business Development Manager  \n- Account Manager\n- Commercial/Business Analyst \n- PR/Marketing Executives\n- Corporate travel consultants\n- Entertainment travel consultants\n- Event and Conference Managers\n\nPermanent/Contract/Temporary Staffing.","firstName":"Becky","lastName":"Lewis"},"jobs":[{"companyName":"C&M Travel Recruitment","companyUrl":"https://www.linkedin.com/company/29818/","jobTitle":"Senior Recruitment Account Manager","dateRange":"Aug 2018 – Present","location":"Sydney, Australia","description":null},{"companyName":"C&M Travel Recruitment","companyUrl":"https://www.linkedin.com/company/29818/","jobTitle":"Recruitment Account Manager","dateRange":"Apr 2016 – Present","location":"Sydney, Australia","description":"C&M Travel Recruitment is a boutique recruitment company specialising in the travel industry. We have a pro-active approach to recruitment, and we have recently gone on to successfully place Marketing Managers, BDM's, Account Managers, Travel Consultants, Product Coordinators, Analysts and Wholesale Staff throughout Australia. We run a National desk from Sydney, and we recruit only for the travel industry – from junior to director level, temporary, contract and permanent, within all areas of the industry including airlines, corporate travel companies, retail agencies, inbound, wholesale and tour operators, CRS and online, travel insurance companies, and more."},{"companyName":"people2people","companyUrl":"https://www.linkedin.com/company/72109/","jobTitle":"Recruitment Consultant","dateRange":"Jun 2015 – Apr 2016","location":"Chatswood Sydney","description":"People2people is a recruitment agency that commenced operations on 1 February 2005. Having worked together since 1994, founders Mark Smith, Manda Milling and Simon Gressier continue to share the same vision and commitment for providing professional and, more importantly, personalised recruitment services. We now have offices in Sydney, Melbourne, Brisbane, Chatswood and Parramatta. \n\nAs a Consultant within the Business Support Team at Chatswood, my areas of specialisation include:\n\nPersonal Assistant/ Executive Assistant\nHR Administrators/Coordinators\nAdministration/Office Managers\nBusiness Development Managers \nCustomer Service - All levels\nAdministration Assistants\nMarketing Coordinators\nCorporate Receptionist\n\n> Maintain current client relationships – regular calls to clients, develop an understanding of client companies and culture, keeping abreast of current salary, contract and market advice\n> Manage the tasks of head hunting, identifying and approaching suitable candidates\n> Conducting candidate interviews\n> Writing job ads, and placing job ads on SEEK and LinkedIn and other Job boards\n> Taking on and developing job specs\n> Writing candidate profiles after interviews\n> Preparing resumes for shortlisting\n> Preparing candidates for client interviews\n> Conducting reference checks\n> Complete after placement follow-up calls with candidates and clients at regular specified intervals"},{"companyName":"TUI","companyUrl":"https://www.linkedin.com/company/262718/","jobTitle":"Senior Travel Consultant","dateRange":"Apr 2011 – Apr 2014","location":"Devon uk/Menorca Spain","description":"TUI UK are the worlds number one leisure tourism company, operating in over 180\n      \n      countries and 31 markets, with more than 220 brands and over 30 million customers."},{"companyName":"GM Coachwork","companyUrl":"https://www.linkedin.com/search/results/index/?keywords=GM%20Coachwork","jobTitle":"Office Administrator","dateRange":"Dec 2009 – Apr 2011","location":"Trusham, UK","description":null}],"schools":[{"schoolUrl":"https://www.linkedin.com/search/results/index/?keywords=Exeter%20college","schoolName":"Exeter college","degree":"BTEC National diploma","degreeSpec":"Travel and Tourism","dateRange":"2007 – 2009"},{"schoolUrl":"https://www.linkedin.com/search/results/index/?keywords=Teign%20School","schoolName":"Teign School","degree":"8 GCSE","dateRange":"2002 – 2007"}],"details":{"linkedinProfile":"https://www.linkedin.com/in/beckylewis1"},"skills":[{"name":"Recruitment Advertising","endorsements":"34"},{"name":"Sourcing","endorsements":"34"},{"name":"Customer Service","endorsements":"33"},{"name":"Sales","endorsements":"19"},{"name":"Account Management","endorsements":"17"},{"name":"Recruiting","endorsements":"17"},{"name":"Contract Recruitment","endorsements":"15"},{"name":"Technical Recruiting","endorsements":"15"},{"name":"Temporary Staffing","endorsements":"13"},{"name":"Executive Search","endorsements":"12"},{"name":"Permanent Placement","endorsements":"12"},{"name":"Human Resources","endorsements":"11"},{"name":"Talent Management","endorsements":"24"},{"name":"Management","endorsements":"19"},{"name":"Employee Relations","endorsements":"14"},{"name":"Talent Acquisition","endorsements":"17"}],"allSkills":"Recruitment Advertising, Sourcing, Customer Service, Sales, Account Management, Recruiting, Contract Recruitment, Technical Recruiting, Temporary Staffing, Executive Search, Permanent Placement, Human Resources, Talent Management, Management, Employee Relations, Talent Acquisition"},{"general":{"imgUrl":"https://media.licdn.com/dms/image/C5103AQF3DNR0LtTVKg/profile-displayphoto-shrink_800_800/0?e=1545264000&v=beta&t=8M_Nsy9-h_Zcn4vbhuPSQ9iRimU3vnsG6QHajRvegF8","fullName":"Tania Betts","headline":"Chief Financial Officer at Ingenia Communities","school":"Chartered Secretaries Australia","location":"Sydney, Australia","connections":"500+","description":"","firstName":"Tania","lastName":"Betts"},"jobs":[{"companyName":"Ingenia Communities","companyUrl":"https://www.linkedin.com/search/results/index/?keywords=Ingenia%20Communities","jobTitle":"Chief Financial Officer","dateRange":"May 2012 – Oct 2017","location":"Sydney, Australia","description":null},{"companyName":"Stockland","companyUrl":"https://www.linkedin.com/company/15429/","jobTitle":"Commercial Manager - NSW Residential Communities","dateRange":"Mar 2011 – May 2012","location":"Sydney, Australia","description":null},{"companyName":"Stockland","companyUrl":"https://www.linkedin.com/company/15429/","jobTitle":"National Finance Manager - Retirement Living","dateRange":"Nov 2009 – Mar 2011","location":"Sydney, Australia","description":null},{"companyName":"Stockland","companyUrl":"https://www.linkedin.com/company/15429/","jobTitle":"Group Controller - Planning, Budgeting & Analysis","dateRange":"Nov 2007 – Oct 2009","location":"Sydney, Australia","description":null},{"companyName":"Stockland","companyUrl":"https://www.linkedin.com/company/15429/","jobTitle":"Group Financial Reporting Manager","dateRange":"Aug 2005 – Nov 2007","location":"Sydney, Australia","description":null},{"companyName":"DCA Group Limited","companyUrl":"https://www.linkedin.com/search/results/index/?keywords=DCA%20Group%20Limited","jobTitle":"Group Finance Manager","dateRange":"May 2005 – Aug 2005","location":"Sydney, Australia","description":null},{"companyName":"MIA Group Limited","companyUrl":"https://www.linkedin.com/search/results/index/?keywords=MIA%20Group%20Limited","jobTitle":"National Finance Manager","dateRange":"Sep 2004 – May 2005","location":"Sydney, Australia","description":null},{"companyName":"MIA Group Limited","companyUrl":"https://www.linkedin.com/search/results/index/?keywords=MIA%20Group%20Limited","jobTitle":"Chief Group Accountant","dateRange":"May 2002 – Sep 2004","location":"Sydney, Australia","description":null},{"companyName":"Arthur Andersen & Co.","companyUrl":"https://www.linkedin.com/company/3623236/","jobTitle":"Cadet thru to Experienced Senior","dateRange":"Feb 1995 – May 2002","location":"Sydney, Australia","description":null}],"schools":[{"schoolUrl":"https://www.linkedin.com/search/results/index/?keywords=Chartered%20Secretaries%20Australia","schoolName":"Chartered Secretaries Australia","degree":"Graduate Diploma Company Secretarial Practice","dateRange":"2002 – 2003"},{"schoolUrl":"https://www.linkedin.com/search/results/index/?keywords=Institute%20of%20Chartered%20Accountants%20Australia","schoolName":"Institute of Chartered Accountants Australia","degree":"Chartered Accountant","dateRange":"1999 – 2000"},{"schoolUrl":"https://www.linkedin.com/school/10252/?legacySchoolId=10252","schoolName":"University of Technology Sydney","degree":"Business","degreeSpec":"Accounting & Finance","dateRange":"1995 – 1998"},{"schoolUrl":"https://www.linkedin.com/search/results/index/?keywords=Pymble%20Ladies%20College","schoolName":"Pymble Ladies College","degree":"High School","dateRange":"1986 – 1994"}],"details":{"linkedinProfile":"https://www.linkedin.com/in/tania-betts-8998351"},"skills":[{"name":"Finance","endorsements":"37"},{"name":"Budgets","endorsements":"28"},{"name":"Financial Analysis","endorsements":"23"},{"name":"Financial Reporting","endorsements":"19"},{"name":"Managerial Finance","endorsements":"18"},{"name":"Financial Accounting","endorsements":"13"},{"name":"Financial Audits","endorsements":"10"},{"name":"Forecasting","endorsements":"9"},{"name":"Due Diligence","endorsements":"9"},{"name":"Cash Flow","endorsements":"8"},{"name":"Analysis","endorsements":"7"},{"name":"Accounting","endorsements":"7"},{"name":"Internal Controls","endorsements":"6"},{"name":"Management Accounting","endorsements":"6"},{"name":"Corporate Finance","endorsements":"4"},{"name":"Budgeting","endorsements":"3"},{"name":"Auditing","endorsements":"3"},{"name":"Cash Flow Forecasting","endorsements":"3"},{"name":"IFRS","endorsements":"2"},{"name":"Financial Management","endorsements":"1"},{"name":"Consolidation","endorsements":"1"},{"name":"Variance Analysis","endorsements":"1"}],"allSkills":"Finance, Budgets, Financial Analysis, Financial Reporting, Managerial Finance, Financial Accounting, Financial Audits, Forecasting, Due Diligence, Cash Flow, Analysis, Accounting, Internal Controls, Management Accounting, Corporate Finance, Budgeting, Auditing, Cash Flow Forecasting, IFRS, Financial Management, Consolidation, Variance Analysis"},{"general":{"imgUrl":"https://media.licdn.com/dms/image/C4E03AQEDKvV0Xy_QhA/profile-displayphoto-shrink_800_800/0?e=1545264000&v=beta&t=3CUR0LB7wuDz9_f0cUbUJED1UteZIXvdVk-hD45qiZI","fullName":"Barbara Galloon","headline":"CFO | Commercial Director | Business Transformation, Change Management | Commercial Acumen | Business Strategy","company":"Self-employed","school":"University of Cape Town","location":"Sydney, Australia","connections":"500+","description":"A passionate and energetic Finance Executive who has diverse experience, commercial acumen and proven success in driving growth, leading business transformation in highly competitive telecommunication, wholesale and retail markets. \n\nA strategic business partner who has driven major change both strategically and operationally, negotiated key long term deals & led programs that have transformed businesses, improved business process, re-engineered inefficient companies & created sustainable financial & operational models in both the business and consumer markets. \n \nA leader, who loves to build capability, thrives on challenges, is results driven, and prospers in a dynamic, fast paced and ever changing environment.\n\nKey Capabilities\n•\tConsumer, Business & Wholesale markets\n•\tBusiness transformation and change management\n•\tProcess Improvement- Lean Six Sigma\n•\tCommercial Negotiations\n•\tBusiness Strategy\n•\tBuilding capabilities and leading high performance teams\n•\tBread & butter finance","firstName":"Barbara","lastName":"Galloon"},"jobs":[{"companyName":"Self-employed","companyUrl":"https://www.linkedin.com/search/results/index/?keywords=Self-employed","jobTitle":"Consultant/ Contractor","dateRange":"Oct 2016 – Present","location":"Sydney, Australia","description":null},{"companyName":"Metcash","companyUrl":"https://www.linkedin.com/company/16606/","jobTitle":"Divisional CFO (GM Finance)","dateRange":"Dec 2014 – Aug 2016","location":"Sydney, Australia","description":"Reporting to the CEO of Metcash Convenience the role was newly created to introduce commercial rigour, discipline, governance and processes into the business, to develop and drive the strategy to turn-around and transform the business as it moves to a customer centric organisation. \n\nThe role has full responsibility for the finance/commercial function of the Convenience business & plays a key role in driving commercial success & delivering profitable growth. The role partners with the leadership team to deliver the divisions’ strategic & operational objectives.\n\nThis included developing product and customer profitability for Petrol & Convenience customers, re-designing pricing models for key customers to improve profitability as well as developing and implementing the strategy to improve profitability and better service smaller Petrol & Convenience & Route Trade customers."},{"companyName":"Optus","companyUrl":"https://www.linkedin.com/company/2711/","jobTitle":"Commercial Director (Head of Finance) - Consumer Sales","dateRange":"Apr 2012 – Feb 2014","location":"Macquarie Park","description":"Reporting the MD of Optus Consumer Sales the role was responsible for \n•Developing, evaluating and executing Optus’ largest retail transformation to optimise branded retail channel mix, footprint & operating model whilst reducing cost base & improving customer experience.  This included:\n -the development of the strategy and leading operational execution to increase company owned distribution by 40 %,\n -development of valuation methodology & leading negotiator for buying back > 130 franchisees stores, \n -overseeing the rationalisation of third party distribution, ensuring a smooth exit, minimising loss of customers whilst mitigating risk of fraud, loss of revenue, disputes or any legal issue, development of new business model to address community based and ethnic footprint\n•Partnering the business to rationalise & optimise other sales channels’ distribution. This included negotiating & managing the exit of distributors in FMCG/Route trade, exiting 3rd party tele-marketers & exiting under performing small business channels. \n•Sponsoring a project in retail that reduced fraud by 15%, eliminate the need to retain paper in store & improved the end to end sales experience and operational performance for staff & customers."},{"companyName":"Optus","companyUrl":"https://www.linkedin.com/company/2711/","jobTitle":"Commercial Director (Divisional CFO) - Wholesale & Satellite","dateRange":"Nov 2008 – Apr 2012","location":"Macquarie Park, Sydney","description":"Reporting to the MD of Optus Wholesale & Satellite Division, the role was responsible\n      for:\n      \n\n    •End-to-End P&L accountability for Satellite and Wholesale mobile & fixed business\n      \n      that generated revenue of over $1B.\n\n... See more"},{"companyName":"Virgin Mobile Australia","companyUrl":"https://www.linkedin.com/company/504670/","jobTitle":"Chief Financial Officer","dateRange":"Jun 2006 – Oct 2008","location":"North Sydney, Sydney","description":"Reporting to the CEO of Virgin Mobile Australia, \n•the role had full responsibility for the financial function of Virgin Mobile Australia & played a pivotal role in merging two businesses, reducing cost base by improving & implementing best practice business process, improving commercial discipline & driving profitable growth. . \n•In line with Richard Branson’s principles, the role partnered the VMA leadership team to challenge the status quo by taking on the big players and by being customer champions whilst delivering on the divisions’ strategic & operational objectives.  \n•Over the 2 years we increased subscriber base to just below <1m, substantially increased distribution to >3500 points of presence & increased revenue and profitability of the business. \n•Built a high performing team - with little to no commercial exposure and transformed them into a respected group across the organisation to provide solid commercial advice to Senior Leadership team"},{"companyName":"Branson Centre of Entrepreneurship - South Africa","companyUrl":"https://www.linkedin.com/company/3224824/","jobTitle":"Lecturer/Tutor","dateRange":"Sep 2008 – Sep 2008","location":"Johannesburg Area, South Africa","description":"Whilst I was the CFO at VMA Australia, through Virgin Unite, I lectured/tutored young entrepreneurs who had not completed their tertiary education & wanted to start their own business on how to create a business plan & the basics of finance, marketing & sales. \nThe Branson Centre of Entrepreneurship supports budding young entrepreneurs, giving them the skills, opportunities and inspiration they need to launch and grow their businesses. The program is designed to help businesses develop and, in turn, create jobs and stimulate the local economy."},{"companyName":"Optus","companyUrl":"https://www.linkedin.com/company/2711/","jobTitle":"Head Of Finance -Consumer Division | Div Commercial Manager Mobile | Commercial Manager Bus Mobile","dateRange":"2001 – 2006","location":"North Sydney","description":null},{"companyName":"Virgin Mobile Australia","companyUrl":"https://www.linkedin.com/company/504670/","jobTitle":"Commercial Manager- Marketing","dateRange":"2000 – 2001","location":"North Sydney, Sydney","description":"Reporting to Marketing Director, this role was part of the team who started and set-up\n      \n      Virgin Mobile in Australia"},{"companyName":"MTN","companyUrl":"https://www.linkedin.com/company/165065/","jobTitle":"CFO- MTel | Finance Manager MTel & MTN","dateRange":"May 1995 – Apr 1999","location":"Johannesburg Area, South Africa","description":null}],"schools":[{"schoolUrl":"https://www.linkedin.com/school/19875/?legacySchoolId=19875","schoolName":"University of Cape Town"}],"details":{"linkedinProfile":"https://www.linkedin.com/in/barbara-galloon-1531334"},"skills":[{"name":"Telecommunications","endorsements":"84"},{"name":"Strategy","endorsements":"62"},{"name":"Business Process Improvement","endorsements":"36"},{"name":"Finance","endorsements":"26"},{"name":"Change Management","endorsements":"21"},{"name":"Mobile Devices","endorsements":"19"},{"name":"Customer Experience","endorsements":"16"},{"name":"Channel Partners","endorsements":"13"},{"name":"Mergers & Acquisitions","endorsements":"12"},{"name":"Strategic Planning","endorsements":"11"},{"name":"Business Transformation","endorsements":"10"},{"name":"Key Performance Indicators","endorsements":"5"},{"name":"Analytics","endorsements":"4"},{"name":"Sales","endorsements":"4"},{"name":"Managed Services","endorsements":"4"},{"name":"SDLC","endorsements":"2"},{"name":"Outsourcing","endorsements":"2"},{"name":"Service Delivery","endorsements":"1"},{"name":"Integration","endorsements":"1"},{"name":"Management","endorsements":"32"},{"name":"Stakeholder Management","endorsements":"20"},{"name":"Negotiation","endorsements":"4"},{"name":"Telco","endorsements":"7"},{"name":"Mobile Telephony","endorsements":"4"},{"name":"Business Case","endorsements":"4"},{"name":"Governance","endorsements":"10"}],"allSkills":"Telecommunications, Strategy, Business Process Improvement, Finance, Change Management, Mobile Devices, Customer Experience, Channel Partners, Mergers & Acquisitions, Strategic Planning, Business Transformation, Key Performance Indicators, Analytics, Sales, Managed Services, SDLC, Outsourcing, Service Delivery, Integration, Management, Stakeholder Management, Negotiation, Telco, Mobile Telephony, Business Case, Governance"}]
