[
    {
        "general": {
            "imgUrl": "https://media.licdn.com/dms/image/C4D03AQFEZQ2BYefh8Q/profile-displayphoto-shrink_800_800/0?e=1545264000&v=beta&t=qBNxLa-UexgzJDoefwGYMpQTPFLq0yUiArIjNsAwzFE",
            "fullName": "Alex Whitlock",
            "headline": "Director, The Adviser",
            "company": "Momentum Media Pty Ltd",
            "school": "University of Technology Sydney",
            "location": "Sydney, Australia",
            "connections": "500+",
            "description": "The Adviser (www.theadviser.com.au) is the award-winning integrated media and market intelligence platform connecting Australia’s mortgage and finance broking community.\n\nIt has transformed the way in which the mortgage industry connects, merging traditional media, such as print and events, with a sophisticated digital platform supported by big data and social media, helping professionals collaborate, connect and engage on a daily basis.\n\nTHE ADVISER ACCOLADES\nPublish Awards – Business Publishing Company of the Year 2015 – WINNER\nPublish Awards – Event of the Year 2015 – WINNER (Better Business Summit)\nAustralian Event Awards – Best Conference 2014 – WINNER (Better Business Summit, SA, VIC, WA)\nAustralian Event Awards – Best New Event 2014 – WINNER (Better Business Summit, WA)\nPublishers Australia – B2B Magazine of the Year 2013 – WINNER\nBRW FAST 100 – 2014, 2013, 2012 & 2011\nPublishers Australia Excellence Award 2013 – Runner-up\nPublishers Australia – Magazine Cover of the Year (B2B) 2013 – Runner-up\nPublishers Australia – Multi-Channel Brand of the Year 2013 – Finalist\nPublishers Australia – Excellence Award 2012 – WINNER\nPublishers Australia – B2B Magazine of the Year 2012 – WINNER\nPublishers Australia – Integrated Media Brand of the Year 2012 – WINNER\nPublishers Australia – Editor of the Year (below 20k circulation) 2012 – WINNER\nAdNews Australian Magazine Awards – Magazine Event of the Year 2012 (Highly Commended)\n\nMOMENTUM MEDIA\nThe Adviser is powered by one of Australia’s most progressive and successful media businesses. With over of decade of experience, Momentum Media (www.momentummedia.com.au) has been highly awarded for its ability to create energised and connected professional communities.\n\nToday the business connects an audience of over a million professionals across various sectors including legal, finance, wealth, retirement, investment, SME, property, real estate and defence.",
            "firstName": "Alex",
            "lastName": "Whitlock"
        },
        "jobs": [
            {
                "companyName": "Momentum Media Pty Ltd",
                "companyUrl": "https://www.linkedin.com/company/2232420/",
                "jobTitle": "Leading Australian media and market intelligence business & the brand behind The Adviser",
                "dateRange": "2005 – Present",
                "location": "North Sydney",
                "description": "Momentum Media, the business behind leading mortgage platform The Adviser, is a multi-award winning media, information and market intelligence business that connects Australia's professional & financial services, real estate, wealth, legal, defence and SME sectors.\n\nThe company has received four consecutive BRW Fast 100 rankings and is recognised as one of Australia's fastest-growing and most progressive media businesses.\n\nMomentum Media has recently received the following accolades over recent years:\n\nBusiness Publishing Company of the Year 2015 & 2014\nBusiness Event of the Year 2015 & 2014\nBRW FAST 100 2014, 2013, 2012 & 2011\nBusiness Magazine of the Year 2013 & 2012\nLaunch of the Year 2013 (SMSF Adviser)"
            }
        ],
        "schools": [
            {
                "schoolUrl": "https://www.linkedin.com/school/10252/?legacySchoolId=10252",
                "schoolName": "University of Technology Sydney",
                "degree": "Master of Arts - MA",
                "degreeSpec": "Journalism",
                "dateRange": "2010 – 2013"
            },
            {
                "schoolUrl": "https://www.linkedin.com/school/12621/?legacySchoolId=12621",
                "schoolName": "Oxford Brookes University",
                "degree": "Bachelor of Arts - BA (Hons)",
                "degreeSpec": "English (major) & Philosophy",
                "dateRange": "2006 – 2009"
            },
            {
                "schoolUrl": "https://www.linkedin.com/search/results/index/?keywords=Eastbourne%20College",
                "schoolName": "Eastbourne College",
                "degree": "A level",
                "degreeSpec": "Business Studies, Economics, English, Theatre Studies",
                "dateRange": "2003 – 2005"
            },
            {
                "schoolUrl": "https://www.linkedin.com/search/results/index/?keywords=Barker%20College",
                "schoolName": "Barker College"
            },
            {
                "schoolUrl": "https://www.linkedin.com/search/results/index/?keywords=Clearwater%20Bay%20School%2C%20Hong%20Kong",
                "schoolName": "Clearwater Bay School, Hong Kong"
            },
            {
                "schoolUrl": "https://www.linkedin.com/search/results/index/?keywords=St%20Andrews%2C%20Eastbourne%20College",
                "schoolName": "St Andrews, Eastbourne College"
            }
        ],
        "details": {
            "linkedinProfile": "https://www.linkedin.com/in/alex-whitlock-the-adviser",
            "websites": "theadviser.com.au/",
            "twitter": "TheAdviserAU"
        },
        "skills": [
            {
                "name": "Finance",
                "endorsements": "53"
            },
            {
                "name": "Banking",
                "endorsements": "40"
            },
            {
                "name": "Mortgage Lending",
                "endorsements": "37"
            },
            {
                "name": "Refinance",
                "endorsements": "21"
            },
            {
                "name": "Publishing",
                "endorsements": "13"
            },
            {
                "name": "Magazines",
                "endorsements": "11"
            },
            {
                "name": "Insurance",
                "endorsements": "10"
            },
            {
                "name": "Real Estate",
                "endorsements": "9"
            },
            {
                "name": "Commercial Real Estate",
                "endorsements": "8"
            },
            {
                "name": "Analysis",
                "endorsements": "7"
            },
            {
                "name": "Residential Homes",
                "endorsements": "5"
            },
            {
                "name": "Online Journalism",
                "endorsements": "5"
            },
            {
                "name": "Publications",
                "endorsements": "4"
            },
            {
                "name": "Account Management",
                "endorsements": "4"
            },
            {
                "name": "Advertising",
                "endorsements": "4"
            },
            {
                "name": "Research",
                "endorsements": "2"
            },
            {
                "name": "B2B",
                "endorsements": "1"
            },
            {
                "name": "Leadership",
                "endorsements": "23"
            },
            {
                "name": "Investors",
                "endorsements": "11"
            },
            {
                "name": "Interviews",
                "endorsements": "4"
            },
            {
                "name": "First Time Home Buyers",
                "endorsements": "3"
            },
            {
                "name": "Adtech",
                "endorsements": "8"
            },
            {
                "name": "Academic Publishing",
                "endorsements": "3"
            },
            {
                "name": "Feature Articles",
                "endorsements": "4"
            }
        ],
        "allSkills": "Finance, Banking, Mortgage Lending, Refinance, Publishing, Magazines, Insurance, Real Estate, Commercial Real Estate, Analysis, Residential Homes, Online Journalism, Publications, Account Management, Advertising, Research, B2B, Leadership, Investors, Interviews, First Time Home Buyers, Adtech, Academic Publishing, Feature Articles"
    },
    {
        "general": {
            "imgUrl": "https://media.licdn.com/dms/image/C5103AQEGxoKhlgiiDg/profile-displayphoto-shrink_800_800/0?e=1545264000&v=beta&t=6vV5xnnQI1zVeb8zMRiJ9IkHoODOkthVR2cpgd_sphg",
            "fullName": "Sean Hocking",
            "headline": "Legal Information & CPD",
            "company": "BenchTV",
            "school": "Sussex University (UK)",
            "location": "Sydney, Australia",
            "connections": "500+",
            "description": "Sean Hocking has worked in the legal bookselling, publishing and internet publishing space since 1990 in a number of sales and management roles and has also run his own online publishing in the areas of legal information (libraries & publishing) and in new regulated sectors, Cannabis & Blockchain.",
            "firstName": "Sean",
            "lastName": "Hocking"
        },
        "jobs": [
            {
                "companyName": "BenchTV",
                "companyUrl": "https://www.linkedin.com/search/results/index/?keywords=BenchTV",
                "jobTitle": "Legal Education Provider",
                "dateRange": "Jun 2018 – Present",
                "location": null,
                "description": null
            },
            {
                "companyName": "Benchmark  BenchTV",
                "companyUrl": "https://www.linkedin.com/search/results/index/?keywords=Benchmark%20%20BenchTV",
                "jobTitle": "Director",
                "dateRange": "Jun 2018 – Present",
                "location": "Sydney, Australia",
                "description": "Director @ Benchmark responsible for Sales, Marketing & Strategy\n      \n\n    \n      \n\n    Benchmark provide daily and weekly Australian case updates\n      \n\n    \n      BenchTV is a provider of gold standard audio and video CPD productions In Australia"
            },
            {
                "companyName": "Practice Source.com  CLR",
                "companyUrl": "https://www.linkedin.com/search/results/index/?keywords=Practice%20Source.com%20%20CLR",
                "jobTitle": "Publisher",
                "dateRange": "Feb 2002 – Present",
                "location": "Online",
                "description": "Publisher and owner of legal information websites\nPractice Source.com featuring House of Butter Blog\nLaw Librarians News\nCannabis Law Report\nCannabis Law Journal\nBlog Editor Cognate.com   Trademark & Blockchain service"
            },
            {
                "companyName": "Legalease",
                "companyUrl": "https://www.linkedin.com/search/results/index/?keywords=Legalease",
                "jobTitle": "International Publications & Subscriptions Sales Director",
                "dateRange": "Jan 1996 – Jul 1999",
                "location": "London, United Kingdom",
                "description": null
            }
        ],
        "schools": [
            {
                "schoolUrl": "https://www.linkedin.com/search/results/index/?keywords=Sussex%20University%20(UK)",
                "schoolName": "Sussex University (UK)",
                "degree": "Bachelor of Arts - BA",
                "degreeSpec": "American Studies Majoring In Literature",
                "dateRange": "1983 – 1987"
            }
        ],
        "details": {
            "linkedinProfile": "https://www.linkedin.com/in/sean-hocking-760a89167"
        },
        "skills": [
            {
                "name": "Sales & Marketing",
                "endorsements": "1"
            },
            {
                "name": "Legal Publishing",
                "endorsements": "1"
            },
            {
                "name": "Legal  Blogging & Editor",
                "endorsements": "1"
            },
            {
                "name": "Strategy Publishing",
                "endorsements": "1"
            },
            {
                "name": "Social Media & Law",
                "endorsements": "1"
            },
            {
                "name": "Legal Sector Markets",
                "endorsements": "1"
            }
        ],
        "allSkills": "Sales & Marketing, Legal Publishing, Legal  Blogging & Editor, Strategy Publishing, Social Media & Law, Legal Sector Markets"
    },
    {
        "general": {
            "imgUrl": "https://media.licdn.com/dms/image/C5603AQE-PYAI1vagEw/profile-displayphoto-shrink_800_800/0?e=1545264000&v=beta&t=zfG8qSg0GaW8Z70PJz-tsZ5JU7r4Z9R-xYsMGSudaUY",
            "fullName": "Paul Burgess",
            "headline": "Director at Burgess Paluch Legal Recruitment and Kaleidoscope Legal Recruitment",
            "company": "Burgess Paluch Legal Recruitment",
            "school": "University of Adelaide",
            "location": "Melbourne, Australia",
            "connections": "500+",
            "description": "Paul Burgess is a Director of Burgess Paluch and Kaleidoscope Legal Recruitment, managing their recruitment operations across Australia, Asia and New Zealand. Based out of Melbourne, Paul successfully manages recruitment campaigns in the legal sector from private practice Partner level down to the lawyer level, whilst also managing recruitment campaigns for large corporates and government.\n\nPaul is regarded as a leading legal recruiter in Australia with over 18 years recruiting lawyers. Practicing as a lawyer prior to joining the HR & Recruitment industry has given Paul a competitive edge as a legal recruiter. Paul has been a director in three successful businesses and has had a successful career in human resources and management prior to co-founding Burgess Paluch over 15 years ago.\n\nSpecialties: Legal Recruitment, executive recruitment, human resources.",
            "firstName": "Paul",
            "lastName": "Burgess"
        },
        "jobs": [
            {
                "companyName": "Burgess Paluch Legal Recruitment",
                "companyUrl": "https://www.linkedin.com/company/381475/",
                "jobTitle": "Director",
                "dateRange": "2005 – Present",
                "location": "Melbourne, Australia",
                "description": "Co-founder of Burgess Paluch Legal Recruitment: a leading legal recruiter servicing\n      lawyers and business development professionals across Australia and globally.\n      \n\n    \n      \n\n    Director of Kaleidoscope Legal Recruitment: a specialist legal recruitment agency,\n      providing the legal industry with support staff recruitment services ranging from\n      \n      receptionists to office managers."
            },
            {
                "companyName": "Hughes Castell",
                "companyUrl": "https://www.linkedin.com/search/results/index/?keywords=Hughes%20Castell",
                "jobTitle": "Senior Consultant",
                "dateRange": "Dec 2000 – 2005",
                "location": null,
                "description": "Worked as a senior professional legal recruitment consultant. Successfully placing\n      \n      lawyers post-admission at all levels from graduate lawyers to Partner level."
            },
            {
                "companyName": "Daenke O'Donovan",
                "companyUrl": "https://www.linkedin.com/search/results/index/?keywords=Daenke%20O%27Donovan",
                "jobTitle": "Lawyer",
                "dateRange": "1995 – 1998",
                "location": null,
                "description": "Paul was a commercial litigation and insurance litigation lawyer."
            }
        ],
        "schools": [
            {
                "schoolUrl": "https://www.linkedin.com/school/10217/?legacySchoolId=10217",
                "schoolName": "University of Adelaide",
                "degree": "Bachelor of Laws (Honours)",
                "degreeSpec": "Law",
                "dateRange": "1990 – 1994"
            },
            {
                "schoolUrl": "https://www.linkedin.com/school/10217/?legacySchoolId=10217",
                "schoolName": "University of Adelaide",
                "degree": "Arts",
                "degreeSpec": "Psychology and English",
                "dateRange": "1989 – 1991"
            },
            {
                "schoolUrl": "https://www.linkedin.com/search/results/index/?keywords=Pulteney%20Grammar",
                "schoolName": "Pulteney Grammar",
                "dateRange": "1984 – 1988"
            }
        ],
        "details": {
            "linkedinProfile": "https://www.linkedin.com/in/pauleburgess",
            "websites": "bplr.com.au",
            "twitter": "BurgessPaluch"
        },
        "skills": [
            {
                "name": "Recruiting",
                "endorsements": "82"
            },
            {
                "name": "Executive Search",
                "endorsements": "40"
            },
            {
                "name": "Human Resources",
                "endorsements": "22"
            },
            {
                "name": "Legal Advice",
                "endorsements": "13"
            },
            {
                "name": "Mergers & Acquisitions",
                "endorsements": "7"
            },
            {
                "name": "Commercial Litigation",
                "endorsements": "6"
            },
            {
                "name": "Legal Compliance",
                "endorsements": "4"
            },
            {
                "name": "Business",
                "endorsements": "3"
            },
            {
                "name": "Securities",
                "endorsements": "3"
            },
            {
                "name": "Succession Planning",
                "endorsements": "3"
            },
            {
                "name": "Administrative Law",
                "endorsements": "3"
            },
            {
                "name": "Performance Management",
                "endorsements": "3"
            },
            {
                "name": "Business Development",
                "endorsements": "3"
            },
            {
                "name": "Project Finance",
                "endorsements": "2"
            },
            {
                "name": "Employment Law",
                "endorsements": "2"
            },
            {
                "name": "Consulting",
                "endorsements": "2"
            },
            {
                "name": "Payroll",
                "endorsements": "2"
            },
            {
                "name": "Family Law",
                "endorsements": "2"
            },
            {
                "name": "Criminal Law",
                "endorsements": "2"
            },
            {
                "name": "Management Consulting",
                "endorsements": "2"
            },
            {
                "name": "Business Strategy",
                "endorsements": "2"
            },
            {
                "name": "Contract Recruitment",
                "endorsements": "2"
            },
            {
                "name": "HR Consulting",
                "endorsements": "2"
            },
            {
                "name": "Change Management",
                "endorsements": "1"
            },
            {
                "name": "Professional Services",
                "endorsements": "1"
            },
            {
                "name": "Legal Recruitment",
                "endorsements": "0"
            },
            {
                "name": "Executive Recruitment",
                "endorsements": "0"
            },
            {
                "name": "Dispute Resolution",
                "endorsements": "13"
            },
            {
                "name": "Leadership",
                "endorsements": "9"
            },
            {
                "name": "Management",
                "endorsements": "7"
            },
            {
                "name": "Alternative Dispute Resolution",
                "endorsements": "7"
            },
            {
                "name": "Mediation",
                "endorsements": "6"
            },
            {
                "name": "Contract Negotiation",
                "endorsements": "3"
            },
            {
                "name": "Employee Relations",
                "endorsements": "2"
            },
            {
                "name": "Talent Management",
                "endorsements": "2"
            },
            {
                "name": "Employee Engagement",
                "endorsements": "2"
            },
            {
                "name": "Interviews",
                "endorsements": "1"
            },
            {
                "name": "Coaching",
                "endorsements": "0"
            },
            {
                "name": "Employment Contracts",
                "endorsements": "4"
            },
            {
                "name": "Ethics",
                "endorsements": "1"
            },
            {
                "name": "Talent Acquisition",
                "endorsements": "3"
            },
            {
                "name": "Dispute",
                "endorsements": "2"
            },
            {
                "name": "Relationship Management",
                "endorsements": "2"
            },
            {
                "name": "Courts",
                "endorsements": "2"
            },
            {
                "name": "Employee Management",
                "endorsements": "1"
            },
            {
                "name": "In-house Counsel Recruitment",
                "endorsements": "0"
            },
            {
                "name": "Advising on team structures for law firms",
                "endorsements": "0"
            },
            {
                "name": "Legal Remuneration Advice",
                "endorsements": "0"
            },
            {
                "name": "Advice on the Employment Prospects of Legal Staff",
                "endorsements": "0"
            }
        ],
        "allSkills": "Recruiting, Executive Search, Human Resources, Legal Advice, Mergers & Acquisitions, Commercial Litigation, Legal Compliance, Business, Securities, Succession Planning, Administrative Law, Performance Management, Business Development, Project Finance, Employment Law, Consulting, Payroll, Family Law, Criminal Law, Management Consulting, Business Strategy, Contract Recruitment, HR Consulting, Change Management, Professional Services, Legal Recruitment, Executive Recruitment, Dispute Resolution, Leadership, Management, Alternative Dispute Resolution, Mediation, Contract Negotiation, Employee Relations, Talent Management, Employee Engagement, Interviews, Coaching, Employment Contracts, Ethics, Talent Acquisition, Dispute, Relationship Management, Courts, Employee Management, In-house Counsel Recruitment, Advising on team structures for law firms, Legal Remuneration Advice, Advice on the Employment Prospects of Legal Staff"
    },
    {
        "general": {
            "imgUrl": "https://media.licdn.com/dms/image/C5103AQGXQTWSu-Gp2A/profile-displayphoto-shrink_800_800/0?e=1545264000&v=beta&t=2nJycGqiOUfSr_DF5uvL9HFjlgqODWQWM96fPrHg9Wg",
            "fullName": "Stuart Ablethorpe",
            "headline": "Director - Legal Recruitment at Ablethorpe Recruitment",
            "company": "Ablethorpe Recruitment",
            "school": "Monash University",
            "location": "Melbourne, Australia",
            "connections": "500+",
            "description": "I am the founder and Director of Legal Recruitment (Australia) at Ablethorpe Recruitment. www.ablethorpe.com\n\nI graduated with a Bachelor of Law and Bachelor of Commerce from Monash University in 1998 and then worked as a solicitor, gaining wide exposure to the law as a Commercial Litigator with a specialty in Trade Practices and Intellectual Property disputes. \n\nI commenced my career in legal recruitment in 2002, joining Morgan &Banks/TMP Worldwide, which later morphed into Hudson Global Resources.  I have specialised in legal recruitment for the last decade completing assignments within Australia and internationally and have held the positions of Senior Legal Recruiter, Principal Consultant Legal and Manager, Legal.\n\t\nOn a functional recruitment level at Ablethorpe Recruitment, I look after legal recruitment at the Partnership and General Counsel level down to junior lawyers across private law firms, corporations and government departments within Australia. I also assist lawyers to obtain roles internationally through affiliates and local internationals.  \n\t\nMy clients have included some of Australia’s largest law firms, major international blue chip corporates and also local privately owned corporations as well as public sector bodies and departments.\n\nI remain a member of the Law Institute of Victoria, the Australian Corporate Lawyers Association and also retain my Victorian legal practising certificate.",
            "firstName": "Stuart",
            "lastName": "Ablethorpe"
        },
        "jobs": [
            {
                "companyName": "Ablethorpe Recruitment",
                "companyUrl": "https://www.linkedin.com/company/3061380/",
                "jobTitle": "Director - Legal Recruitment",
                "dateRange": "Mar 2013 – Present",
                "location": "Australia",
                "description": "Director of Legal Recruitment (Australia) for Ablethorpe Recruitment.\n      \n\n    \n      \n\n    With offices in Melbourne, Sydney and Brisbane and a focus on legal recruitment,\n      Ablethorpe Recruitment combines the personalised service of a boutique agency with\n      one of the widest ranges of roles and best selections of lawyers in the market. \n      http://www.ablethorpe.com.  As well as directing legal recruitment operations in\n      Australia, I recruit roles and offer career advice at all levels in the Private Practice,\n      \n      In-house and Public Sectors."
            },
            {
                "companyName": "Hudson",
                "companyUrl": "https://www.linkedin.com/company/2343/",
                "jobTitle": "Victorian Legal Recruitment Manager",
                "dateRange": "Sep 2002 – Feb 2013",
                "location": null,
                "description": "Manage Legal Recruitment for Hudson Global Resources in Victoria across\n      \n      Corporations, Law Firms and Public Sector"
            },
            {
                "companyName": "Macpherson and Kelley Lawyers",
                "companyUrl": "https://www.linkedin.com/search/results/index/?keywords=Macpherson%20and%20Kelley%20Lawyers",
                "jobTitle": "Solicitor : Litigation",
                "dateRange": "2000 – 2002",
                "location": null,
                "description": "Solicitor - Commercial Litigation"
            }
        ],
        "schools": [
            {
                "schoolUrl": "https://www.linkedin.com/school/10231/?legacySchoolId=10231",
                "schoolName": "Monash University",
                "degree": "Bachelor of Laws (LLB)",
                "degreeSpec": "Banking, Corporate, Finance, and Securities Law",
                "dateRange": "1992 – 1999"
            }
        ],
        "details": {
            "linkedinProfile": "https://www.linkedin.com/in/stuartablethorpe",
            "websites": "ablethorpe.com",
            "twitter": "AblethorpeRec"
        },
        "skills": [
            {
                "name": "Recruiting",
                "endorsements": "70"
            },
            {
                "name": "Legal Advice",
                "endorsements": "36"
            },
            {
                "name": "Corporate Law",
                "endorsements": "29"
            },
            {
                "name": "Employment Law",
                "endorsements": "15"
            },
            {
                "name": "Litigation",
                "endorsements": "12"
            },
            {
                "name": "Legal Research",
                "endorsements": "11"
            },
            {
                "name": "Corporate Governance",
                "endorsements": "9"
            },
            {
                "name": "Intellectual Property",
                "endorsements": "9"
            },
            {
                "name": "Commercial Litigation",
                "endorsements": "8"
            },
            {
                "name": "Mergers & Acquisitions",
                "endorsements": "6"
            },
            {
                "name": "Contract Recruitment",
                "endorsements": "4"
            },
            {
                "name": "Business Development",
                "endorsements": "3"
            },
            {
                "name": "Contract Management",
                "endorsements": "2"
            },
            {
                "name": "Trials",
                "endorsements": "1"
            },
            {
                "name": "Document Drafting",
                "endorsements": "1"
            },
            {
                "name": "Executive Search",
                "endorsements": "1"
            },
            {
                "name": "Government",
                "endorsements": "0"
            },
            {
                "name": "Dispute Resolution",
                "endorsements": "22"
            },
            {
                "name": "Management",
                "endorsements": "14"
            },
            {
                "name": "Interviews",
                "endorsements": "12"
            },
            {
                "name": "Talent Management",
                "endorsements": "5"
            },
            {
                "name": "Contract Negotiation",
                "endorsements": "4"
            },
            {
                "name": "Relationship-building Skills",
                "endorsements": "2"
            },
            {
                "name": "Leadership",
                "endorsements": "2"
            },
            {
                "name": "Strategic Partnerships",
                "endorsements": "1"
            },
            {
                "name": "Employment Contracts",
                "endorsements": "1"
            },
            {
                "name": "Passive Candidate Generation",
                "endorsements": "1"
            },
            {
                "name": "Closing Candidates",
                "endorsements": "0"
            }
        ],
        "allSkills": "Recruiting, Legal Advice, Corporate Law, Employment Law, Litigation, Legal Research, Corporate Governance, Intellectual Property, Commercial Litigation, Mergers & Acquisitions, Contract Recruitment, Business Development, Contract Management, Trials, Document Drafting, Executive Search, Government, Dispute Resolution, Management, Interviews, Talent Management, Contract Negotiation, Relationship-building Skills, Leadership, Strategic Partnerships, Employment Contracts, Passive Candidate Generation, Closing Candidates"
    },
    {
        "general": {
            "imgUrl": "https://media.licdn.com/dms/image/C5603AQHsOoeQrxvypA/profile-displayphoto-shrink_800_800/0?e=1545264000&v=beta&t=ubq874tp7E4675MDhEhH2cJ_Ct1q7d8DwFU1LkZGf5U",
            "fullName": "John Cotton",
            "headline": "Director at Barnaby Recruitment",
            "company": "Barnaby Recruitment",
            "school": "Monash University",
            "location": "Melbourne, Australia",
            "connections": "500+",
            "description": "JOHN COTTON - DIRECTOR RECRUITMENT - ACCOUNTING & AUDIT\n\nJohn Cotton is a Chartered Accountant and Certified Internal Auditor. He qualified as a Chartered Accountant with Price Waterhouse in Melbourne. Upon leaving the profession, John took the internal audit / risk management route and spent two years as an internal corporate auditor for the film distribution company, United International Pictures, investigating frauds in Chile, Thailand and South Korea, taking over the operations in both Chile and Thailand until General Managers were appointed.\n\nIn the mid-90s, he joined KPMG in London to help develop Risk Management methodologies, now recognised in international Risk Management standards and the application of risk to Internal Audit In 2001 John started a consultancy in London helping clients identify risks, mitigating their controls and implement the processes needed to improve operations. This role expanded upon the introduction of the SEC listing requirements of the Sarbanes Oxley Act in the USA. He project managed the Sarbanes Oxley implementation for the NASDAQ listed wireless telco Airspan Networks Inc., and was heavily involved in SOx projects for National Australia Bank and the Allied Irish Bank.\n\nAfter 18 years international experience, having worked in over 30 countries, John returned to Australia in 2006 and took on an 18 month contract with Deloitte to run the outsourced internal audits for Orica and Sigma Pharmaceuticals.\n\nJohn specialises in recruiting for the Accounting Profession, Accountants in Industry as well as Internal Audit and Technical Accounting roles.\n\nCall John on 0448-877-789 for a confidential discussion or email him at john@barnabyrecruitment.com.au",
            "firstName": "John",
            "lastName": "Cotton"
        },
        "jobs": [
            {
                "companyName": "Barnaby Recruitment",
                "companyUrl": "https://www.linkedin.com/search/results/index/?keywords=Barnaby%20Recruitment",
                "jobTitle": "Director",
                "dateRange": "Jul 2016 – Present",
                "location": "Melbourne, Australia",
                "description": "Barnaby Recruitment is a full-service recruitment consultancy that focuses on\n      Accounting Professional Practice. Why? - Because that is what we know and\n      understand. From Graduate through to Partners and across all lines of services: Tax and\n      Accounting, Audit, Internal Audit, Forensic, Insolvency and Management Consulting,\n      Barnaby Recruitment provides the candidate and client with a personal service that\n      \n      seeks firstly to understand your needs and to deliver the best possible outcomes."
            },
            {
                "companyName": "Lawson Delaney",
                "companyUrl": "https://www.linkedin.com/company/2889071/",
                "jobTitle": "Director",
                "dateRange": "Feb 2012 – Jun 2016",
                "location": "Melbourne, Australia",
                "description": "Recruitment to the Accounting Profession"
            },
            {
                "companyName": "Institute of Internal Auditors - Australia",
                "companyUrl": "https://www.linkedin.com/company/523856/",
                "jobTitle": "Council Member - Victorian Chapter",
                "dateRange": "Jul 2010 – Jul 2015",
                "location": null,
                "description": null
            },
            {
                "companyName": "Jones Talent ID",
                "companyUrl": "https://www.linkedin.com/company/1011854/",
                "jobTitle": "Senior Consultant",
                "dateRange": "Feb 2011 – Feb 2012",
                "location": null,
                "description": "Recruitment to the Accounting Profession"
            },
            {
                "companyName": "McLean Delmo",
                "companyUrl": "https://www.linkedin.com/search/results/index/?keywords=McLean%20Delmo",
                "jobTitle": "Senior Manager",
                "dateRange": "Dec 2007 – Dec 2010",
                "location": "Melbourne, Australia",
                "description": "Implementation of internal audit function"
            },
            {
                "companyName": "Utility Warehouse PLC",
                "companyUrl": "https://www.linkedin.com/company/1763162/",
                "jobTitle": "Distributor",
                "dateRange": "1999 – 2010",
                "location": null,
                "description": null
            },
            {
                "companyName": "Deloitte",
                "companyUrl": "https://www.linkedin.com/company/1038/",
                "jobTitle": "Director",
                "dateRange": "Mar 2006 – Oct 2007",
                "location": "Melbourne, Australia",
                "description": "Running outsourced internal audit functions"
            },
            {
                "companyName": "PwC London",
                "companyUrl": "https://www.linkedin.com/search/results/index/?keywords=PwC%20London",
                "jobTitle": "Senior Manager",
                "dateRange": "Feb 2005 – Dec 2005",
                "location": "London, United Kingdom",
                "description": "Sarbanes Oxley implementation"
            },
            {
                "companyName": "Airspan networks",
                "companyUrl": "https://www.linkedin.com/search/results/index/?keywords=Airspan%20networks",
                "jobTitle": "Project Manager",
                "dateRange": "Jun 2004 – Feb 2005",
                "location": "London, United Kingdom",
                "description": "Project management of SOx implementation"
            },
            {
                "companyName": "Barnaby Inv",
                "companyUrl": "https://www.linkedin.com/search/results/index/?keywords=Barnaby%20Inv",
                "jobTitle": "Director",
                "dateRange": "Mar 2001 – Jun 2004",
                "location": "London, United Kingdom",
                "description": "Internal Audit, Risk Management, Process Improvement."
            },
            {
                "companyName": "KPMG",
                "companyUrl": "https://www.linkedin.com/company/1079/",
                "jobTitle": "Senior Manager",
                "dateRange": "Oct 1997 – Mar 2001",
                "location": "London, United Kingdom",
                "description": "Development of Risk Management and its role in Internal Audit"
            },
            {
                "companyName": "Summit Entertainment",
                "companyUrl": "https://www.linkedin.com/search/results/index/?keywords=Summit%20Entertainment",
                "jobTitle": "Vice President International Sales",
                "dateRange": "Aug 1995 – Sep 1997",
                "location": "London, United Kingdom",
                "description": "Distribution of Films"
            },
            {
                "companyName": "Price Waterhouse",
                "companyUrl": "https://www.linkedin.com/search/results/index/?keywords=Price%20Waterhouse",
                "jobTitle": "Senior",
                "dateRange": "1980 – 1986",
                "location": null,
                "description": null
            }
        ],
        "schools": [
            {
                "schoolUrl": "https://www.linkedin.com/school/10231/?legacySchoolId=10231",
                "schoolName": "Monash University",
                "degree": "BEc",
                "degreeSpec": "Economics, Accounting"
            },
            {
                "schoolUrl": "https://www.linkedin.com/search/results/index/?keywords=Scotch%20College",
                "schoolName": "Scotch College"
            }
        ],
        "details": {
            "linkedinProfile": "https://www.linkedin.com/in/john-cotton-5320b233"
        },
        "skills": [
            {
                "name": "Internal Audit",
                "endorsements": "72"
            },
            {
                "name": "Accounting",
                "endorsements": "62"
            },
            {
                "name": "Risk Management",
                "endorsements": "52"
            },
            {
                "name": "Auditing",
                "endorsements": "44"
            },
            {
                "name": "Sarbanes-Oxley Act",
                "endorsements": "37"
            },
            {
                "name": "Internal Controls",
                "endorsements": "33"
            },
            {
                "name": "Tax",
                "endorsements": "24"
            },
            {
                "name": "Recruiting",
                "endorsements": "23"
            },
            {
                "name": "Process Improvement",
                "endorsements": "21"
            },
            {
                "name": "Enterprise Risk Management",
                "endorsements": "20"
            },
            {
                "name": "Business Process Improvement",
                "endorsements": "20"
            },
            {
                "name": "Project Management",
                "endorsements": "15"
            },
            {
                "name": "Financial Risk",
                "endorsements": "12"
            },
            {
                "name": "Mergers & Acquisitions",
                "endorsements": "9"
            },
            {
                "name": "Outsourcing",
                "endorsements": "6"
            },
            {
                "name": "SOX",
                "endorsements": "6"
            },
            {
                "name": "Financial Accounting",
                "endorsements": "6"
            },
            {
                "name": "Governance",
                "endorsements": "15"
            },
            {
                "name": "Recruitment to Accounting Profession",
                "endorsements": "9"
            }
        ],
        "allSkills": "Internal Audit, Accounting, Risk Management, Auditing, Sarbanes-Oxley Act, Internal Controls, Tax, Recruiting, Process Improvement, Enterprise Risk Management, Business Process Improvement, Project Management, Financial Risk, Mergers & Acquisitions, Outsourcing, SOX, Financial Accounting, Governance, Recruitment to Accounting Profession"
    },
    {
        "general": {
            "imgUrl": "https://media.licdn.com/dms/image/C4E03AQHGedVIF3e0Hw/profile-displayphoto-shrink_800_800/0?e=1545264000&v=beta&t=Qjpw4pnax_lkWYv40nK3tkjRk1WRWYEQZPF3O5DG7DA",
            "fullName": "Phoenix Cumming",
            "headline": "Social Media & Marketing Coordinator at Complete Land Marketing",
            "company": "Complete Land Marketing",
            "school": "REIQ",
            "location": "Brisbane, Australia",
            "connections": "500+",
            "description": "Intrinsically motivated, young professional experienced in Real Estate, Social Media,\n      \n      Marketing & Advertising.",
            "firstName": "Phoenix",
            "lastName": "Cumming"
        },
        "jobs": [
            {
                "companyName": "Complete Land Marketing",
                "companyUrl": "https://www.linkedin.com/company/18030989/",
                "jobTitle": "Social Media & Digital Marketing Coordinator",
                "dateRange": "Mar 2018 – Present",
                "location": "Brisbane, Australia",
                "description": null
            }
        ],
        "schools": [
            {
                "schoolUrl": "https://www.linkedin.com/search/results/index/?keywords=REIQ",
                "schoolName": "REIQ",
                "degree": "Real Estate Salesperson License",
                "dateRange": "2017 – 2017"
            },
            {
                "schoolUrl": "https://www.linkedin.com/search/results/index/?keywords=Varsity%20College",
                "schoolName": "Varsity College",
                "dateRange": "2000 – 2011"
            }
        ],
        "details": {
            "linkedinProfile": "https://www.linkedin.com/in/phoenix-cumming-0ab857141",
            "websites": "completelandmarketing.com.au"
        },
        "skills": [
            {
                "name": "Social Media Marketing",
                "endorsements": "27"
            },
            {
                "name": "Social Media",
                "endorsements": "26"
            },
            {
                "name": "Digital Marketing",
                "endorsements": "25"
            },
            {
                "name": "Advertising",
                "endorsements": "8"
            },
            {
                "name": "Online Advertising",
                "endorsements": "9"
            },
            {
                "name": "Marketing",
                "endorsements": "8"
            },
            {
                "name": "Online Marketing",
                "endorsements": "9"
            },
            {
                "name": "Marketing Strategy",
                "endorsements": "8"
            },
            {
                "name": "Digital Media",
                "endorsements": "8"
            },
            {
                "name": "Business Development",
                "endorsements": "8"
            },
            {
                "name": "Blogging",
                "endorsements": "9"
            },
            {
                "name": "Social Marketing",
                "endorsements": "9"
            },
            {
                "name": "Office Administration",
                "endorsements": "7"
            },
            {
                "name": "Data Entry",
                "endorsements": "6"
            },
            {
                "name": "Microsoft Office",
                "endorsements": "5"
            },
            {
                "name": "Microsoft PowerPoint",
                "endorsements": "4"
            }
        ],
        "allSkills": "Social Media Marketing, Social Media, Digital Marketing, Advertising, Online Advertising, Marketing, Online Marketing, Marketing Strategy, Digital Media, Business Development, Blogging, Social Marketing, Office Administration, Data Entry, Microsoft Office, Microsoft PowerPoint"
    },
    {
        "general": {
            "imgUrl": "https://media.licdn.com/dms/image/C4D03AQEhTzqYHwAJ4A/profile-displayphoto-shrink_800_800/0?e=1545264000&v=beta&t=Xu_CziXl7NwX4SBaQe0GR58e99cDQ8OE_aLSHztDu-I",
            "fullName": "Mitchell Willocks",
            "headline": "My Passion Lies Where Technology and the Law Collide",
            "company": "Macpherson Kelley",
            "school": "Bond University",
            "location": "Scarborough, Queensland, Australia",
            "connections": "500+",
            "description": "One of my key objectives in life is to undertake meaningful work in an environment that reflects my core values of inclusion and diversity, lifelong learning and mentorship, and the importance of giving back. I am fiercely passionate about my work and find myself most interested in intellectual property law, information technology and communications law, and international commercial and trade law. My tertiary education and professional experience have seen me accrue comprehensive knowledge and practical experience to ensure that I can put my best foot forward in beginning my legal career.",
            "firstName": "Mitchell",
            "lastName": "Willocks"
        },
        "jobs": [
            {
                "companyName": "Macpherson Kelley",
                "companyUrl": "https://www.linkedin.com/company/145905/",
                "jobTitle": "Law Graduate",
                "dateRange": "Sep 2018 – Present",
                "location": "South Brisbane en omgeving, Australië",
                "description": null
            },
            {
                "companyName": "Macpherson Kelley",
                "companyUrl": "https://www.linkedin.com/company/145905/",
                "jobTitle": "Law Clerk",
                "dateRange": "Aug 2018 – Sep 2018",
                "location": "South Brisbane en omgeving, Australië",
                "description": null
            },
            {
                "companyName": "batyr",
                "companyUrl": "https://www.linkedin.com/company/1574288/",
                "jobTitle": "Speaker",
                "dateRange": "May 2018 – Present",
                "location": "South Brisbane en omgeving, Australië",
                "description": null
            },
            {
                "companyName": "Bond University",
                "companyUrl": "https://www.linkedin.com/company/15058/",
                "jobTitle": "Social Media Marketing Officer",
                "dateRange": "Oct 2016 – Present",
                "location": "Queensland en omgeving, Australië",
                "description": "My chief responsibility is the management of the Bond University Faculty of Law Facebook strategy and presence. My role also extends to creating social media plans and content for major events such as the National High School Mooting Competition. I also assist in creating content for the Bond University website and other social media presences on LinkedIn, Twitter, and Instagram."
            },
            {
                "companyName": "Bond University",
                "companyUrl": "https://www.linkedin.com/company/15058/",
                "jobTitle": "Digital Marketing Coodinator",
                "dateRange": "Aug 2015 – Sep 2016",
                "location": "Queensland en omgeving, Australië",
                "description": "My role focussed on paid digital advertising on platforms such as Facebook, LinkedIn,\n      Instagram, Google Search, and YouTube among others. In doing so, I created and\n      optimised landing pages to which advertising would direct. I also managed\n      \n      partnerships with vendors of third-party lead platforms and was required to\n\n... See more"
            },
            {
                "companyName": "Mobilise Media",
                "companyUrl": "https://www.linkedin.com/search/results/index/?keywords=Mobilise%20Media",
                "jobTitle": "Sole Proprietor",
                "dateRange": "Aug 2012 – Aug 2015",
                "location": "Queensland en omgeving, Australië",
                "description": "I traded under the business name, Mobilise Media, in which I marketed professional\n      services for web design, web development, software design, software development,\n      \n      portrait photography, and event photography."
            },
            {
                "companyName": "BuildingLink International",
                "companyUrl": "https://www.linkedin.com/company/3109396/",
                "jobTitle": "Business Development Representative",
                "dateRange": "Jun 2012 – Dec 2012",
                "location": "Queensland en omgeving, Australië",
                "description": "My role focussed on engaging with stakeholders at large property development firms\n      and conducting research on new developments. BuildingLink International hold the\n      distribution rights to property management software that it seeks to licence to\n      \n      developments in the APAC and EMEA regions."
            },
            {
                "companyName": "McDonald's Corporation",
                "companyUrl": "https://www.linkedin.com/company/2677/",
                "jobTitle": "Crew Member",
                "dateRange": "Mar 2009 – Aug 2011",
                "location": "Queensland en omgeving, Australië",
                "description": null
            },
            {
                "companyName": "Lightmare Studios",
                "companyUrl": "https://www.linkedin.com/company/17907063/",
                "jobTitle": "Trainee",
                "dateRange": "Nov 2009 – Jul 2010",
                "location": "South Brisbane en omgeving, Australië",
                "description": null
            }
        ],
        "schools": [
            {
                "schoolUrl": "https://www.linkedin.com/school/10219/?legacySchoolId=10219",
                "schoolName": "Bond University",
                "degree": "Graduate Diploma in Legal Practice",
                "dateRange": "2018 – 2018"
            },
            {
                "schoolUrl": "https://www.linkedin.com/school/10219/?legacySchoolId=10219",
                "schoolName": "Bond University",
                "degree": "Bachelor’s Degree",
                "degreeSpec": "Business / Laws",
                "dateRange": "2012 – 2018",
                "description": "Through studying a combined Bachelor's Degree in Business and Laws, I am further developing my advanced skills in research, academic writing, critical thinking, leadership, initiative, teamwork, professional communication and ethical responsibility. Also, I have the advantage of utilising the knowledge of the world-class academic staff at Bond University to expand my knowledge concerning my particular areas of interest and to diversify my wide breadth of skills further. I have chosen to concentrate on the field of Marketing within my Bachelor of Business, as I have a keen interest in Consumer Behaviour and Neurological Marketing Research."
            },
            {
                "schoolUrl": "https://www.linkedin.com/school/15447/?legacySchoolId=15447",
                "schoolName": "Leiden University",
                "degree": "Exchange",
                "degreeSpec": "Law",
                "dateRange": "2017 – 2018"
            },
            {
                "schoolUrl": "https://www.linkedin.com/search/results/index/?keywords=Southern%20Cross%20Catholic%20College",
                "schoolName": "Southern Cross Catholic College",
                "degree": "High School",
                "degreeSpec": "Queensland Certificate of Education (QCE)",
                "dateRange": "2006 – 2011",
                "description": "I spent all twelve years of my primary and secondary education at Southern Cross Catholic College. The stability and familiar environment that this provided allowed for me to thrive at an early age academically. In my final years of high school, I chose to concentrate on the Queensland Studies Authority subjects of Information Processing and Technology, English, Study of Religion, Mathematics B, Accounting and Graphics. Undertaking Accounting also allowed me to complete the 'Accounting in High Schools' programme at Queensland University of Technology. This programme gave me the opportunity to receive an introduction to tertiary education while completing the undergraduate subject BSB110 Accounting. I additionally seized a traineeship opportunity in which I completed a Certificate III in Information Technology. On completion of my studies, I was offered a scholarship to Bond University to pursue my ambition to study Business and Laws."
            },
            {
                "schoolUrl": "https://www.linkedin.com/school/10233/?legacySchoolId=10233",
                "schoolName": "Queensland University of Technology",
                "degree": "Undergraduate Subject",
                "degreeSpec": "Accounting",
                "dateRange": "2011 – 2011",
                "description": ""
            }
        ],
        "details": {
            "linkedinProfile": "https://www.linkedin.com/in/mitchellwillocks"
        },
        "skills": [
            {
                "name": "Leadership",
                "endorsements": "99+"
            },
            {
                "name": "Public Speaking",
                "endorsements": "60"
            },
            {
                "name": "Marketing",
                "endorsements": "36"
            },
            {
                "name": "Social Media Marketing",
                "endorsements": "82"
            },
            {
                "name": "Entrepreneurship",
                "endorsements": "42"
            },
            {
                "name": "Research",
                "endorsements": "25"
            },
            {
                "name": "Legal Research",
                "endorsements": "12"
            },
            {
                "name": "Marketing Strategy",
                "endorsements": "8"
            },
            {
                "name": "Advertising",
                "endorsements": "34"
            },
            {
                "name": "Social Media",
                "endorsements": "94"
            },
            {
                "name": "Marketing Communications",
                "endorsements": "12"
            },
            {
                "name": "Legal Writing",
                "endorsements": "8"
            },
            {
                "name": "Intellectual Property",
                "endorsements": "3"
            },
            {
                "name": "Strategic Planning",
                "endorsements": "11"
            },
            {
                "name": "Due Diligence",
                "endorsements": "2"
            },
            {
                "name": "Business Management",
                "endorsements": "2"
            },
            {
                "name": "Business Development",
                "endorsements": "10"
            },
            {
                "name": "Corporate Communications",
                "endorsements": "3"
            },
            {
                "name": "Managing Change",
                "endorsements": "2"
            },
            {
                "name": "Project Management",
                "endorsements": "10"
            },
            {
                "name": "Blogging",
                "endorsements": "19"
            },
            {
                "name": "Photography",
                "endorsements": "6"
            },
            {
                "name": "Web Design",
                "endorsements": "12"
            },
            {
                "name": "Change Management",
                "endorsements": "4"
            },
            {
                "name": "Sales",
                "endorsements": "8"
            },
            {
                "name": "Software Development",
                "endorsements": "3"
            },
            {
                "name": "Event Management",
                "endorsements": "21"
            },
            {
                "name": "Programming",
                "endorsements": "5"
            },
            {
                "name": "Multimedia",
                "endorsements": "3"
            },
            {
                "name": "Adobe Creative Suite",
                "endorsements": "2"
            },
            {
                "name": "HTML",
                "endorsements": "3"
            },
            {
                "name": "Management",
                "endorsements": "43"
            },
            {
                "name": "Teamwork",
                "endorsements": "40"
            },
            {
                "name": "Team Leadership",
                "endorsements": "32"
            },
            {
                "name": "Time Management",
                "endorsements": "79"
            },
            {
                "name": "Critical Thinking",
                "endorsements": "13"
            },
            {
                "name": "Negotiation",
                "endorsements": "5"
            },
            {
                "name": "Conflict Resolution",
                "endorsements": "3"
            },
            {
                "name": "Stakeholder Engagement",
                "endorsements": "2"
            },
            {
                "name": "Customer Service",
                "endorsements": "24"
            },
            {
                "name": "Intuitiveness",
                "endorsements": "3"
            },
            {
                "name": "Social Networking",
                "endorsements": "23"
            },
            {
                "name": "Commercial Awareness",
                "endorsements": "3"
            },
            {
                "name": "Committed to Professionalism",
                "endorsements": "6"
            }
        ],
        "allSkills": "Leadership, Public Speaking, Marketing, Social Media Marketing, Entrepreneurship, Research, Legal Research, Marketing Strategy, Advertising, Social Media, Marketing Communications, Legal Writing, Intellectual Property, Strategic Planning, Due Diligence, Business Management, Business Development, Corporate Communications, Managing Change, Project Management, Blogging, Photography, Web Design, Change Management, Sales, Software Development, Event Management, Programming, Multimedia, Adobe Creative Suite, HTML, Management, Teamwork, Team Leadership, Time Management, Critical Thinking, Negotiation, Conflict Resolution, Stakeholder Engagement, Customer Service, Intuitiveness, Social Networking, Commercial Awareness, Committed to Professionalism"
    },
    {
        "general": {
            "imgUrl": "https://media.licdn.com/dms/image/C5103AQG4TLSbL5IF8Q/profile-displayphoto-shrink_800_800/0?e=1545264000&v=beta&t=f5T55YSxwlEp45aPuniuV1Uqxh6cAG56ji9AesFk7Rc",
            "fullName": "Matty K",
            "headline": "Principal at LJ Hooker",
            "company": "LJ Hooker Gatton",
            "school": "Gymea Tafe",
            "location": "Gatton, Queensland, Australia",
            "connections": "500+",
            "description": "Married with 4 children, never a dull day & an unpredictable fun journey.\n\nEnjoy a challenge & positive people. \nLife is what you make it, write your own book - so make it inspiring & honest.\n\nOriginally from Cronulla in \"The Shire\" \nEnjoy sport & fitness - gym, explosive training,  Rugby league (Masters Over 35's), Tag 20, touch footy & Soccer.\n\nBeach - diving, surfing, fishing.\n\nMusic - Have music on JJJ Unearthed under Matty K, play guitar, piano & write original songs.\nFan of a range of music over the past 30 years.",
            "firstName": "Matty",
            "lastName": "K"
        },
        "jobs": [
            {
                "companyName": "LJ Hooker Gatton",
                "companyUrl": "https://www.linkedin.com/company/16081/",
                "jobTitle": "Principal",
                "dateRange": "Jul 2016 – Present",
                "location": "Gatton",
                "description": "Providing professional friendly service across the Lockyer Valley.\n      \n\n    People come first - strong client relations are the backbone to success.\n      \n\n    Daily agenda includes customer contact, marketing, listings, viewings &\n      \n      again....customer contact."
            },
            {
                "companyName": "LJ Hooker Gatton",
                "companyUrl": "https://www.linkedin.com/company/16081/",
                "jobTitle": "Principal Owner",
                "dateRange": "Aug 2007 – Present",
                "location": null,
                "description": "Sales - Residential, Rural, Commercial and always offering friendly, professional\n      \n      advice...."
            },
            {
                "companyName": "LJ Hooker Gatton",
                "companyUrl": "https://www.linkedin.com/company/16081/",
                "jobTitle": "Sales Representative",
                "dateRange": "Feb 2008 – May 2016",
                "location": "Gatton",
                "description": "Property sales\n      \n\n    Property listings\n      \n\n    Marketing\n      \n\n    \n      Professional advice"
            }
        ],
        "schools": [
            {
                "schoolUrl": "https://www.linkedin.com/search/results/index/?keywords=Gymea%20Tafe",
                "schoolName": "Gymea Tafe",
                "degree": "High School Certificate"
            },
            {
                "schoolUrl": "https://www.linkedin.com/search/results/index/?keywords=Woolooware%20High%20School",
                "schoolName": "Woolooware High School",
                "degree": "school certificate",
                "degreeSpec": "School certificate"
            }
        ],
        "details": {
            "linkedinProfile": "https://www.linkedin.com/in/matty-k-bb44aa11b"
        },
        "skills": [
            {
                "name": "Sales",
                "endorsements": "8"
            },
            {
                "name": "Real Estate",
                "endorsements": "8"
            },
            {
                "name": "Investment Properties",
                "endorsements": "8"
            },
            {
                "name": "Real Estate Transactions",
                "endorsements": "5"
            },
            {
                "name": "Real Estate Development",
                "endorsements": "5"
            },
            {
                "name": "Listings",
                "endorsements": "4"
            },
            {
                "name": "Residential Homes",
                "endorsements": "4"
            },
            {
                "name": "Marketing",
                "endorsements": "4"
            },
            {
                "name": "Property Management",
                "endorsements": "3"
            },
            {
                "name": "Rentals",
                "endorsements": "2"
            },
            {
                "name": "Business Development",
                "endorsements": "2"
            },
            {
                "name": "Marketing Strategy",
                "endorsements": "2"
            },
            {
                "name": "Strategic Planning",
                "endorsements": "2"
            },
            {
                "name": "Negotiation",
                "endorsements": "4"
            },
            {
                "name": "Sellers",
                "endorsements": "3"
            },
            {
                "name": "Investors",
                "endorsements": "3"
            },
            {
                "name": "Customer Service",
                "endorsements": "3"
            },
            {
                "name": "Management",
                "endorsements": "3"
            },
            {
                "name": "Contract Negotiation",
                "endorsements": "2"
            }
        ],
        "allSkills": "Sales, Real Estate, Investment Properties, Real Estate Transactions, Real Estate Development, Listings, Residential Homes, Marketing, Property Management, Rentals, Business Development, Marketing Strategy, Strategic Planning, Negotiation, Sellers, Investors, Customer Service, Management, Contract Negotiation"
    },
    {
        "general": {
            "imgUrl": "https://media.licdn.com/dms/image/C4E03AQFaU32DHsEthg/profile-displayphoto-shrink_800_800/0?e=1545264000&v=beta&t=N8ZhWHKzH8p2ZnH91sVDl7tLmsNXseM26Yg55kuProg",
            "fullName": "Ali Aleagha",
            "headline": "Founder/CEO/Owner",
            "company": "Aliga Pty Ltd",
            "school": "Griffith University",
            "location": "Brisbane, Australia",
            "connections": "500+",
            "description": "Engineering and Design",
            "firstName": "Ali",
            "lastName": "Aleagha"
        },
        "jobs": [
            {
                "companyName": "Aliga Pty Ltd",
                "companyUrl": "https://www.linkedin.com/company/12160219/",
                "jobTitle": "Founder",
                "dateRange": "Jan 2015 – Present",
                "location": "Gold Coast",
                "description": null
            },
            {
                "companyName": "Department of Transport and Main Roads",
                "companyUrl": "https://www.linkedin.com/company/428670/",
                "jobTitle": "Undergraduate Civil Engineer",
                "dateRange": "Jul 2014 – Dec 2014",
                "location": "Gold Coast, QLD",
                "description": "-Road design and safety within DTMR's Standards and Specifications.\n-Solving issues regarding Road Safety in South-East Queensland.\n-Applying road safety treatments at fatal crash locations to reduce the risk of crashes.\n-Investigation on the effectiveness of engineering treatments at Fatal crash locations.\n-Engineering designs for Rock falls and slopes."
            },
            {
                "companyName": "Tarho-Tabdil Civil Engineering Company",
                "companyUrl": "https://www.linkedin.com/search/results/index/?keywords=Tarho-Tabdil%20Civil%20Engineering%20Company",
                "jobTitle": "Undergraduate Site Engineer",
                "dateRange": "Nov 2011 – Feb 2012",
                "location": "Tehran, Iran",
                "description": "-Project management skills\n      \n\n    -Proposals regarding developing bidder list,\n      \n\n    -Preparation of purchase orders\n      \n\n    \n      -Preparation of manufacturing and construction contracts expediting."
            }
        ],
        "schools": [
            {
                "schoolUrl": "https://www.linkedin.com/school/10227/?legacySchoolId=10227",
                "schoolName": "Griffith University",
                "degree": "Bachelor's Degree",
                "degreeSpec": "Civil Engineering",
                "dateRange": "2010 – 2014",
                "description": "Graduated in Bachelor of Engineering, majoring in Civil Engineering"
            },
            {
                "schoolUrl": "https://www.linkedin.com/school/41935/?legacySchoolId=41935",
                "schoolName": "QIBT",
                "degree": "Associate's Degree",
                "degreeSpec": "Engineering",
                "dateRange": "2009 – 2010",
                "description": "Graduated with Diploma of Engineering"
            },
            {
                "schoolUrl": "https://www.linkedin.com/search/results/index/?keywords=Merrimac%20State%20High%20School",
                "schoolName": "Merrimac State High School",
                "degree": "High School",
                "dateRange": "2007 – 2010",
                "description": "-Physics-Chemistry-Maths C-Maths B-English"
            }
        ],
        "details": {
            "linkedinProfile": "https://www.linkedin.com/in/alialeagha",
            "websites": "aliga.com.au"
        },
        "skills": [
            {
                "name": "Civil Engineering",
                "endorsements": "87"
            },
            {
                "name": "AutoCAD",
                "endorsements": "69"
            },
            {
                "name": "Structural Analysis",
                "endorsements": "62"
            },
            {
                "name": "Structural Engineering",
                "endorsements": "44"
            },
            {
                "name": "Project Management",
                "endorsements": "31"
            },
            {
                "name": "Construction",
                "endorsements": "29"
            },
            {
                "name": "Engineering",
                "endorsements": "22"
            },
            {
                "name": "Geotechnical Engineering",
                "endorsements": "21"
            },
            {
                "name": "Construction Management",
                "endorsements": "21"
            },
            {
                "name": "Road",
                "endorsements": "18"
            },
            {
                "name": "Project Planning",
                "endorsements": "17"
            },
            {
                "name": "Contract Management",
                "endorsements": "16"
            },
            {
                "name": "Fluid Mechanics",
                "endorsements": "13"
            },
            {
                "name": "Drainage",
                "endorsements": "13"
            },
            {
                "name": "Concrete",
                "endorsements": "12"
            },
            {
                "name": "Project Estimation",
                "endorsements": "12"
            },
            {
                "name": "Hydrology",
                "endorsements": "11"
            },
            {
                "name": "Project Engineering",
                "endorsements": "11"
            },
            {
                "name": "Feasibility Studies",
                "endorsements": "10"
            },
            {
                "name": "Surveying",
                "endorsements": "10"
            },
            {
                "name": "Project Control",
                "endorsements": "10"
            },
            {
                "name": "Sustainability",
                "endorsements": "10"
            },
            {
                "name": "Procurement",
                "endorsements": "10"
            },
            {
                "name": "Programming",
                "endorsements": "9"
            },
            {
                "name": "Reinforced Concrete",
                "endorsements": "9"
            },
            {
                "name": "Water",
                "endorsements": "9"
            },
            {
                "name": "Highways",
                "endorsements": "9"
            },
            {
                "name": "Bridge",
                "endorsements": "9"
            },
            {
                "name": "Earthworks",
                "endorsements": "9"
            },
            {
                "name": "Steel Structures",
                "endorsements": "9"
            },
            {
                "name": "CAD",
                "endorsements": "8"
            },
            {
                "name": "Microsoft Office",
                "endorsements": "24"
            },
            {
                "name": "Microsoft Project",
                "endorsements": "22"
            },
            {
                "name": "SAP2000",
                "endorsements": "15"
            },
            {
                "name": "Microsoft Excel",
                "endorsements": "14"
            },
            {
                "name": "Visual Basic",
                "endorsements": "10"
            },
            {
                "name": "Matlab",
                "endorsements": "8"
            },
            {
                "name": "C++",
                "endorsements": "8"
            },
            {
                "name": "Revit",
                "endorsements": "8"
            },
            {
                "name": "Management",
                "endorsements": "12"
            },
            {
                "name": "Civil Design",
                "endorsements": "13"
            },
            {
                "name": "Integrated Design",
                "endorsements": "11"
            },
            {
                "name": "Mechanics of Materials",
                "endorsements": "10"
            },
            {
                "name": "Road Safety",
                "endorsements": "10"
            },
            {
                "name": "Rock Mechanics",
                "endorsements": "9"
            },
            {
                "name": "Strand7",
                "endorsements": "9"
            },
            {
                "name": "space gas",
                "endorsements": "8"
            },
            {
                "name": "rocscience",
                "endorsements": "8"
            },
            {
                "name": "WebCrash",
                "endorsements": "8"
            },
            {
                "name": "Rockfall",
                "endorsements": "8"
            }
        ],
        "allSkills": "Civil Engineering, AutoCAD, Structural Analysis, Structural Engineering, Project Management, Construction, Engineering, Geotechnical Engineering, Construction Management, Road, Project Planning, Contract Management, Fluid Mechanics, Drainage, Concrete, Project Estimation, Hydrology, Project Engineering, Feasibility Studies, Surveying, Project Control, Sustainability, Procurement, Programming, Reinforced Concrete, Water, Highways, Bridge, Earthworks, Steel Structures, CAD, Microsoft Office, Microsoft Project, SAP2000, Microsoft Excel, Visual Basic, Matlab, C++, Revit, Management, Civil Design, Integrated Design, Mechanics of Materials, Road Safety, Rock Mechanics, Strand7, space gas, rocscience, WebCrash, Rockfall"
    },
    {
        "general": {
            "imgUrl": "https://media.licdn.com/dms/image/C4E03AQHglE8a2-ae6Q/profile-displayphoto-shrink_800_800/0?e=1545264000&v=beta&t=XZquNWKUDuYJgUXS_ielt0JAfGN4rGkHJQEDoFQvvb4",
            "fullName": "Harrison Jackman",
            "headline": "Student at Max M. Fisher College of Business, The Ohio State University",
            "school": "The Ohio State University Fisher College of Business",
            "location": "Mermaid Beach, Queensland, Australia",
            "connections": "500+",
            "description": "",
            "firstName": "Harrison",
            "lastName": "Jackman"
        },
        "jobs": [
            {
                "companyName": "Corning Incorporated",
                "companyUrl": "https://www.linkedin.com/company/3678/",
                "jobTitle": "GSM Intern",
                "dateRange": "May 2017 – Aug 2017",
                "location": "Corning",
                "description": "I worked as an intern within Corning’s Global Logistic Operations division. During my\n      time at Corning I developed and maintained projects that streamlined current\n      processes which became corporate standard."
            },
            {
                "companyName": "Cinemark",
                "companyUrl": "https://www.linkedin.com/company/20013/",
                "jobTitle": "Operations Intern",
                "dateRange": "Jun 2016 – Aug 2016",
                "location": "Plano, Texas, US",
                "description": "Worked with the strategy and operations team to discover economic insights and\n      competitive knowledge in the entertainment industry."
            },
            {
                "companyName": "Australian Leisure and Hospitality Group",
                "companyUrl": "https://www.linkedin.com/search/results/index/?keywords=Australian%20Leisure%20and%20Hospitality%20Group",
                "jobTitle": "Gaming and Financial Analyst Intern",
                "dateRange": "Jul 2015 – Jul 2015",
                "location": "South Yarra, VIC, Australia",
                "description": "Performed various financial tasks including evaluating revenue and expenditure\n      \n      reports, preparing financial statements, gaming figures, benchmarking, etc."
            }
        ],
        "schools": [
            {
                "schoolUrl": "https://www.linkedin.com/school/19126/?legacySchoolId=19126",
                "schoolName": "The Ohio State University Fisher College of Business",
                "degree": "Bachelor's Degree",
                "degreeSpec": "Logistics, Materials, and Supply Chain Management",
                "dateRange": "2014 – 2017",
                "description": "President and Treasurer of the International Business Club Vice President of Sigma Alpha Epsilon New Member Class"
            }
        ],
        "details": {
            "linkedinProfile": "https://www.linkedin.com/in/harrison-jackman-6b0975a5"
        },
        "skills": [
            {
                "name": "Microsoft Office",
                "endorsements": "7"
            },
            {
                "name": "Management",
                "endorsements": "5"
            },
            {
                "name": "Microsoft Excel",
                "endorsements": "5"
            },
            {
                "name": "Analytical Skills",
                "endorsements": "2"
            },
            {
                "name": "Financial Analysis",
                "endorsements": "1"
            },
            {
                "name": "International Business",
                "endorsements": "1"
            },
            {
                "name": "Sales",
                "endorsements": "1"
            },
            {
                "name": "Microsoft Word",
                "endorsements": "1"
            },
            {
                "name": "Customer Service",
                "endorsements": "5"
            },
            {
                "name": "Leadership",
                "endorsements": "5"
            }
        ],
        "allSkills": "Microsoft Office, Management, Microsoft Excel, Analytical Skills, Financial Analysis, International Business, Sales, Microsoft Word, Customer Service, Leadership"
    }
]
