{"jobTitle": "Senior Lead Estimator", "company": "BouyguesConstructionAustralia", "Detail": {"industry": ["Construction", "CivilEngineering", "Oil&amp;Energy"], "jobFunction": ["Management", "Manufacturing"], "jobType": "Full-time", "level": "Associate"}, "jobId": "913073741", "location": "Sydney,AU", "view": "Posted2hoursago"}{"jobTitle": "Senior Legal Officer", "company": "NSWEnvironmentProtectionAuthority(EPA)", "Detail": {"industry": ["NonprofitOrganizationManagement", "EnvironmentalServices", "GovernmentAdministration"], "jobFunction": ["Legal", "Other", "Consulting"], "jobType": "Full-time", "level": "Associate"}, "jobId": "911675008", "location": "Sydney,AU", "view": "Posted6hoursago"}{"jobTitle": "Equity Research Analyst", "company": "AvenirCapital", "Detail": {"industry": ["FinancialServices"], "jobFunction": ["Analyst"], "jobType": "Full-time", "level": "Associate"}, "jobId": "912863302", "location": "Level2,5MartinPlace,Sydney,NSW2000,AU", "view": "Posted10hoursago"}{"jobTitle": "Senior Quantity Surveyor", "company": "CapstoneRecruitment", "Detail": {"industry": ["Construction"], "jobFunction": ["ProjectManagement"], "jobType": "Full-time", "level": "Mid-Senior level"}, "jobId": "912810523", "location": "Sydney,AU", "view": "Posted12hoursago"}{"jobTitle": ".Net Tech Lead (Hands on daily)", "company": "BlocTechnology", "Detail": {"industry": ["InformationTechnologyandServices", "ComputerSoftware", "Internet"], "jobFunction": ["InformationTechnology"], "jobType": "Full-time", "level": "Associate"}, "jobId": "912683146", "location": "Sydney,AU", "view": "Posted13hoursago"}{"jobTitle": "Paraplanning Manager", "company": "CentricWealth", "Detail": {"industry": ["Accounting", "FinancialServices"], "jobFunction": ["Finance", "Management"], "jobType": "Full-time", "level": ""}, "jobId": "912693197", "location": "Sydney,Australia", "view": "Posted13hoursago"}{"jobTitle": "Buyer/Junior Buyer", "company": "Showpo", "Detail": {"industry": ["ConsumerGoods", "Apparel&amp;Fashion", "Retail"], "jobFunction": ["Design", "Purchasing"], "jobType": "Full-time", "level": "Mid-Senior level"}, "jobId": "912654779", "location": "Level3,156ClarenceStreetSydney,Sydney,NSW2000,AU", "view": "Posted14hoursago"}{"jobTitle": "Senior Tax Accountant", "company": "ElgasLimited", "Detail": {"industry": ["Oil&amp;Energy"], "jobFunction": ["Accounting"], "jobType": "Full-time", "level": "Internship"}, "jobId": "911468692", "location": "10JuliusAve,NorthRyde,NSW2113,AU", "view": "Posted11hoursago"}{"jobTitle": "Senior Python Developer - $900 per day", "company": "WhiteBaySearch", "Detail": {"industry": ["InformationServices", "InformationTechnologyandServices", "ComputerSoftware"], "jobFunction": ["InformationTechnology"], "jobType": "Contract", "level": "Mid-Senior level"}, "jobId": "911450787", "location": "NorthSydney,NewSouthWales,Australia", "view": "Posted14hoursago"}{"jobTitle": "Full Stack Developer", "company": "PolyglotGroup", "Detail": {"industry": ["InformationTechnologyandServices"], "jobFunction": ["InformationTechnology"], "jobType": "Full-time", "level": ""}, "jobId": "910971724", "location": "Sydney", "view": "20views"}{"jobTitle": "Sales Specialist", "company": "TotalTools", "Detail": {"industry": ["Construction", "ConsumerGoods", "Retail"], "jobFunction": ["Sales", "BusinessDevelopment"], "jobType": "Full-time", "level": "Entry level"}, "jobId": "910687598", "location": "Dandenong,AU", "view": "Posted23hoursago"}{"jobTitle": "E-Commerce  and  Omnichannel Coordinator OSEA", "company": "Bally", "Detail": {"industry": ["Apparel&amp;Fashion", "LuxuryGoods&amp;Jewelry", "Retail"], "jobFunction": ["Marketing", "InformationTechnology"], "jobType": "Full-time", "level": "Associate"}, "jobId": "911669691", "location": "Sydney,NewSouthWales,Australia", "view": "Posted6hoursago"}{"jobTitle": "Customer Service Representative", "company": "InterMedMedicalLimited", "Detail": {"industry": ["Hospital&amp;HealthCare", "MedicalDevices", "ConsumerGoods"], "jobFunction": ["Administrative", "CustomerService"], "jobType": "Full-time", "level": "Associate"}, "jobId": "912689747", "location": "FrenchsForest,NewSouthWales,Australia", "view": "Posted13hoursago"}{"jobTitle": "Librarian", "company": "NorthernBeachesCouncil", "Detail": {"industry": ["GovernmentAdministration"], "jobFunction": ["CustomerService", "Education"], "jobType": "Full-time", "level": "Mid-Senior level"}, "jobId": "911672760", "location": "NorthernBeachesCouncil,NewSouthWales,Australia", "view": "Posted6hoursago"}{"jobTitle": "Concrete Agitator Truck Driver", "company": "AdelaideBrightonLtd", "Detail": {"industry": ["BuildingMaterials"], "jobFunction": ["Management", "Manufacturing"], "jobType": "Full-time", "level": ""}, "jobId": "911629439", "location": "Sydney,AU", "view": "Posted8hoursago"}{"jobTitle": "SAP PM", "company": "ProgressiveRecruitment", "Detail": {"industry": ["ProgramDevelopment"], "jobFunction": ["InformationTechnology"], "jobType": "Full-time", "level": "Mid-Senior level"}, "jobId": "912878159", "location": "BellaVista,Sydney,Australia", "view": "Posted10hoursago"}{"jobTitle": "IT Service Desk Officer", "company": "CampbellArnott's", "Detail": {"industry": ["ConsumerGoods", "Food&amp;Beverages", "Retail"], "jobFunction": ["InformationTechnology"], "jobType": "Full-time", "level": "Entry level"}, "jobId": "912880242", "location": "NorthStrathfield,NewSouthWales,Australia", "view": "Posted10hoursago"}{"jobTitle": "Brand Specialist", "company": "Amazo", "Detail": {"industry": ["ComputerSoftware", "InformationTechnologyandServices", "Internet"], "jobFunction": ["Purchasing", "SupplyChain", "InformationTechnology"], "jobType": "Full-time", "level": ""}, "jobId": "910152180", "location": "Sydney,AU", "view": "Posted49minutesago"}{"jobTitle": "Medical Education Officer", "company": "BendigoHealth", "Detail": {"industry": ["Health,WellnessandFitness", "MedicalPractice", "Hospital&amp;HealthCare"], "jobFunction": ["Education", "Training"], "jobType": "Full-time", "level": "Entry level"}, "jobId": "912801466", "location": "Bendigo,AU", "view": "Posted13hoursago"}{"jobTitle": "Account Manager", "company": "FujiXeroxAustralia", "Detail": {"industry": ["BusinessSuppliesandEquipment", "InformationTechnologyandServices", "Printing"], "jobFunction": ["BusinessDevelopment", "InformationTechnology", "Sales"], "jobType": "Full-time", "level": "Mid-Senior level"}, "jobId": "910724535", "location": "Sydney,Australia", "view": "20views"}{"jobTitle": "Senior Risk Analyst", "company": "BluefinResources", "Detail": {"industry": ["InformationTechnologyandServices", "ComputerSoftware", "FinancialServices"], "jobFunction": ["Finance", "Sales"], "jobType": "Full-time", "level": "Associate"}, "jobId": "912693776", "location": "Melbourne,AU", "view": "Posted14hoursago"}{"jobTitle": "Senior Manager - North Shore + Northern Beaches", "company": "XtendBarre\\\\xae", "Detail": {"industry": ["Health,WellnessandFitness"], "jobFunction": ["Other"], "jobType": "Full-time", "level": "Mid-Senior level"}, "jobId": "911224163", "location": "Sydney,Australia", "view": "59views"}{"jobTitle": "Category Development Manager", "company": "Diageo", "Detail": {"industry": ["ConsumerGoods", "Food&amp;Beverages", "WineandSpirits"], "jobFunction": ["Marketing", "Sales"], "jobType": "Full-time", "level": ""}, "jobId": "911472705", "location": "Sydney,AU", "view": "Posted10hoursago"}{"jobTitle": "Finance Business Partner", "company": "FederalGroup", "Detail": {"industry": ["Hospitality", "FinancialServices", "Leisure,Travel&amp;Tourism"], "jobFunction": ["Management", "Finance", "Accounting"], "jobType": "Full-time", "level": "Mid-Senior level"}, "jobId": "910739871", "location": "Hobart,Tasmania,Australia", "view": "87views"}{"jobTitle": "Senior Leadership Positions - Full Time, 5 Year Contracts", "company": "CatholicEducation,DioceseofWaggaWagga", "Detail": {"industry": ["EducationManagement"], "jobFunction": ["Education", "Management"], "jobType": "Full-time", "level": "Executive"}, "jobId": "912592818", "location": "WaggaWagga,Australia", "view": "Posted16hoursago"}