{"jobTitle": "Disability Day Service Practitioner- Casual and Part Time- Geelong", "company": "genU", "Detail": {"industry": ["NonprofitOrganizationManagement", "Individual&amp;FamilyServices", "Hospital&amp;HealthCare"], "jobFunction": ["Legal"], "jobType": "Part-time", "level": "Entry level"}, "jobId": "911488441", "location": "Geelong,AU", "view": "Posted8hoursago"}{"jobTitle": "Senior People Systems Lead", "company": "LevelCrossingRemovalAuthority", "Detail": {"industry": ["Construction"], "jobFunction": ["HumanResources"], "jobType": "Full-time", "level": "Mid-Senior level"}, "jobId": "912856678", "location": "121ExhibitionStreet,Melbourne,VIC3000,AU", "view": "Posted9hoursago"}{"jobTitle": "Transactional Business Manager - Commercial Banking", "company": "BankofMelbourne", "Detail": {"industry": ["Banking", "FinancialServices", "InvestmentBanking"], "jobFunction": ["Sales", "BusinessDevelopment", "Education"], "jobType": "Full-time", "level": ""}, "jobId": "913046376", "location": "Melbourne,AU", "view": "Posted3hoursago"}{"jobTitle": "Project Director", "company": "ClemengerBBDO", "Detail": {"industry": ["MarketingandAdvertising"], "jobFunction": ["Advertising", "Marketing"], "jobType": "Full-time", "level": "Mid-Senior level"}, "jobId": "910917463", "location": "Melbourne,Australia", "view": "55views"}{"jobTitle": "Application Support Administrator", "company": "TheRoyalAustralianCollegeofGeneralPractitioners(RACGP)", "Detail": {"industry": ["EducationManagement", "NonprofitOrganizationManagement", "MedicalPractice"], "jobFunction": ["InformationTechnology"], "jobType": "Full-time", "level": "Associate"}, "jobId": "912881686", "location": "100WellingtonParade,EastMelbourne,VIC3002,AU", "view": "Posted9hoursago"}{"jobTitle": "Regional Manager - Artisan Aesthetics Group", "company": "VitaGroupLimited", "Detail": {"industry": ["Health,WellnessandFitness", "Cosmetics"], "jobFunction": ["Management"], "jobType": "Full-time", "level": "Mid-Senior level"}, "jobId": "912849883", "location": "Melbourne,Victoria,Australia", "view": "Posted10hoursago"}{"jobTitle": "Insights Analyst", "company": "Sportsbet", "Detail": {"industry": ["Entertainment", "Gambling&amp;Casinos", "Internet"], "jobFunction": ["BusinessDevelopment", "Sales"], "jobType": "Full-time", "level": ""}, "jobId": "911628129", "location": "Melbourne,AU", "view": "Posted7hoursago"}{"jobTitle": "Customer Consultant - Not for Profit Organisation", "company": "MorganConsulting", "Detail": {"industry": ["Telecommunications", "InformationServices"], "jobFunction": ["BusinessDevelopment", "Sales"], "jobType": "Full-time", "level": ""}, "jobId": "913060227", "location": "Melbourne,AU", "view": "Posted2hoursago"}{"jobTitle": "Intern - Process Development (Professional Services)", "company": "JuniperNetworks", "Detail": {"industry": ["Computer&amp;NetworkSecurity", "ComputerNetworking", "Telecommunications"], "jobFunction": ["Management", "Manufacturing"], "jobType": "Full-time", "level": "Internship"}, "jobId": "913057484", "location": "Melbourne,AU", "view": "Posted2hoursago"}{"jobTitle": "Design Engineer", "company": "SouthEastWater", "Detail": {"industry": ["CivilEngineering", "Utilities", "GovernmentAdministration"], "jobFunction": ["Engineering", "InformationTechnology"], "jobType": "Full-time", "level": "Entry level"}, "jobId": "911331376", "location": "Frankston,AU", "view": "36views"}{"jobTitle": "Business Development Manager", "company": "LaminexAustralia", "Detail": {"industry": ["BuildingMaterials", "Architecture&amp;Planning", "Glass,Ceramics&amp;Concrete"], "jobFunction": ["Sales", "BusinessDevelopment"], "jobType": "Full-time", "level": "Mid-Senior level"}, "jobId": "912862065", "location": "Tullamarine,Victoria,Australia", "view": "Posted9hoursago"}{"jobTitle": "Project Manager - Power Transmission", "company": "Downer", "Detail": {"industry": ["Construction", "StaffingandRecruiting", "Oil&amp;Energy"], "jobFunction": ["ProjectManagement", "InformationTechnology"], "jobType": "Full-time", "level": "Entry level"}, "jobId": "912684505", "location": "Melbourne,AU", "view": "Posted12hoursago"}{"jobTitle": "Sales, Events  and  Tourism Manager", "company": "Carlton and UnitedBreweries", "Detail": {"industry": ["MarketingandAdvertising", "Food&amp;Beverages", "ConsumerGoods"], "jobFunction": ["Management", "Manufacturing"], "jobType": "Full-time", "level": "Associate"}, "jobId": "911464512", "location": "Melbourne,AU", "view": "Posted11hoursago"}{"jobTitle": "Premium Media Sales Lead", "company": "Google", "Detail": {"industry": ["InformationServices", "Internet"], "jobFunction": ["Sales", "BusinessDevelopment", "CustomerService"], "jobType": "Full-time", "level": ""}, "jobId": "911654961", "location": "Melbourne,AU", "view": "Posted6hoursago"}{"jobTitle": "Technical Support Engineer", "company": "TwilioInc.", "Detail": {"industry": ["InformationTechnologyandServices", "Internet", "Telecommunications"], "jobFunction": ["InformationTechnology"], "jobType": "Full-time", "level": ""}, "jobId": "911234074", "location": "Melbourne,AU", "view": "110views"}{"jobTitle": "System Operations Planner Operator \\\\u2013 Metro Region", "company": "CitiPowerandPowercor", "Detail": {"industry": ["Utilities", "Oil&amp;Energy"], "jobFunction": ["Other", "Engineering"], "jobType": "Full-time", "level": "Associate"}, "jobId": "911227286", "location": "Ardeer,Victoria,Australia", "view": "27views"}{"jobTitle": "Territory Manager - MedSurg - VIC", "company": "Stryker", "Detail": {"industry": ["Electrical/ElectronicManufacturing", "MechanicalorIndustrialEngineering", "MedicalDevices"], "jobFunction": ["Sales", "BusinessDevelopment"], "jobType": "Full-time", "level": ""}, "jobId": "911634206", "location": "MountWaverley,AU", "view": "Posted7hoursago"}{"jobTitle": "Digital Analytics Manager", "company": "iProspect", "Detail": {"industry": ["MarketingandAdvertising"], "jobFunction": ["Advertising"], "jobType": "Full-time", "level": "Associate"}, "jobId": "912803644", "location": "Melbourne,Victoria,Australia", "view": "Posted12hoursago"}{"jobTitle": "Senior ITS Engineer / ITS Specialist", "company": "Transurba", "Detail": {"industry": ["Transportation/Trucking/Railroad"], "jobFunction": ["InformationTechnology"], "jobType": "Other", "level": ""}, "jobId": "911326721", "location": "Melbourne,AU", "view": "16views"}{"jobTitle": "Sales and Marketing Administrator", "company": "Munchki", "Detail": {"industry": ["ConsumerGoods"], "jobFunction": ["Administrative", "Sales", "Marketing"], "jobType": "Full-time", "level": "Director"}, "jobId": "912802015", "location": "Melbourne,Victoria,Australia", "view": "Posted12hoursago"}{"jobTitle": "Iteration Manager", "company": "SuncorpGroup", "Detail": {"industry": ["FinancialServices", "Insurance"], "jobFunction": ["Other"], "jobType": "Full-time", "level": ""}, "jobId": "911268891", "location": "Melbourne,AU", "view": "133views"}{"jobTitle": "Senior .Net Developer", "company": "InterproPeople", "Detail": {"industry": ["ComputerSoftware", "FinancialServices", "InformationTechnologyandServices"], "jobFunction": ["Engineering", "InformationTechnology"], "jobType": "Full-time", "level": ""}, "jobId": "911629381", "location": "Melbourne,AU", "view": "Posted7hoursago"}{"jobTitle": "Lead Data Warehouse Developer", "company": "iSelect", "Detail": {"industry": ["InformationTechnologyandServices"], "jobFunction": ["InformationTechnology"], "jobType": "Full-time", "level": "Associate"}, "jobId": "911236341", "location": "Cheltenham,Melbourne,Australia", "view": "17views"}{"jobTitle": "Support Account Manager", "company": "McAfee", "Detail": {"industry": ["InformationTechnologyandServices", "ComputerSoftware", "Computer&amp;NetworkSecurity"], "jobFunction": ["Sales", "BusinessDevelopment"], "jobType": "Full-time", "level": "Mid-Senior level"}, "jobId": "910129667", "location": "Melbourne,AU", "view": "Posted56minutesago"}{"jobTitle": "Chief Financial Officer (12 month contract)", "company": "DerwentExecutive", "Detail": {"industry": ["InformationTechnologyandServices"], "jobFunction": ["Finance"], "jobType": "Full-time", "level": "Executive"}, "jobId": "911628774", "location": "Victoria,Australia", "view": "Posted7hoursago"}