{"jobTitle": "Multi Vehicle Driver", "company": "VeoliaAustraliaandNewZealand", "Detail": {"industry": ["Renewables&amp;Environment"], "jobFunction": ["Management", "Manufacturing"], "jobType": "Full-time", "level": "Entry level"}, "jobId": "911479914", "location": "Melbourne,AU", "view": "Posted8hoursago"}{"jobTitle": "Stock Room Specialist, adidas Uni Hill Factory Outlet Store", "company": "adidas", "Detail": {"industry": ["ConsumerGoods", "Retail", "SportingGoods"], "jobFunction": ["Sales", "CustomerService"], "jobType": "Full-time", "level": ""}, "jobId": "911631273", "location": "Melbourne,AU", "view": "Posted7hoursago"}{"jobTitle": "Process Improvement Analyst | RPA", "company": "RevealGroup", "Detail": {"industry": ["ManagementConsulting", "InformationTechnologyandServices", "ComputerSoftware"], "jobFunction": ["Analyst", "InformationTechnology", "Consulting"], "jobType": "Full-time", "level": "Mid-Senior level"}, "jobId": "910964385", "location": "Sydney,NewSouthWales,Australia", "view": "92views"}{"jobTitle": "Student Tourism Officer opportunities", "company": "CityofMelbourne", "Detail": {"industry": ["NonprofitOrganizationManagement", "StaffingandRecruiting", "GovernmentAdministration"], "jobFunction": ["Other"], "jobType": "Internship", "level": "Entry level"}, "jobId": "910105680", "location": "Melbourne,AU", "view": "Posted2hoursago"}{"jobTitle": "Teaching and Learning Specialist", "company": "BoxHillInstitute", "Detail": {"industry": ["EducationManagement"], "jobFunction": ["Education", "Training"], "jobType": "Full-time", "level": ""}, "jobId": "912863653", "location": "Melbourne,AU", "view": "Posted9hoursago"}{"jobTitle": "Graduate Engineer", "company": "BeveridgeWilliams", "Detail": {"industry": ["CivilEngineering"], "jobFunction": ["Engineering"], "jobType": "Full-time", "level": "Mid-Senior level"}, "jobId": "911606646", "location": "1GlenferrieRd,Malvern,VIC3144,AU", "view": "Posted7hoursago"}{"jobTitle": "Support Coordinator - Employment Pathways - Wyndham", "company": "MatchWorks", "Detail": {"industry": ["NonprofitOrganizationManagement", "StaffingandRecruiting", "Insurance"], "jobFunction": ["InformationTechnology"], "jobType": "Full-time", "level": "Entry level"}, "jobId": "911490006", "location": "Melbourne,AU", "view": "Posted8hoursago"}{"jobTitle": "Maternal Child Health Nurse (Casual)", "company": "CityofWhittlesea", "Detail": {"industry": ["NonprofitOrganizationManagement", "GovernmentAdministration", "Hospitality"], "jobFunction": ["HealthCareProvider"], "jobType": "Full-time", "level": "Entry level"}, "jobId": "913054603", "location": "Melbourne,AU", "view": "Posted2hoursago"}{"jobTitle": "Data  and  Process Analyst (SAP)", "company": "OLYMPUSAUSTRALIAandNEWZEALAND", "Detail": {"industry": ["MedicalDevices"], "jobFunction": ["Analyst", "InformationTechnology", "Strategy"], "jobType": "Full-time", "level": "Associate"}, "jobId": "911495019", "location": "NottingHill,Melbourne,Australia", "view": "Posted7hoursago"}{"jobTitle": "Senior Finance Officer", "company": "AustralianInstituteofFamilyStudies", "Detail": {"industry": ["GovernmentAdministration"], "jobFunction": ["Administrative", "Accounting"], "jobType": "Full-time", "level": "Associate"}, "jobId": "912605978", "location": "Melbourne,Victoria,Australia", "view": "Posted9hoursago"}{"jobTitle": "Receptionist  and  Office Administrator", "company": "IndependenceAustralia", "Detail": {"industry": ["Hospital&amp;HealthCare"], "jobFunction": ["Administrative"], "jobType": "Full-time", "level": "Associate"}, "jobId": "910948080", "location": "Building19AshleyStreet,WestFootscray,VIC3012,AU", "view": "117views"}{"jobTitle": "Senior UX/UI Designer", "company": "CreativeRecruiters", "Detail": {"industry": ["OnlineMedia", "Design", "GraphicDesign"], "jobFunction": ["Design", "Advertising", "Marketing"], "jobType": "Temporary", "level": "Mid-Senior level"}, "jobId": "911600045", "location": "Melbourne,Australia", "view": "Posted7hoursago"}{"jobTitle": "Building Supervisor", "company": "Burbank", "Detail": {"industry": ["Construction"], "jobFunction": ["ProjectManagement"], "jobType": "Full-time", "level": "Mid-Senior level"}, "jobId": "910977161", "location": "Melbourne,Victoria,Australia", "view": "109views"}{"jobTitle": "Audit Senior / Assistant Manager ", "company": "RSMAustralia", "Detail": {"industry": ["Accounting"], "jobFunction": ["Accounting", "Finance"], "jobType": "Full-time", "level": ""}, "jobId": "912842238", "location": "Melbourne,AU", "view": "Posted10hoursago"}{"jobTitle": "Marketing Coordinator", "company": "RenaultAustralia", "Detail": {"industry": ["Automotive"], "jobFunction": ["Marketing", "Advertising"], "jobType": "Full-time", "level": "Mid-Senior level"}, "jobId": "911278581", "location": "Melbourne,Australia", "view": "140views"}{"jobTitle": "Project Manager - Clinical Quality Registry", "company": "MovemberFoundatio", "Detail": {"industry": ["NonprofitOrganizationManagement"], "jobFunction": ["ProjectManagement"], "jobType": "Contract", "level": "Mid-Senior level"}, "jobId": "912854053", "location": "Level4,21-31GoodwoodStreet,Richmond,VIC3121,AU", "view": "Posted9hoursago"}{"jobTitle": "Parts Apprentice", "company": "BerwickMotorGroup", "Detail": {"industry": ["Automotive"], "jobFunction": ["CustomerService", "SupplyChain", "ProductManagement"], "jobType": "Full-time", "level": "Mid-Senior level"}, "jobId": "911641973", "location": "46LonsdaleStreet,Dandenong,VIC3175,AU", "view": "Posted6hoursago"}{"jobTitle": "Capability Consultant ( Parental Leave -12 months)", "company": "HESTA", "Detail": {"industry": ["FinancialServices"], "jobFunction": ["HumanResources", "Training"], "jobType": "Temporary", "level": "Mid-Senior level"}, "jobId": "912801017", "location": ",Melbourne,VIC3000,AU", "view": "Posted12hoursago"}{"jobTitle": "International Sales Manager", "company": "TrakRecruiting", "Detail": {"industry": ["Apparel&amp;Fashion", "Retail", "LuxuryGoods&amp;Jewelry"], "jobFunction": ["Sales", "BusinessDevelopment"], "jobType": "Full-time", "level": "Mid-Senior level"}, "jobId": "911240891", "location": "Melbourne,Australia", "view": "47views"}{"jobTitle": "Brand Manager", "company": "BoundaryBendLimited", "Detail": {"industry": ["ConsumerGoods", "Pharmaceuticals", "Health,WellnessandFitness"], "jobFunction": ["Marketing", "Strategy"], "jobType": "Full-time", "level": "Mid-Senior level"}, "jobId": "912651275", "location": "Melbourne,Australia", "view": "Posted13hoursago"}{"jobTitle": "Business Insights, Risk  and  Governance Manager", "company": "FedSquarePtyLtd", "Detail": {"industry": ["Entertainment", "Leisure,Travel&amp;Tourism"], "jobFunction": ["Analyst", "Strategy", "BusinessDevelopment"], "jobType": "Full-time", "level": "Mid-Senior level"}, "jobId": "910989109", "location": "Melbourne,Australia", "view": "32views"}{"jobTitle": "Supervising Producer, Chinese Service", "company": "AustralianBroadcastingCorporation(ABC)", "Detail": {"industry": ["BroadcastMedia"], "jobFunction": ["Writing"], "jobType": "Full-time", "level": ""}, "jobId": "911669848", "location": "Melbourne,AU", "view": "Posted5hoursago"}{"jobTitle": "Senior Datawarehouse Developer", "company": "Peoplebank", "Detail": {"industry": ["InformationTechnologyandServices", "Defense&amp;Space", "StaffingandRecruiting"], "jobFunction": ["Engineering", "InformationTechnology"], "jobType": "Full-time", "level": "Associate"}, "jobId": "911228605", "location": "Melbourne,AU", "view": "53views"}{"jobTitle": "Team Leader - Temporary  and  Contract", "company": "TollPeople", "Detail": {"industry": ["LogisticsandSupplyChain"], "jobFunction": ["HumanResources"], "jobType": "Full-time", "level": "Mid-Senior level"}, "jobId": "911646883", "location": "InnerSuburbsMelbourne,Australia", "view": "Posted6hoursago"}{"jobTitle": "Senior Systems Analyst (LAN and Messaging)", "company": "APAGroup", "Detail": {"industry": ["Oil&amp;Energy"], "jobFunction": ["Engineering", "InformationTechnology"], "jobType": "Contract", "level": ""}, "jobId": "911626622", "location": "Southbank,AU", "view": "Posted7hoursago"}