{"jobTitle": "Financial Controller", "company": "OceansGroupSearch and Selectio", "Detail": {"industry": ["EducationManagement"], "jobFunction": ["Accounting"], "jobType": "Full-time", "level": "Director"}, "jobId": "911495878", "location": "Pyrmont,Sydney,Australia", "view": "Posted8hoursago"}{"jobTitle": "NSW State Trainer- La Roche Posay", "company": "L'Or\\\\xe9al", "Detail": {"industry": ["Cosmetics"], "jobFunction": ["Other"], "jobType": "Full-time", "level": ""}, "jobId": "911462103", "location": "SydneyCentralBusinessDistrict,AU", "view": "Posted13hoursago"}{"jobTitle": "Contract Manager, Meter Replacement and Meter Reading", "company": "ServiceStream", "Detail": {"industry": ["Telecommunications"], "jobFunction": ["Management", "Manufacturing"], "jobType": "Full-time", "level": ""}, "jobId": "911273400", "location": "Mayfield,AU", "view": "4views"}{"jobTitle": "Senior Test Automation Engineer", "company": "MCSConsulting", "Detail": {"industry": ["Internet", "InformationTechnologyandServices", "ComputerSoftware"], "jobFunction": ["Engineering", "QualityAssurance", "InformationTechnology"], "jobType": "Full-time", "level": "Mid-Senior level"}, "jobId": "910798097", "location": "Sydney,Australia", "view": "28views"}{"jobTitle": "Retail Assistant", "company": "ALDIStoresAustralia", "Detail": {"industry": ["StaffingandRecruiting", "ConsumerGoods", "Retail"], "jobFunction": ["Sales", "BusinessDevelopment"], "jobType": "Contract", "level": "Entry level"}, "jobId": "911652054", "location": "Carnegie,AU", "view": "Posted7hoursago"}{"jobTitle": "Accounts Clerk", "company": "IADesig", "Detail": {"industry": ["Accounting", "Design", "Architecture&amp;Planning"], "jobFunction": ["Finance"], "jobType": "Full-time", "level": "Associate"}, "jobId": "911255154", "location": "Sydney,Australia", "view": "12views"}{"jobTitle": "Network Engineer", "company": "SpecialBroadcastingService(SBS)Australia", "Detail": {"industry": ["BroadcastMedia", "InformationTechnologyandServices", "ComputerNetworking"], "jobFunction": ["Engineering", "InformationTechnology"], "jobType": "Full-time", "level": "Mid-Senior level"}, "jobId": "912847575", "location": "14HerbertStreetArtarmon,Sydney,NSW2064,AU", "view": "Posted11hoursago"}{"jobTitle": "Graphic Web Designer", "company": "RFITechnologySolutions", "Detail": {"industry": ["Electrical/ElectronicManufacturing", "Renewables&amp;Environment", "Wireless"], "jobFunction": ["Design", "Art"], "jobType": "Full-time", "level": "Entry level"}, "jobId": "911243716", "location": "Sydney,NewSouthWales,Australia", "view": "43views"}{"jobTitle": "Brand Manager", "company": "Roche", "Detail": {"industry": ["MarketingandAdvertising", "Pharmaceuticals"], "jobFunction": ["Marketing", "Science"], "jobType": "Full-time", "level": ""}, "jobId": "911638729", "location": "Sydney", "view": "Posted7hoursago"}{"jobTitle": "BIG Merchandiser - Clyde North", "company": "BrandInfluenceGroup(BIG)", "Detail": {"industry": ["Food&amp;Beverages", "ConsumerGoods", "Retail"], "jobFunction": ["Marketing", "Sales"], "jobType": "Full-time", "level": "Entry level"}, "jobId": "911648607", "location": "ClydeNorth,AU", "view": "Posted7hoursago"}{"jobTitle": "Senior Youth Residential Support Worker \\\\u2013 Two positions available", "company": "cohealth", "Detail": {"industry": ["NonprofitOrganizationManagement", "Retail", "Health,WellnessandFitness"], "jobFunction": ["Other"], "jobType": "Full-time", "level": "Entry level"}, "jobId": "911647948", "location": "Melbourne,AU", "view": "Posted7hoursago"}{"jobTitle": "Financial Accountant", "company": "TheAdeccoGroup", "Detail": {"industry": ["Banking"], "jobFunction": ["Accounting", "Finance"], "jobType": "Contract", "level": "Mid-Senior level"}, "jobId": "912660579", "location": "Sydney,Australia", "view": "Posted14hoursago"}{"jobTitle": "Corporate Solutions Manager (Full-time or part-time opportunity)", "company": "AMP", "Detail": {"industry": ["FinancialServices", "InvestmentManagement"], "jobFunction": ["Finance", "Sales"], "jobType": "Full-time", "level": "Mid-Senior level"}, "jobId": "912665031", "location": "Sydney", "view": "Posted13hoursago"}{"jobTitle": "Store Manager - Yass", "company": "CaltexAustralia", "Detail": {"industry": ["Retail"], "jobFunction": ["Sales"], "jobType": "Full-time", "level": ""}, "jobId": "911228161", "location": "Yass,Australia", "view": "8views"}{"jobTitle": "Project Manager Property", "company": "SydneyWater", "Detail": {"industry": ["Utilities"], "jobFunction": ["SupplyChain", "Management", "Finance"], "jobType": "Full-time", "level": "Mid-Senior level"}, "jobId": "912810774", "location": "1SmithStreet,Parramatta,NSW2150,AU", "view": "Posted12hoursago"}{"jobTitle": "Customer Care Advisor - Home Appliances", "company": "DFPRecruitment", "Detail": {"industry": ["StaffingandRecruiting", "FinancialServices", "Hospital&amp;HealthCare"], "jobFunction": ["CustomerService", "InformationTechnology"], "jobType": "Full-time", "level": "Associate"}, "jobId": "911602394", "location": "Melbourne,AU", "view": "Posted8hoursago"}{"jobTitle": "Level 3 Software Support Engineer-2", "company": "NCRCorporatio", "Detail": {"industry": ["ComputerSoftware", "InformationTechnologyandServices"], "jobFunction": ["Analyst", "InformationTechnology"], "jobType": "Full-time", "level": "Mid-Senior level"}, "jobId": "911673703", "location": "Chatswood", "view": "Posted6hoursago"}{"jobTitle": "Administration Assistant - Partner Brands", "company": "Kogan.com", "Detail": {"industry": ["MarketingandAdvertising", "Internet", "Retail"], "jobFunction": ["Administrative"], "jobType": "Full-time", "level": "Entry level"}, "jobId": "911940649", "location": "Melbourne,AU", "view": "17views"}{"jobTitle": "Water Cart Driver", "company": "SuperiorPeopleRecruitment", "Detail": {"industry": ["LegalServices", "TranslationandLocalization", "ArtsandCrafts"], "jobFunction": ["Management", "Manufacturing"], "jobType": "Full-time", "level": "Entry level"}, "jobId": "909911121", "location": "Broadmeadows,AU", "view": "2views"}{"jobTitle": "Renal Nurse Educator", "company": "WesternHealth", "Detail": {"industry": ["Health,WellnessandFitness", "MedicalPractice", "Hospital&amp;HealthCare"], "jobFunction": ["HealthCareProvider"], "jobType": "Full-time", "level": "Associate"}, "jobId": "911335675", "location": "", "view": ""}{"jobTitle": "Senior Technical Business Analyst - Fixed-Term", "company": "JetstarAirways", "Detail": {"industry": ["FinancialServices", "Airlines/Aviation", "Leisure,Travel&amp;Tourism"], "jobFunction": ["BusinessDevelopment", "Sales"], "jobType": "Full-time", "level": "Associate"}, "jobId": "911340275", "location": "Melbourne,AU", "view": "59views"}{"jobTitle": "Senior IT Change Manager - Fixed Term / Kogarah", "company": "WestpacGroup", "Detail": {"industry": ["Banking", "FinancialServices", "InvestmentBanking"], "jobFunction": ["Analyst", "InformationTechnology"], "jobType": "Full-time", "level": ""}, "jobId": "913047205", "location": "Kogarah,AU", "view": "Posted4hoursago"}{"jobTitle": "Front Office Receptionist", "company": "RoyalAutomobileClubofTasmania(RACT)", "Detail": {"industry": ["Leisure,Travel&amp;Tourism", "Hospitality"], "jobFunction": ["Administrative", "CustomerService"], "jobType": "Temporary", "level": "Entry level"}, "jobId": "912641692", "location": "CradleMountain,Tasmania,Australia", "view": "Posted14hoursago"}{"jobTitle": "Senior Osteopath", "company": "MovehappyHealthcare", "Detail": {"industry": ["Health,WellnessandFitness"], "jobFunction": ["HealthCareProvider"], "jobType": "Full-time", "level": "Mid-Senior level"}, "jobId": "910976792", "location": "Wanniassa,AustralianCapitalTerritory,Australia", "view": "3views"}{"jobTitle": "Partners in Recovery Support Facilitator", "company": "AnglicareVictoria", "Detail": {"industry": ["NonprofitOrganizationManagement"], "jobFunction": ["Other"], "jobType": "Full-time", "level": "Mid-Senior level"}, "jobId": "912306501", "location": "SwanHill", "view": "Posted23hoursago"}