{"jobTitle": "Forensic Clinical Specialist", "company": "BarwonHealth", "Detail": {"industry": ["NonprofitOrganizationManagement", "Health,WellnessandFitness", "Hospital&amp;HealthCare"], "jobFunction": ["HealthCareProvider"], "jobType": "Part-time", "level": "Entry level"}, "jobId": "912314914", "location": "Geelong,AU", "view": "Posted21hoursago"}{"jobTitle": "Accounts Payable Officer", "company": "Design and BuildRecruitment", "Detail": {"industry": ["Construction", "StaffingandRecruiting", "RealEstate"], "jobFunction": ["Accounting", "Finance"], "jobType": "Full-time", "level": ""}, "jobId": "911963699", "location": "Melbourne,AU", "view": "29views"}{"jobTitle": "Beauty and Wellness Therapist", "company": "GlenEiraCityCouncil", "Detail": {"industry": ["NonprofitOrganizationManagement", "GovernmentAdministration", "Health,WellnessandFitness"], "jobFunction": ["Design", "Art", "InformationTechnology"], "jobType": "Full-time", "level": "Entry level"}, "jobId": "910396850", "location": "GlenEira,AU", "view": "5views"}{"jobTitle": "12 Month FTC Financial Lines Underwriter", "company": "FuseRecruitment", "Detail": {"industry": ["Insurance"], "jobFunction": ["Finance"], "jobType": "Full-time", "level": ""}, "jobId": "912591733", "location": "Docklands,Melbourne,Australia", "view": "Posted15hoursago"}{"jobTitle": "Document Controller", "company": "", "Detail": {"industry": ["Construction", "StaffingandRecruiting", "Retail"], "jobFunction": ["Administrative"], "jobType": "Temporary", "level": "Director"}, "jobId": "909789066", "location": "Melbourne,AU", "view": "25views"}{"jobTitle": "BI  and  Data Integration Technology Analyst - Melbourne (12 month fixed term)", "company": "Gallagher", "Detail": {"industry": ["Insurance"], "jobFunction": ["InformationTechnology"], "jobType": "Full-time", "level": ""}, "jobId": "909948224", "location": "EastMelbourne,AU", "view": "37views"}{"jobTitle": "Accounts Payable Officer", "company": "people2people", "Detail": {"industry": ["Accounting"], "jobFunction": ["Accounting"], "jobType": "Temporary", "level": ""}, "jobId": "910712080", "location": "Melbourne", "view": "10views"}{"jobTitle": "Loan Processor / Personal Assistant", "company": "", "Detail": {"industry": ["FinancialServices", "Banking"], "jobFunction": ["Finance", "Administrative"], "jobType": "Part-time", "level": "Mid-Senior level"}, "jobId": "911499411", "location": "Melbourne,Victoria,Australia", "view": "Posted8hoursago"}{"jobTitle": "Mobile Return to Work Specialist - Worker's Compensation VIC", "company": "GallagherBassett", "Detail": {"industry": ["Insurance"], "jobFunction": ["HumanResources"], "jobType": "Full-time", "level": ""}, "jobId": "909946408", "location": "Melbourne,AU", "view": "14views"}{"jobTitle": "Security Engineer", "company": "TyroPayments", "Detail": {"industry": ["InformationTechnologyandServices", "ComputerSoftware", "FinancialServices"], "jobFunction": ["InformationTechnology"], "jobType": "Full-time", "level": "Mid-Senior level"}, "jobId": "910145467", "location": "Sydney,AU", "view": "Posted32minutesago"}{"jobTitle": "Principal Planning Officer", "company": "DepartmentofPlanningandEnvironment", "Detail": {"industry": ["NonprofitOrganizationManagement", "GovernmentAdministration", "FinancialServices"], "jobFunction": ["ProjectManagement", "BusinessDevelopment", "Strategy"], "jobType": "Full-time", "level": "Entry level"}, "jobId": "911674250", "location": "SydneyCentralBusinessDistrict,AU", "view": "Posted5hoursago"}{"jobTitle": "Senior Communications and Media Advisor", "company": "FilmVictoria", "Detail": {"industry": ["NonprofitOrganizationManagement", "GovernmentAdministration", "Entertainment"], "jobFunction": ["Marketing", "PublicRelations", "Writing"], "jobType": "Full-time", "level": "Associate"}, "jobId": "911488337", "location": "Melbourne,AU", "view": "Posted8hoursago"}{"jobTitle": "Senior Customer Service - Case Management", "company": "BridgeConsultingS.r.l.", "Detail": {"industry": ["StaffingandRecruiting", "HumanResources", "ManagementConsulting"], "jobFunction": ["CustomerService", "InformationTechnology"], "jobType": "Full-time", "level": "Mid-Senior level"}, "jobId": "911648480", "location": "Melbourne,AU", "view": "Posted6hoursago"}{"jobTitle": "Analyst", "company": "VictoriaPolice", "Detail": {"industry": ["NonprofitOrganizationManagement", "GovernmentAdministration", "FinancialServices"], "jobFunction": ["BusinessDevelopment", "Sales"], "jobType": "Full-time", "level": "Entry level"}, "jobId": "911488302", "location": "Melbourne,AU", "view": "Posted8hoursago"}{"jobTitle": "Manager Organisational Development", "company": "NSWDepartmentofIndustry", "Detail": {"industry": ["HumanResources"], "jobFunction": ["HumanResources"], "jobType": "Full-time", "level": "Mid-Senior level"}, "jobId": "911625175", "location": "Parramatta", "view": "Posted7hoursago"}{"jobTitle": "Corporate Sales Adviser", "company": "KaplanProfessional(Australia)", "Detail": {"industry": ["ProfessionalTraining&amp;Coaching"], "jobFunction": ["Education", "Sales"], "jobType": "Full-time", "level": "Mid-Senior level"}, "jobId": "911603910", "location": "Level4,45ClarenceStreet,Sydney,NSW2000,AU", "view": "Posted8hoursago"}{"jobTitle": "Graduate Analyst", "company": "DepartmentofPremierandCabinet(NSW)", "Detail": {"industry": ["GovernmentAdministration"], "jobFunction": ["Analyst", "Other"], "jobType": "Full-time", "level": "Mid-Senior level"}, "jobId": "911488478", "location": "CentralWest", "view": "Posted8hoursago"}{"jobTitle": "Combat Systems Engineer", "company": "Kinexus", "Detail": {"industry": ["InformationTechnologyandServices", "Defense&amp;Space", "StaffingandRecruiting"], "jobFunction": ["InformationTechnology"], "jobType": "Full-time", "level": "Entry level"}, "jobId": "911645994", "location": "Melbourne,AU", "view": "Posted6hoursago"}{"jobTitle": "Production Lead", "company": "EndeavourFoundatio", "Detail": {"industry": ["NonprofitOrganizationManagement", "FinancialServices", "Hospital&amp;HealthCare"], "jobFunction": ["Management", "Manufacturing"], "jobType": "Full-time", "level": "Associate"}, "jobId": "911474961", "location": "Sydney,AU", "view": "Posted9hoursago"}{"jobTitle": "Portfolio Performance Analyst", "company": "QueenslandHealth", "Detail": {"industry": ["Hospital&amp;HealthCare", "InformationTechnologyandServices"], "jobFunction": ["HealthCareProvider", "Analyst", "InformationTechnology"], "jobType": "Full-time", "level": "Associate"}, "jobId": "911237094", "location": "33CharlotteStreet,Brisbane,QLD4000,AU", "view": "102views"}{"jobTitle": "Customer Service Consultant - Scheduling  and  Rostering", "company": "LizardCentre", "Detail": {"industry": ["NonprofitOrganizationManagement", "Individual&amp;FamilyServices", "Hospital&amp;HealthCare"], "jobFunction": ["CustomerService", "InformationTechnology"], "jobType": "Full-time", "level": "Associate"}, "jobId": "910667545", "location": "Melbourne,AU", "view": "Posted23hoursago"}{"jobTitle": "Customer Service Advisor", "company": "GMHBALimited", "Detail": {"industry": ["NonprofitOrganizationManagement", "Health,WellnessandFitness", "Hospital&amp;HealthCare"], "jobFunction": ["CustomerService", "InformationTechnology"], "jobType": "Full-time", "level": "Associate"}, "jobId": "910678508", "location": "Geelong,AU", "view": "Posted23hoursago"}{"jobTitle": "Program Director", "company": "PageExecutive", "Detail": {"industry": ["StaffingandRecruiting", "Banking", "FinancialServices"], "jobFunction": ["BusinessDevelopment", "Sales"], "jobType": "Full-time", "level": "Director"}, "jobId": "911204449", "location": "Melbourne,AU", "view": "108views"}{"jobTitle": "Seeing Eye Dog Carer Coordinator", "company": "VISIONConsultingLtd", "Detail": {"industry": ["NonprofitOrganizationManagement", "GovernmentAdministration", "Hospital&amp;HealthCare"], "jobFunction": ["Other"], "jobType": "Full-time", "level": "Associate"}, "jobId": "911650985", "location": "Kensington,AU", "view": "Posted6hoursago"}{"jobTitle": "CONTRACT: Lead Basis Architect (3-6 months)", "company": "MorganCampbell-TheSAPSpecialistRecruiters", "Detail": {"industry": ["ManagementConsulting"], "jobFunction": ["Design", "Art", "InformationTechnology"], "jobType": "Contract", "level": "Entry level"}, "jobId": "911651228", "location": "Melbourne,AU", "view": "Posted6hoursago"}