{"jobTitle": "Digital Specialist", "company": "IKEAAustralia", "Detail": {"industry": ["Retail"], "jobFunction": ["Other"], "jobType": "Full-time", "level": "Associate"}, "jobId": "912584971", "location": "Sydney,Australia", "view": "Posted7hoursago"}{"jobTitle": "Media  and  Communications Adviser", "company": "NPSMedicineWise", "Detail": {"industry": ["Hospital&amp;HealthCare", "Health,WellnessandFitness", "NonprofitOrganizationManagement"], "jobFunction": ["PublicRelations", "Other"], "jobType": "Contract", "level": ""}, "jobId": "912802513", "location": "Sydney,Australia", "view": "Posted12hoursago"}{"jobTitle": "DevOps Release Lead", "company": "MichaelPage", "Detail": {"industry": ["InformationTechnologyandServices", "StaffingandRecruiting", "FinancialServices"], "jobFunction": ["Engineering", "InformationTechnology"], "jobType": "Contract", "level": "Entry level"}, "jobId": "912895827", "location": "Melbourne,AU", "view": "Posted8hoursago"}{"jobTitle": "Strategic Communications and Engagement Manager", "company": "AustralianCommunicationsandMediaAuthority(ACMA)", "Detail": {"industry": ["NonprofitOrganizationManagement", "GovernmentRelations", "GovernmentAdministration"], "jobFunction": ["Marketing", "PublicRelations", "Writing"], "jobType": "Full-time", "level": "Associate"}, "jobId": "910802634", "location": "Melbourne,AU", "view": "Posted22hoursago"}{"jobTitle": "Nanny Job: South Melbourne, Melbourne VIC 3205", "company": "BabysittersNow", "Detail": {"industry": ["NonprofitOrganizationManagement", "StaffingandRecruiting", "Health,WellnessandFitness"], "jobFunction": ["Other"], "jobType": "Full-time", "level": "Entry level"}, "jobId": "910800021", "location": "SouthMelbourne,AU", "view": "Posted23hoursago"}{"jobTitle": "Product Coordinator - Jay Jays", "company": "JordanUniversityofScienceandTechnology", "Detail": {"industry": ["MarketingandAdvertising", "Apparel&amp;Fashion", "Retail"], "jobFunction": ["ProductManagement", "Marketing"], "jobType": "Full-time", "level": "Entry level"}, "jobId": "911336993", "location": "Melbourne,AU", "view": "5views"}{"jobTitle": "Residential Manager / Facility Manager", "company": "BaptistCareNSW and ACT", "Detail": {"industry": ["Hospital&amp;HealthCare"], "jobFunction": ["Management", "HealthCareProvider", "Other"], "jobType": "Full-time", "level": "Mid-Senior level"}, "jobId": "910952955", "location": "Canberra,Australia", "view": "17views"}{"jobTitle": "Operations Director", "company": "ASSAABLOYGroup", "Detail": {"industry": ["Hospitality", "IndustrialAutomation", "SecurityandInvestigations"], "jobFunction": ["Distribution", "Manufacturing", "ProductManagement"], "jobType": "Full-time", "level": "Mid-Senior level"}, "jobId": "911478881", "location": "Lisburn,AU", "view": "Posted9hoursago"}{"jobTitle": "Electrical Electronic Engineer", "company": "TecsideGroup", "Detail": {"industry": ["Defense&amp;Space", "Design", "Automotive"], "jobFunction": ["Engineering", "Design"], "jobType": "Contract", "level": "Associate"}, "jobId": "910912186", "location": "Bendigo,Victoria,Australia", "view": "34views"}{"jobTitle": "Structural Draftsperson", "company": "NorthropConsultingEngineers", "Detail": {"industry": ["CivilEngineering"], "jobFunction": ["Design", "Art", "InformationTechnology"], "jobType": "Full-time", "level": ""}, "jobId": "911627313", "location": "Newcastle,AU", "view": "Posted7hoursago"}{"jobTitle": "Office Services Assistant", "company": "MacphersonKelley", "Detail": {"industry": ["LawPractice"], "jobFunction": ["Administrative"], "jobType": "Other", "level": ""}, "jobId": "910980087", "location": "Melbourne,AU", "view": "10views"}{"jobTitle": "Senior Software Developer - .Net C#", "company": "Paxus-Technology+DigitalTalent", "Detail": {"industry": ["InformationTechnologyandServices", "ComputerSoftware", "FinancialServices"], "jobFunction": ["Engineering", "InformationTechnology"], "jobType": "Full-time", "level": "Associate"}, "jobId": "910707675", "location": "Melbourne,AU", "view": "11views"}{"jobTitle": "Junior Account Manager", "company": "Toshiba", "Detail": {"industry": ["InformationTechnologyandServices", "ComputerSoftware", "BusinessSuppliesandEquipment"], "jobFunction": ["Marketing", "Sales"], "jobType": "Full-time", "level": "Mid-Senior level"}, "jobId": "913061054", "location": "MacquariePark,NewSouthWales,Australia", "view": "Posted2hoursago"}{"jobTitle": "Customer Insights Consultant", "company": "Coca-ColaAmatil", "Detail": {"industry": ["ConsumerGoods", "Food&amp;Beverages", "Retail"], "jobFunction": ["Analyst", "Consulting", "Research"], "jobType": "Full-time", "level": "Mid-Senior level"}, "jobId": "911602220", "location": "Sydney", "view": "Posted8hoursago"}{"jobTitle": "State Directors (Volunteer)", "company": "AustralianSocialWorkActionNetwork(ASWAN)", "Detail": {"industry": ["Civic&amp;SocialOrganization"], "jobFunction": ["Administrative", "Strategy", "BusinessDevelopment"], "jobType": "Volunteer", "level": "Entry level"}, "jobId": "913065442", "location": "Sydney,Australia", "view": "Posted2hoursago"}{"jobTitle": "Marketing Coordinator", "company": "RateSetter", "Detail": {"industry": ["FinancialServices", "MarketingandAdvertising", "InformationTechnologyandServices"], "jobFunction": ["Marketing"], "jobType": "Full-time", "level": "Associate"}, "jobId": "912865885", "location": "Sydney,Australia", "view": "Posted9hoursago"}{"jobTitle": "Healthcare Resolution Specialist", "company": "BOCSouthPacific", "Detail": {"industry": ["ConsumerServices"], "jobFunction": ["CustomerService"], "jobType": "Full-time", "level": "Entry level"}, "jobId": "911466430", "location": "Sydney,Australia", "view": "Posted11hoursago"}{"jobTitle": "Office Manager", "company": "CuttingEdge", "Detail": {"industry": ["MotionPicturesandFilm"], "jobFunction": ["Administrative", "Accounting", "Finance"], "jobType": "Full-time", "level": "Mid-Senior level"}, "jobId": "912802729", "location": "Brisbane,Australia", "view": "Posted12hoursago"}{"jobTitle": "Agri Finance Manager", "company": "Elders", "Detail": {"industry": ["Farming"], "jobFunction": ["Finance", "Sales"], "jobType": "Full-time", "level": ""}, "jobId": "911984060", "location": "Hamilton,AU", "view": "11views"}{"jobTitle": "Senior Facilities Advisor", "company": "ParksVictoria", "Detail": {"industry": ["NonprofitOrganizationManagement", "EnvironmentalServices", "GovernmentAdministration"], "jobFunction": ["Consulting", "InformationTechnology", "Sales"], "jobType": "Full-time", "level": "Associate"}, "jobId": "911488315", "location": "Melbourne,AU", "view": "Posted8hoursago"}{"jobTitle": "Head Of Clinical Operations", "company": "MacquarieUniversity", "Detail": {"industry": ["HigherEducation"], "jobFunction": ["Education", "Management"], "jobType": "Full-time", "level": "Mid-Senior level"}, "jobId": "912595715", "location": "UniversityAvenueMacquarieUniversity,Sydney,NSW2109,AU", "view": "Posted15hoursago"}{"jobTitle": "Employment Consultant - PART TIME - Lilydale", "company": "CampbellPage", "Detail": {"industry": ["NonprofitOrganizationManagement", "Individual&amp;FamilyServices", "Hospital&amp;HealthCare"], "jobFunction": ["Other"], "jobType": "Part-time", "level": "Entry level"}, "jobId": "911651692", "location": "Lilydale,AU", "view": "Posted6hoursago"}{"jobTitle": "Business Transformation Leader", "company": "VirginAustralia", "Detail": {"industry": ["Airlines/Aviation", "Aviation&amp;Aerospace", "Leisure,Travel&amp;Tourism"], "jobFunction": ["BusinessDevelopment", "Sales"], "jobType": "Full-time", "level": ""}, "jobId": "911243117", "location": "Brisbane,AU", "view": "147views"}{"jobTitle": "Membership  and  Events Coordinator", "company": "RecruitmentGroupAustraliaPtyLtd", "Detail": {"industry": ["StaffingandRecruiting", "FinancialServices", "RealEstate"], "jobFunction": ["Management", "Manufacturing"], "jobType": "Full-time", "level": "Entry level"}, "jobId": "911629561", "location": "Richmond,AU", "view": "Posted7hoursago"}{"jobTitle": "Early Career Researcher Opportunities (ongoing  and  non-ongoing)", "company": "DefenceScienceandTechnologyGroup", "Detail": {"industry": ["InformationTechnologyandServices", "Defense&amp;Space", "Research"], "jobFunction": ["Research", "Analyst", "InformationTechnology"], "jobType": "Temporary", "level": "Associate"}, "jobId": "911335942", "location": "Melbourne,AU", "view": "10views"}