{"jobTitle": "Customer Service Assistant - Warringah Mall", "company": "OPSM", "Detail": {"industry": ["Apparel&amp;Fashion", "Retail", "Hospital&amp;HealthCare"], "jobFunction": ["CustomerService", "InformationTechnology"], "jobType": "Full-time", "level": "Entry level"}, "jobId": "911188627", "location": "Sydney,AU", "view": "Posted17hoursago"}{"jobTitle": "Market Insights Manager", "company": "Squiz", "Detail": {"industry": ["InformationTechnologyandServices", "ComputerSoftware", "Internet"], "jobFunction": ["Marketing", "Research"], "jobType": "Full-time", "level": "Mid-Senior level"}, "jobId": "912661819", "location": "Sydney,Australia", "view": "Posted14hoursago"}{"jobTitle": "Registered Nurse || Aged Care || Mornington Peninsula", "company": "SanctuaryRecruitment", "Detail": {"industry": ["StaffingandRecruiting", "Health,WellnessandFitness", "Hospital&amp;HealthCare"], "jobFunction": ["HealthCareProvider"], "jobType": "Full-time", "level": "Associate"}, "jobId": "911651708", "location": "Mornington,AU", "view": "Posted6hoursago"}{"jobTitle": "Network Administrator", "company": "Sportsgirl", "Detail": {"industry": ["Apparel&amp;Fashion", "Retail", "LuxuryGoods&amp;Jewelry"], "jobFunction": ["InformationTechnology"], "jobType": "Full-time", "level": "Entry level"}, "jobId": "911651828", "location": "Melbourne,AU", "view": "Posted6hoursago"}{"jobTitle": "Business Administration Team Leader", "company": "EnvironmentProtectionAuthorityVictoria(EPA)", "Detail": {"industry": ["NonprofitOrganizationManagement", "EnvironmentalServices", "GovernmentAdministration"], "jobFunction": ["ProjectManagement", "InformationTechnology"], "jobType": "Full-time", "level": "Associate"}, "jobId": "911488294", "location": "Melbourne,AU", "view": "Posted8hoursago"}{"jobTitle": "Medical Information Associate", "company": "Novartis,Australia and NewZealand", "Detail": {"industry": ["Pharmaceuticals"], "jobFunction": ["Research", "Science", "Other"], "jobType": "Full-time", "level": "Associate"}, "jobId": "911626492", "location": "Sydney,AU", "view": "Posted7hoursago"}{"jobTitle": "Project Manager", "company": "ProvidenceConsultingGroup", "Detail": {"industry": ["ManagementConsulting", "Defense&amp;Space"], "jobFunction": ["Consulting", "ProjectManagement"], "jobType": "Full-time", "level": "Mid-Senior level"}, "jobId": "912833726", "location": "Canberra,Australia", "view": "Posted11hoursago"}{"jobTitle": "Network Security Engineer", "company": "FujitsuAustraliaLimited", "Detail": {"industry": ["InformationTechnologyandServices"], "jobFunction": ["InformationTechnology"], "jobType": "Full-time", "level": "Mid-Senior level"}, "jobId": "912856222", "location": "Canberra,AustralianCapitalTerritory,Australia", "view": "Posted10hoursago"}{"jobTitle": "Family Violence Applicant Practitioner", "company": "Magistrates\\\\u2019CourtofVictoria", "Detail": {"industry": ["GovernmentAdministration", "MentalHealthCare", "NonprofitOrganizationManagement"], "jobFunction": ["Other"], "jobType": "Full-time", "level": "Associate"}, "jobId": "911787185", "location": "134CommercialRd,MorwellVictoria3840", "view": "3views"}{"jobTitle": "Commercial Integration Strategist - Partnerships", "company": "NOVAEntertainment", "Detail": {"industry": ["MarketingandAdvertising", "OnlineMedia", "Entertainment"], "jobFunction": ["BusinessDevelopment", "Sales"], "jobType": "Full-time", "level": "Associate"}, "jobId": "912849228", "location": "Sydney,AU", "view": "Posted10hoursago"}{"jobTitle": "Executive Assistant, Capability  and  Leadership Strategy Division, Clerk Grade 7/8", "company": "IworkforNSW", "Detail": {"industry": ["GovernmentAdministration"], "jobFunction": ["Administrative"], "jobType": "Full-time", "level": "Mid-Senior level"}, "jobId": "909852358", "location": "Sydney", "view": "116views"}{"jobTitle": "Communications Specialist", "company": "SixDegreesExecutive", "Detail": {"industry": ["Accounting", "FinancialServices"], "jobFunction": ["Marketing"], "jobType": "Full-time", "level": "Entry level"}, "jobId": "910995243", "location": "Melbourne,AU", "view": "36views"}{"jobTitle": "Technical Project Management Specialist", "company": "SutherlandShireCouncil", "Detail": {"industry": ["GovernmentAdministration", "InformationTechnologyandServices"], "jobFunction": ["InformationTechnology", "ProjectManagement"], "jobType": "Full-time", "level": "Mid-Senior level"}, "jobId": "912846837", "location": "4-20EtonSt,Sydney,NSW2232,AU", "view": "Posted10hoursago"}{"jobTitle": "Director - International Engagement", "company": "LaureateAustralia", "Detail": {"industry": ["HigherEducation", "EducationManagement", "MarketingandAdvertising"], "jobFunction": ["Management", "Education", "Sales"], "jobType": "Full-time", "level": "Director"}, "jobId": "912877330", "location": "Brisbane,Queensland,Australia", "view": "Posted9hoursago"}{"jobTitle": "Business Analyst", "company": "EnergyAustralia", "Detail": {"industry": ["Oil&amp;Energy", "Utilities", "FinancialServices"], "jobFunction": ["BusinessDevelopment", "Sales"], "jobType": "Full-time", "level": "Associate"}, "jobId": "911651177", "location": "Melbourne,AU", "view": "Posted6hoursago"}{"jobTitle": "6 Month Locum GP Job DWS Melbourne VIC", "company": "MedicalRecruitmentPtyLtd", "Detail": {"industry": ["StaffingandRecruiting", "MedicalPractice", "Hospital&amp;HealthCare"], "jobFunction": ["Other"], "jobType": "Full-time", "level": ""}, "jobId": "911650353", "location": "Melbourne,AU", "view": "Posted6hoursago"}{"jobTitle": "Senior Technical Business Analyst - Gaming Services Technology", "company": "Tabcorp", "Detail": {"industry": ["Entertainment"], "jobFunction": ["BusinessDevelopment", "Sales"], "jobType": "Full-time", "level": ""}, "jobId": "911614289", "location": "Sydney,AU", "view": "Posted8hoursago"}{"jobTitle": "Financial Services Administrator", "company": "ignITeSpecialistRecruitment", "Detail": {"industry": ["BusinessSuppliesandEquipment", "ConsumerServices", "TranslationandLocalization"], "jobFunction": ["Finance", "Sales"], "jobType": "Full-time", "level": "Associate"}, "jobId": "909910589", "location": "Melbourne,AU", "view": "3views"}{"jobTitle": "Maintenance Superintendent", "company": "Thiess", "Detail": {"industry": ["Mining&amp;Metals"], "jobFunction": ["Engineering"], "jobType": "Full-time", "level": "Mid-Senior level"}, "jobId": "912867115", "location": "HunterValley", "view": "Posted10hoursago"}{"jobTitle": "Business Process Analyst", "company": "Programmed", "Detail": {"industry": ["Construction", "MechanicalorIndustrialEngineering", "StaffingandRecruiting"], "jobFunction": ["Management", "Manufacturing"], "jobType": "Full-time", "level": "Associate"}, "jobId": "911651902", "location": "Melbourne,AU", "view": "Posted6hoursago"}{"jobTitle": "Head of Operational Compliance", "company": "EthosBeathChapma", "Detail": {"industry": ["Insurance"], "jobFunction": ["Consulting"], "jobType": "Full-time", "level": "Mid-Senior level"}, "jobId": "912814931", "location": "Sydney,Australia", "view": "Posted11hoursago"}{"jobTitle": "Senior Educator", "company": "GoodstartEarlyLearning", "Detail": {"industry": ["NonprofitOrganizationManagement", "EducationManagement", "StaffingandRecruiting"], "jobFunction": ["Education", "Training"], "jobType": "Part-time", "level": "Associate"}, "jobId": "912681315", "location": "NorthMelbourne,AU", "view": "Posted13hoursago"}{"jobTitle": "Professional Assistant - Sydney", "company": "AlterDomus", "Detail": {"industry": ["Accounting", "FinancialServices", "LegalServices"], "jobFunction": ["Administrative", "Accounting", "Legal"], "jobType": "Full-time", "level": "Entry level"}, "jobId": "911668526", "location": "Sydney,NewSouthWales,Australia", "view": "Posted6hoursago"}{"jobTitle": "Personal Banking Advisor - Hurstville", "company": "Westpac", "Detail": {"industry": ["Banking", "FinancialServices", "InvestmentBanking"], "jobFunction": ["Finance", "Sales"], "jobType": "Part-time", "level": ""}, "jobId": "913046379", "location": "Sutherland,AU", "view": "Posted4hoursago"}{"jobTitle": "Senior Payroll Analyst", "company": "TheStarEntertainmentGroup", "Detail": {"industry": ["Hospitality"], "jobFunction": ["Finance"], "jobType": "Full-time", "level": "Mid-Senior level"}, "jobId": "911624223", "location": "Pyrmont", "view": "Posted8hoursago"}