{"jobTitle": "Community Support Worker", "company": "WhitehorseCityCouncil", "Detail": {"industry": ["Construction", "CivilEngineering", "GovernmentAdministration"], "jobFunction": ["Other"], "jobType": "Part-time", "level": "Entry level"}, "jobId": "913055087", "location": "Nunawading,AU", "view": "Posted2hoursago"}{"jobTitle": "Sales Representitive", "company": "Gameco-GasEquipmentSpecialist", "Detail": {"industry": ["Utilities", "ArtsandCrafts", "Construction"], "jobFunction": ["Sales", "Marketing", "Strategy"], "jobType": "Full-time", "level": "Mid-Senior level"}, "jobId": "912858058", "location": "Melbourne,Australia", "view": "Posted9hoursago"}{"jobTitle": "Senior Associate | Real Estate | 5+ years PAE", "company": "FutureYou", "Detail": {"industry": ["Insurance"], "jobFunction": ["Sales", "Management"], "jobType": "Full-time", "level": ""}, "jobId": "912863977", "location": "Melbourne,AU", "view": "Posted9hoursago"}{"jobTitle": "Executive Assistant", "company": "Diverseco", "Detail": {"industry": ["Electrical/ElectronicManufacturing", "MechanicalorIndustrialEngineering"], "jobFunction": ["Administrative"], "jobType": "Full-time", "level": "Associate"}, "jobId": "912840304", "location": "Melbourne,Victoria,Australia", "view": "Posted10hoursago"}{"jobTitle": "Seeking a professional dealmaker", "company": "ApostropheCopywriters", "Detail": {"industry": ["MarketingandAdvertising"], "jobFunction": ["BusinessDevelopment", "GeneralBusiness", "Sales"], "jobType": "Full-time", "level": "Mid-Senior level"}, "jobId": "912855647", "location": "Melbourne,Australia", "view": "Posted9hoursago"}{"jobTitle": "Various Opportunities", "company": "OfficeofAustralianBuildingandConstructionCommissioner", "Detail": {"industry": ["GovernmentRelations", "GovernmentAdministration"], "jobFunction": ["Analyst", "Legal", "Accounting"], "jobType": "Full-time", "level": "Associate"}, "jobId": "912847614", "location": "Melbourne,Victoria,Australia", "view": "Posted10hoursago"}{"jobTitle": "Country Manager", "company": "SpectrumCannabisAustralia", "Detail": {"industry": ["Pharmaceuticals", "MedicalPractice", "Hospital&amp;HealthCare"], "jobFunction": ["HealthCareProvider", "Sales", "Management"], "jobType": "Full-time", "level": "Director"}, "jobId": "912860581", "location": "Melbourne,Victoria,Australia", "view": "Posted9hoursago"}{"jobTitle": "Business Development Manager", "company": "AustralianInstituteofManagement", "Detail": {"industry": ["ProfessionalTraining&amp;Coaching"], "jobFunction": ["Education", "Training", "Sales"], "jobType": "Full-time", "level": "Mid-Senior level"}, "jobId": "912821196", "location": "Melbourne,Victoria,Australia", "view": "Posted11hoursago"}{"jobTitle": "Client Success Manager", "company": "VETtrak", "Detail": {"industry": ["EducationManagement"], "jobFunction": ["CustomerService", "Sales"], "jobType": "Full-time", "level": "Entry level"}, "jobId": "912814054", "location": "Melbourne,Victoria,Australia", "view": "Posted11hoursago"}{"jobTitle": "Performance Analyst", "company": "EquityTrustees", "Detail": {"industry": ["FinancialServices"], "jobFunction": ["Finance", "Analyst"], "jobType": "Full-time", "level": "Mid-Senior level"}, "jobId": "912815985", "location": "Level1575BourkeStreet,Melbourne,VIC3000,AU", "view": "Posted11hoursago"}{"jobTitle": "Franchise Owner", "company": "PACK and SENDAustralia", "Detail": {"industry": ["Package/FreightDelivery", "Retail", "LogisticsandSupplyChain"], "jobFunction": ["Management", "Sales", "BusinessDevelopment"], "jobType": "Full-time", "level": "Mid-Senior level"}, "jobId": "912800926", "location": "Melbourne,Victoria,Australia", "view": "Posted12hoursago"}{"jobTitle": "APS 6 \\\\u2013 Senior Strategic Communications Officer", "company": "AUSTRAC", "Detail": {"industry": ["PublicRelationsandCommunications", "MarketingandAdvertising"], "jobFunction": ["Advertising", "Marketing", "Strategy"], "jobType": "Full-time", "level": "Entry level"}, "jobId": "912664747", "location": "Melbourne,Victoria,Australia", "view": "Posted13hoursago"}{"jobTitle": "Financial Services Accountant", "company": "YarraCityCouncil", "Detail": {"industry": ["GovernmentAdministration"], "jobFunction": ["Accounting"], "jobType": "Full-time", "level": "Entry level"}, "jobId": "912698646", "location": "Melbourne,Australia", "view": "Posted12hoursago"}{"jobTitle": "Key Account Manager (Neurology)", "company": "MerckGroup", "Detail": {"industry": ["Pharmaceuticals"], "jobFunction": ["Sales"], "jobType": "Full-time", "level": "Associate"}, "jobId": "911604041", "location": "Melbourne,Victoria,Australia", "view": "Posted7hoursago"}{"jobTitle": "Traffic Engineer / Traffic Planner", "company": "TrafmanSolutions", "Detail": {"industry": ["Construction", "Architecture&amp;Planning", "Transportation/Trucking/Railroad"], "jobFunction": ["Other", "Strategy", "Design"], "jobType": "Full-time", "level": "Mid-Senior level"}, "jobId": "912884082", "location": "50BarryRd,Melbourne,VIC3061,AU", "view": "Posted8hoursago"}{"jobTitle": "Quality Analyst / Coordinator", "company": "BaysideGroupAutomotive", "Detail": {"industry": ["Automotive"], "jobFunction": ["Engineering", "Other", "QualityAssurance"], "jobType": "Contract", "level": "Mid-Senior level"}, "jobId": "912846414", "location": "NorthernSuburbsMelbourne,Australia", "view": "Posted10hoursago"}{"jobTitle": "Environment  and  Sustainability Advisor/Coordinator VIC/SA/TAS and NZ", "company": "JohnHolland", "Detail": {"industry": ["Construction"], "jobFunction": ["Management"], "jobType": "Full-time", "level": "Mid-Senior level"}, "jobId": "912865833", "location": "Melbourne", "view": "Posted9hoursago"}{"jobTitle": "Cyber Defence Team Lead", "company": "nbn\\\\u2122Australia", "Detail": {"industry": ["InformationTechnologyandServices", "SecurityandInvestigations", "Telecommunications"], "jobFunction": ["InformationTechnology", "Other", "Strategy"], "jobType": "Full-time", "level": "Mid-Senior level"}, "jobId": "911425492", "location": "Melbourne,Australia", "view": "Posted16hoursago"}{"jobTitle": "Payroll Officer", "company": "readi", "Detail": {"industry": ["Mining&amp;Metals", "MechanicalorIndustrialEngineering", "Oil&amp;Energy"], "jobFunction": ["Engineering", "Other", "Manufacturing"], "jobType": "Full-time", "level": "Mid-Senior level"}, "jobId": "912682859", "location": "Rowville,Victoria,Australia", "view": "Posted12hoursago"}{"jobTitle": "Principal Developer", "company": "MYOB", "Detail": {"industry": ["ComputerSoftware"], "jobFunction": ["Engineering", "InformationTechnology"], "jobType": "Full-time", "level": ""}, "jobId": "912811210", "location": "Melbourne,AU", "view": "Posted11hoursago"}{"jobTitle": "Senior Project Manager - Demolition", "company": "AECOM", "Detail": {"industry": ["Construction", "CivilEngineering", "Design"], "jobFunction": ["ProjectManagement", "Consulting", "Engineering"], "jobType": "Full-time", "level": "Mid-Senior level"}, "jobId": "911468228", "location": "Melbourne,Victoria,Australia", "view": "Posted10hoursago"}{"jobTitle": "Outbound Planning Specialist", "company": "Coles", "Detail": {"industry": ["Retail"], "jobFunction": ["Other"], "jobType": "Temporary", "level": ""}, "jobId": "911625401", "location": "HawthornEast,AU", "view": "Posted7hoursago"}{"jobTitle": "Traffic Engineer", "company": "KingstonCityCouncil", "Detail": {"industry": ["NonprofitOrganizationManagement", "GovernmentAdministration", "Health,WellnessandFitness"], "jobFunction": ["Management", "Manufacturing"], "jobType": "Full-time", "level": "Entry level"}, "jobId": "912839840", "location": "Cheltenham,AU", "view": "Posted10hoursago"}{"jobTitle": "Head of Brass", "company": "LoretoToorak", "Detail": {"industry": ["EducationManagement"], "jobFunction": ["Art", "Education"], "jobType": "Full-time", "level": "Mid-Senior level"}, "jobId": "910781994", "location": "Toorak,Victoria,Australia", "view": "14views"}{"jobTitle": "MCH Student Sponsorship Program 2019", "company": "CardiniaShireCouncil", "Detail": {"industry": ["NonprofitOrganizationManagement", "Individual&amp;FamilyServices", "GovernmentAdministration"], "jobFunction": ["Education", "Training"], "jobType": "Other", "level": "Internship"}, "jobId": "912695783", "location": "Cardinia,AU", "view": "Posted12hoursago"}