{"jobTitle": "Systems Administrator - Infrastructure", "company": "alcami", "Detail": {"industry": ["InformationTechnologyandServices", "ComputerNetworking", "ComputerHardware"], "jobFunction": ["InformationTechnology", "QualityAssurance", "ProjectManagement"], "jobType": "Full-time", "level": "Mid-Senior level"}, "jobId": "911474219", "location": "Sydney,NewSouthWales,Australia", "view": "Posted10hoursago"}{"jobTitle": "Uber Eats Operations Manager, Sydney", "company": "Uber", "Detail": {"industry": ["ComputerSoftware", "ConsumerServices", "InformationTechnologyandServices"], "jobFunction": ["Management", "Manufacturing"], "jobType": "Full-time", "level": ""}, "jobId": "913048490", "location": "Sydney,AU", "view": "Posted4hoursago"}{"jobTitle": "Front of house", "company": "LIA", "Detail": {"industry": ["Entertainment", "EventsServices", "Hospitality"], "jobFunction": ["Management", "Manufacturing"], "jobType": "Full-time", "level": "Entry level"}, "jobId": "910685379", "location": "Melbourne,AU", "view": "Posted23hoursago"}{"jobTitle": "Babysitter Needed - WeNeedaNanny.com.au - Balwyn", "company": "WeNeedANanny", "Detail": {"industry": ["NonprofitOrganizationManagement", "StaffingandRecruiting", "Hospital&amp;HealthCare"], "jobFunction": ["Other"], "jobType": "Full-time", "level": "Entry level"}, "jobId": "910678473", "location": "Balwyn,AU", "view": "Posted23hoursago"}{"jobTitle": "Babysitter wanted in Mount Waverley - babysitting Mount Waverley", "company": "Babysits", "Detail": {"industry": ["NonprofitOrganizationManagement", "StaffingandRecruiting", "Hospital&amp;HealthCare"], "jobFunction": ["Other"], "jobType": "Full-time", "level": "Entry level"}, "jobId": "911334986", "location": "", "view": ""}{"jobTitle": "Senior Marketing Advisor, Commercialisation", "company": "CSIRO", "Detail": {"industry": ["Research"], "jobFunction": ["Marketing"], "jobType": "Contract", "level": "Mid-Senior level"}, "jobId": "911493740", "location": "NorthRyde,NewSouthWales,Australia", "view": "Posted8hoursago"}{"jobTitle": "Senior Content Producer, Design School", "company": "Canva", "Detail": {"industry": ["GraphicDesign", "InformationTechnologyandServices", "OnlineMedia"], "jobFunction": ["Writing", "Art"], "jobType": "Full-time", "level": "Mid-Senior level"}, "jobId": "911612459", "location": "2LaceyStreet,SurryHills,NSW2010,AU", "view": "Posted8hoursago"}{"jobTitle": "Customer Solutions Engineer", "company": "KONECorporatio", "Detail": {"industry": ["MechanicalorIndustrialEngineering"], "jobFunction": ["InformationTechnology"], "jobType": "Full-time", "level": "Associate"}, "jobId": "910105651", "location": "Mascot,AU", "view": "Posted3hoursago"}{"jobTitle": "Outreach Pharmacist", "company": "COLACAREAHEALTH", "Detail": {"industry": ["NonprofitOrganizationManagement", "MedicalPractice", "Hospital&amp;HealthCare"], "jobFunction": ["HealthCareProvider"], "jobType": "Part-time", "level": "Entry level"}, "jobId": "911646946", "location": "Geelong,AU", "view": "Posted7hoursago"}{"jobTitle": "Technical Projects Coordinator", "company": "Airswift", "Detail": {"industry": ["Construction", "MechanicalorIndustrialEngineering", "Oil&amp;Energy"], "jobFunction": ["ProjectManagement", "InformationTechnology"], "jobType": "Full-time", "level": "Associate"}, "jobId": "911468412", "location": "Ryde,AU", "view": "Posted11hoursago"}{"jobTitle": "AWS Cloud Architect", "company": "AmazonWebServices", "Detail": {"industry": ["ComputerSoftware", "InformationTechnologyandServices", "Internet"], "jobFunction": ["Consulting", "InformationTechnology", "Engineering"], "jobType": "Full-time", "level": ""}, "jobId": "910151477", "location": "Sydney,AU", "view": "Posted35minutesago"}{"jobTitle": "Lead DevOps Engineer", "company": "GBST", "Detail": {"industry": ["InformationTechnologyandServices", "FinancialServices"], "jobFunction": ["Finance", "InformationTechnology"], "jobType": "Full-time", "level": "Mid-Senior level"}, "jobId": "911476618", "location": "Level24,259GeorgeStreet,Sydney,NSW2000,AU", "view": "Posted9hoursago"}{"jobTitle": "Sales Manager", "company": "MarleySpoo", "Detail": {"industry": ["Food&amp;Beverages"], "jobFunction": ["Sales"], "jobType": "Full-time", "level": "Mid-Senior level"}, "jobId": "911815152", "location": "190BourkeRoad,Sydney,NSW2015,AU", "view": "Posted38minutesago"}{"jobTitle": "Early Childhood Educator - Diploma", "company": "KnoxCityCouncil", "Detail": {"industry": ["NonprofitOrganizationManagement", "EnvironmentalServices", "GovernmentAdministration"], "jobFunction": ["Education", "Training"], "jobType": "Full-time", "level": "Entry level"}, "jobId": "911670763", "location": "Knox,AU", "view": "Posted5hoursago"}{"jobTitle": "Procurement/Purchasing Specialist - Corporate", "company": "ChandlerMacleodGroup", "Detail": {"industry": ["Construction", "StaffingandRecruiting", "FinancialServices"], "jobFunction": ["Purchasing", "SupplyChain"], "jobType": "Temporary", "level": "Entry level"}, "jobId": "911658443", "location": "Melbourne,AU", "view": "Posted6hoursago"}{"jobTitle": "Community Liaison Officer", "company": "LatrobeCommunityHealthService", "Detail": {"industry": ["BusinessSuppliesandEquipment", "EducationManagement", "EventsServices"], "jobFunction": ["Other"], "jobType": "Part-time", "level": "Entry level"}, "jobId": "909908441", "location": "Melbourne,AU", "view": "5views"}{"jobTitle": "Administrative Assistant", "company": "StVincent\\\\u2019sHealthNetworkSydney", "Detail": {"industry": ["NonprofitOrganizationManagement", "Health,WellnessandFitness", "Hospital&amp;HealthCare"], "jobFunction": ["Administrative"], "jobType": "Full-time", "level": "Entry level"}, "jobId": "911340034", "location": "Fitzroy,AU", "view": "16views"}{"jobTitle": "Recruitment Officer", "company": "CommUnityPlusServicesLtd", "Detail": {"industry": ["NonprofitOrganizationManagement", "StaffingandRecruiting", "GovernmentAdministration"], "jobFunction": ["HumanResources"], "jobType": "Contract", "level": "Entry level"}, "jobId": "910670095", "location": "Officer,AU", "view": "Posted24hoursago"}{"jobTitle": "Account Director", "company": "J.WalterThompsonWorldwide", "Detail": {"industry": ["MarketingandAdvertising"], "jobFunction": ["Sales", "Training"], "jobType": "Full-time", "level": "Associate"}, "jobId": "912684101", "location": "Sydney,Australia", "view": "Posted13hoursago"}{"jobTitle": "Member Experience Manager", "company": "ADMA", "Detail": {"industry": ["MarketingandAdvertising", "EducationManagement", "EventsServices"], "jobFunction": ["BusinessDevelopment", "CustomerService", "Sales"], "jobType": "Full-time", "level": "Associate"}, "jobId": "911257183", "location": "Sydney,Australia", "view": "67views"}{"jobTitle": "Employment Consultant", "company": "APM", "Detail": {"industry": ["BusinessSuppliesandEquipment", "ConsumerServices", "Hospital&amp;HealthCare"], "jobFunction": ["Other"], "jobType": "Full-time", "level": "Associate"}, "jobId": "909905953", "location": "Heidelberg,AU", "view": "1view"}{"jobTitle": "Sales Consultant", "company": "GymandFitnessAustralia", "Detail": {"industry": ["Retail", "Health,WellnessandFitness"], "jobFunction": ["Sales", "CustomerService"], "jobType": "Full-time", "level": "Associate"}, "jobId": "911474832", "location": "Adelaide,Australia", "view": "Posted9hoursago"}{"jobTitle": "Business Relationship Manager", "company": "RundleMallManagementAuthority", "Detail": {"industry": ["Retail", "EventsServices", "PublicRelationsandCommunications"], "jobFunction": ["Marketing", "BusinessDevelopment", "GeneralBusiness"], "jobType": "Full-time", "level": "Mid-Senior level"}, "jobId": "912804990", "location": "Adelaide,Australia", "view": "Posted12hoursago"}{"jobTitle": "Digital Marketing Specialist", "company": "PickStar", "Detail": {"industry": ["MarketingandAdvertising", "InformationTechnologyandServices", "Sports"], "jobFunction": ["Marketing", "Advertising", "InformationTechnology"], "jobType": "Full-time", "level": "Associate"}, "jobId": "912803101", "location": "Adelaide,Australia", "view": "Posted12hoursago"}{"jobTitle": "Administration Assistant - Geelong Region", "company": "TLCHealthcare", "Detail": {"industry": ["NonprofitOrganizationManagement", "Health,WellnessandFitness", "Hospital&amp;HealthCare"], "jobFunction": ["Administrative"], "jobType": "Full-time", "level": "Entry level"}, "jobId": "910681245", "location": "Geelong,AU", "view": "Posted23hoursago"}