{"jobTitle": "Senior Estimator", "company": "StrataconProfessionalRecruitment", "Detail": {"industry": ["Construction"], "jobFunction": ["Administrative", "Production"], "jobType": "Full-time", "level": "Mid-Senior level"}, "jobId": "911477609", "location": "Melbourne,Australia", "view": "Posted7hoursago"}{"jobTitle": "Senior Mental Health Clinician", "company": "Forensicare", "Detail": {"industry": ["MentalHealthCare", "Hospital&amp;HealthCare"], "jobFunction": ["HealthCareProvider"], "jobType": "Part-time", "level": "Associate"}, "jobId": "911636374", "location": "Melbourne,Victoria,Australia", "view": "Posted6hoursago"}{"jobTitle": "Experience Designer", "company": "Isobar", "Detail": {"industry": ["MarketingandAdvertising"], "jobFunction": ["Marketing", "Consulting", "ProjectManagement"], "jobType": "Full-time", "level": "Mid-Senior level"}, "jobId": "912672377", "location": "Melbourne,Victoria,Australia", "view": "Posted13hoursago"}{"jobTitle": "LECTURER/SENIOR LECTURER", "company": "UniversityofMelbourne", "Detail": {"industry": ["HigherEducation"], "jobFunction": ["Education"], "jobType": "Full-time", "level": "Mid-Senior level"}, "jobId": "912854574", "location": "Parkville,Melbourne,VIC3010,AU", "view": "Posted9hoursago"}{"jobTitle": "Sales Executive", "company": "Talent", "Detail": {"industry": ["InformationTechnologyandServices"], "jobFunction": ["Sales"], "jobType": "Full-time", "level": "Associate"}, "jobId": "911779028", "location": "MelbourneCBD", "view": "23views"}{"jobTitle": "Health  and  Safety Inspector - Multidisciplinary", "company": "WorkSafeVictoria", "Detail": {"industry": ["PublicSafety"], "jobFunction": ["Other"], "jobType": "Full-time", "level": ""}, "jobId": "911205748", "location": "MultipleLocationsAvailable", "view": "112views"}{"jobTitle": "Accounts Receivable", "company": "IPA", "Detail": {"industry": ["Accounting"], "jobFunction": ["Accounting"], "jobType": "Full-time", "level": "Associate"}, "jobId": "911631261", "location": "MelbourneCBD,Melbourne,Australia", "view": "Posted7hoursago"}{"jobTitle": "Executive Assistant - Manufacturing and Quality", "company": "TheAustralianRedCrossBloodService", "Detail": {"industry": ["Health,WellnessandFitness", "ManagementConsulting", "NonprofitOrganizationManagement"], "jobFunction": ["Administrative"], "jobType": "Full-time", "level": ""}, "jobId": "912856356", "location": "Melbourne,AU", "view": "Posted9hoursago"}{"jobTitle": "Business Services Administrator", "company": "Eato", "Detail": {"industry": ["Automotive", "Electrical/ElectronicManufacturing", "MechanicalorIndustrialEngineering"], "jobFunction": ["Administrative", "GeneralBusiness"], "jobType": "Full-time", "level": "Associate"}, "jobId": "911706541", "location": "Melbourne,Australia", "view": "31views"}{"jobTitle": "Senior Business Analyst - Data  and  Connected Retail", "company": "MECCABrands", "Detail": {"industry": ["Retail", "InformationTechnologyandServices", "Cosmetics"], "jobFunction": ["Marketing", "InformationTechnology", "GeneralBusiness"], "jobType": "Full-time", "level": "Mid-Senior level"}, "jobId": "913056375", "location": "34WangarattaSt,Richmond,VIC3121,AU", "view": "Posted2hoursago"}{"jobTitle": "IT Domain Architect - Infrastructure", "company": "GreythornAustralia,anExperisCompany", "Detail": {"industry": ["InformationTechnologyandServices"], "jobFunction": ["InformationTechnology"], "jobType": "Full-time", "level": "Mid-Senior level"}, "jobId": "912699749", "location": "Melbourne,Australia", "view": "Posted12hoursago"}{"jobTitle": "Python Programming - Lead Instructor", "company": "GeneralAssembly", "Detail": {"industry": ["EducationManagement"], "jobFunction": ["InformationTechnology", "Training", "Education"], "jobType": "Contract", "level": "Mid-Senior level"}, "jobId": "910914024", "location": "Melbourne,Australia", "view": "19views"}{"jobTitle": "Manufacturing Manager - Victoria", "company": "Signcraft", "Detail": {"industry": ["Construction", "BuildingMaterials", "LogisticsandSupplyChain"], "jobFunction": ["Manufacturing", "Engineering", "SupplyChain"], "jobType": "Full-time", "level": "Mid-Senior level"}, "jobId": "911299056", "location": "580-598KororoitCreekRoad,AltonaNorth,VIC3025,AU", "view": "29views"}{"jobTitle": "Senior Ruby Developer", "company": "REAGroup", "Detail": {"industry": ["OnlineMedia"], "jobFunction": ["InformationTechnology"], "jobType": "Full-time", "level": "Mid-Senior level"}, "jobId": "912858612", "location": "Richmond,Melbourne,Australia", "view": "Posted9hoursago"}{"jobTitle": "Senior Manager", "company": "CroweHorwathAustralia", "Detail": {"industry": ["Accounting"], "jobFunction": ["Accounting"], "jobType": "Full-time", "level": "Mid-Senior level"}, "jobId": "911225406", "location": "Melbourne,Australia", "view": "69views"}{"jobTitle": "Video Producer and Editor", "company": "Racing.com", "Detail": {"industry": ["MediaProduction", "Sports"], "jobFunction": ["Production", "Art", "Design"], "jobType": "Full-time", "level": "Associate"}, "jobId": "911273121", "location": "Melbourne,Australia", "view": "79views"}{"jobTitle": "maintenance fitter - night shift", "company": "RandstadAustralia", "Detail": {"industry": ["ConsumerElectronics", "InformationTechnologyandServices", "Telecommunications"], "jobFunction": ["Management", "Manufacturing"], "jobType": "Temporary", "level": ""}, "jobId": "911492162", "location": "Clyde,AU", "view": "Posted8hoursago"}{"jobTitle": "Internal Communications Consultant", "company": "GuildGroup", "Detail": {"industry": ["MarketingandAdvertising"], "jobFunction": ["Marketing", "HumanResources"], "jobType": "Full-time", "level": "Associate"}, "jobId": "913057599", "location": "MelbourneCBD", "view": "Posted2hoursago"}{"jobTitle": "Telco Project Coordinator", "company": "JBHi-Fi", "Detail": {"industry": ["ConsumerElectronics", "Retail", "Telecommunications"], "jobFunction": ["Sales", "CustomerService"], "jobType": "Full-time", "level": "Associate"}, "jobId": "911631462", "location": "Melbourne,Victoria,Australia", "view": "Posted7hoursago"}{"jobTitle": "Brand Manager - Epworth Medical Foundation (EMF)", "company": "Epworth", "Detail": {"industry": ["Health,WellnessandFitness", "MedicalPractice", "Hospital&amp;HealthCare"], "jobFunction": ["Marketing", "Sales"], "jobType": "Full-time", "level": "Associate"}, "jobId": "913058368", "location": "Melbourne,AU", "view": "Posted2hoursago"}{"jobTitle": "System Support Level 2 Analyst", "company": "AAM", "Detail": {"industry": ["InformationTechnologyandServices"], "jobFunction": ["InformationTechnology"], "jobType": "Full-time", "level": "Associate"}, "jobId": "912813051", "location": "4-10AmsterdamStreetLevel1,Richmond,VIC3121,AU", "view": "Posted11hoursago"}{"jobTitle": "AFL Umpiring Community Umpiring Development Manager", "company": "AustralianFootballLeague(AFL)", "Detail": {"industry": ["Sports", "NonprofitOrganizationManagement", "EducationManagement"], "jobFunction": ["Other"], "jobType": "Full-time", "level": "Mid-Senior level"}, "jobId": "913096118", "location": "Melbourne,AU", "view": "Posted26minutesago"}{"jobTitle": "Sales Development Representative", "company": "Ento.com", "Detail": {"industry": ["ComputerSoftware", "InformationTechnologyandServices", "Internet"], "jobFunction": ["Sales", "BusinessDevelopment"], "jobType": "Full-time", "level": "Associate"}, "jobId": "911649144", "location": "Melbourne,Victoria,Australia", "view": "Posted6hoursago"}{"jobTitle": "Application Developer", "company": "DXCTechnology", "Detail": {"industry": ["InformationTechnologyandServices", "ComputerSoftware", "FinancialServices"], "jobFunction": ["Engineering", "InformationTechnology"], "jobType": "Full-time", "level": "Entry level"}, "jobId": "912863947", "location": "Melbourne,AU", "view": "Posted9hoursago"}{"jobTitle": "Marketing Campaign Manager", "company": "ArtsCentreMelbourne", "Detail": {"industry": ["MarketingandAdvertising"], "jobFunction": ["Marketing"], "jobType": "Full-time", "level": "Mid-Senior level"}, "jobId": "912865727", "location": "Melbourne,Australia", "view": "Posted9hoursago"}