{"jobTitle": "Sales Manager - Growth  and  New Channel Development", "company": "SamsungElectronics", "Detail": {"industry": ["ConsumerElectronics"], "jobFunction": ["Sales"], "jobType": "Full-time", "level": "Mid-Senior level"}, "jobId": "912814555", "location": "Sydney,Australia", "view": "Posted12hoursago"}{"jobTitle": "Assistant Director, Land Transport Market Reform", "company": "DepartmentofInfrastructure,RegionalDevelopmentandCities", "Detail": {"industry": ["GovernmentAdministration", "PublicPolicy"], "jobFunction": ["Other"], "jobType": "Full-time", "level": "Mid-Senior level"}, "jobId": "911230979", "location": "Canberra,AustralianCapitalTerritory,Australia", "view": "11views"}{"jobTitle": "Marketing  and  Comms Officer", "company": "MorelandCityCouncil", "Detail": {"industry": ["NonprofitOrganizationManagement", "GovernmentAdministration", "Transportation/Trucking/Railroad"], "jobFunction": ["Marketing", "Sales"], "jobType": "Full-time", "level": "Entry level"}, "jobId": "912863298", "location": "Moreland,AU", "view": "Posted10hoursago"}{"jobTitle": "Director Market Strategy  and  Partnering", "company": "CarterMurray", "Detail": {"industry": ["EducationManagement"], "jobFunction": ["Marketing", "ProductManagement", "BusinessDevelopment"], "jobType": "Full-time", "level": "Director"}, "jobId": "911259216", "location": "Bathurst,NewSouthWales,Australia", "view": "11views"}{"jobTitle": "Content Operator", "company": "SevenWestMedia", "Detail": {"industry": ["MarketingandAdvertising", "OnlineMedia", "InformationTechnologyandServices"], "jobFunction": ["Design", "Art", "InformationTechnology"], "jobType": "Temporary", "level": "Associate"}, "jobId": "912678762", "location": "Sydney,NewSouthWales,Australia", "view": "Posted14hoursago"}{"jobTitle": "Business Systems Administrator (Corporate)", "company": "StadiumsQueensland", "Detail": {"industry": ["Sports", "GovernmentAdministration"], "jobFunction": ["InformationTechnology", "HumanResources", "Finance"], "jobType": "Contract", "level": "Mid-Senior level"}, "jobId": "910795648", "location": "Brisbane,Australia", "view": "39views"}{"jobTitle": "ICT Cloud and Infrastructure Architect", "company": "PinpointTalent", "Detail": {"industry": ["InformationTechnologyandServices", "GovernmentRelations", "Architecture&amp;Planning"], "jobFunction": ["InformationTechnology"], "jobType": "Contract", "level": "Mid-Senior level"}, "jobId": "911279246", "location": "Canberra,Australia", "view": "11views"}{"jobTitle": "Senior Administration Officer", "company": "TheAustralianNationalUniversity", "Detail": {"industry": ["HigherEducation", "GovernmentAdministration"], "jobFunction": ["Administrative", "Strategy", "Education"], "jobType": "Full-time", "level": "Associate"}, "jobId": "911494615", "location": "Canberra,Australia", "view": "Posted9hoursago"}{"jobTitle": "Electrical Leading Hand", "company": "DesignandConstruct", "Detail": {"industry": ["Construction", "Architecture&amp;Planning", "StaffingandRecruiting"], "jobFunction": ["Engineering", "InformationTechnology"], "jobType": "Full-time", "level": ""}, "jobId": "911631490", "location": "Sydney,AU", "view": "Posted8hoursago"}{"jobTitle": "Customer Service Specialist - Weston", "company": "St.GeorgeBank", "Detail": {"industry": ["Banking", "FinancialServices", "InvestmentBanking"], "jobFunction": ["CustomerService", "InformationTechnology"], "jobType": "Part-time", "level": ""}, "jobId": "913046377", "location": "Canberra,AU", "view": "Posted4hoursago"}{"jobTitle": "Administrative Services Officer Class 4", "company": "ACTGovernment", "Detail": {"industry": ["GovernmentAdministration"], "jobFunction": ["Administrative"], "jobType": "Full-time", "level": "Entry level"}, "jobId": "912590451", "location": "Canberra,Australia", "view": "Posted16hoursago"}{"jobTitle": "Sales Service Specialist", "company": "WeirMineralsAustraliaLtd.", "Detail": {"industry": ["Machinery", "MechanicalorIndustrialEngineering", "Mining&amp;Metals"], "jobFunction": ["Engineering", "Manufacturing", "Sales"], "jobType": "Full-time", "level": "Associate"}, "jobId": "911631301", "location": "AU002-Beresfield", "view": "Posted8hoursago"}{"jobTitle": "Sales Assistant at Hawthorn, Vernon Hills IL USA", "company": "MichaelKors", "Detail": {"industry": ["Apparel&amp;Fashion", "ConsumerGoods", "Retail"], "jobFunction": ["Sales", "BusinessDevelopment"], "jobType": "Part-time", "level": "Entry level"}, "jobId": "911451693", "location": "Hawthorn,AU", "view": "Posted14hoursago"}{"jobTitle": "Disability Support Worker - Complex Behaviours", "company": "CareChoice", "Detail": {"industry": ["NonprofitOrganizationManagement", "StaffingandRecruiting", "Hospital&amp;HealthCare"], "jobFunction": ["InformationTechnology"], "jobType": "Full-time", "level": "Entry level"}, "jobId": "911648263", "location": "Geelong,AU", "view": "Posted7hoursago"}{"jobTitle": "Digital Marketing Manager", "company": "BelleProperty", "Detail": {"industry": ["RealEstate"], "jobFunction": ["Advertising", "Marketing"], "jobType": "Full-time", "level": "Mid-Senior level"}, "jobId": "911250141", "location": "LaneCove,NewSouthWales,Australia", "view": "97views"}{"jobTitle": "UX/UI Designer", "company": "TheNRMA", "Detail": {"industry": ["InformationTechnologyandServices"], "jobFunction": ["InformationTechnology"], "jobType": "Full-time", "level": "Mid-Senior level"}, "jobId": "912693914", "location": "SydneyOlympicPark,Sydney,Australia", "view": "Posted13hoursago"}{"jobTitle": "Sales Manager - Yarra Valley Region", "company": "TheRecruitmentAlternative", "Detail": {"industry": ["Construction", "StaffingandRecruiting", "FinancialServices"], "jobFunction": ["Sales", "BusinessDevelopment"], "jobType": "Full-time", "level": "Entry level"}, "jobId": "911651018", "location": "Melbourne,AU", "view": "Posted7hoursago"}{"jobTitle": "Home Delivery Drivers - Christmas Casuals", "company": "KingsTransport", "Detail": {"industry": ["LogisticsandSupplyChain", "StaffingandRecruiting", "Transportation/Trucking/Railroad"], "jobFunction": ["Management", "Manufacturing"], "jobType": "Full-time", "level": "Entry level"}, "jobId": "911650091", "location": "Melbourne,AU", "view": "Posted7hoursago"}{"jobTitle": "Psychologist - Occupational Rehabilitation", "company": "ProCare,a.s.", "Detail": {"industry": ["StaffingandRecruiting", "Insurance", "FinancialServices"], "jobFunction": ["HealthCareProvider"], "jobType": "Full-time", "level": "Entry level"}, "jobId": "911650860", "location": "Melbourne,AU", "view": "Posted7hoursago"}{"jobTitle": "RN Required as Treatment Room Team Leader - Moonee Ponds", "company": "PrimaryHealthCareCorporatio", "Detail": {"industry": ["Health,WellnessandFitness", "MedicalPractice", "Hospital&amp;HealthCare"], "jobFunction": ["HealthCareProvider"], "jobType": "Full-time", "level": "Associate"}, "jobId": "911649564", "location": "Melbourne,AU", "view": "Posted7hoursago"}{"jobTitle": "SharePoint Consultant", "company": "MicroChannel", "Detail": {"industry": ["InformationTechnologyandServices", "ComputerSoftware", "ManagementConsulting"], "jobFunction": ["Engineering", "InformationTechnology"], "jobType": "Full-time", "level": "Associate"}, "jobId": "911648624", "location": "Melbourne,AU", "view": "Posted7hoursago"}{"jobTitle": "", "company": "", "Detail": "", "jobId": "911648608", "location": "", "view": ""}{"jobTitle": "", "company": "", "Detail": "", "jobId": "911649507", "location": "", "view": ""}{"jobTitle": "", "company": "", "Detail": "", "jobId": "911649043", "location": "", "view": ""}{"jobTitle": "", "company": "", "Detail": "", "jobId": "911650894", "location": "", "view": ""}