{"jobTitle": "MS Dynamics CRM Consultant", "company": "Carecone", "Detail": {"industry": ["InformationTechnologyandServices", "InformationServices", "ComputerSoftware"], "jobFunction": ["InformationTechnology"], "jobType": "Full-time", "level": "Mid-Senior level"}, "jobId": "911692114", "location": "Sydney,Australia", "view": "Posted3hoursago"}{"jobTitle": "Marketing and Event Coordinator", "company": "SpringfieldHouse", "Detail": {"industry": ["Hospitality"], "jobFunction": ["Administrative", "CustomerService"], "jobType": "Full-time", "level": "Entry level"}, "jobId": "911631596", "location": "Sydney,Australia", "view": "Posted7hoursago"}{"jobTitle": "Performance Manager (SEM/PPC)", "company": "TalentscopeAustralia", "Detail": {"industry": ["OnlineMedia", "MarketingandAdvertising"], "jobFunction": ["Marketing"], "jobType": "Full-time", "level": "Mid-Senior level"}, "jobId": "911481690", "location": "Sydney,Australia", "view": "Posted9hoursago"}{"jobTitle": "Product Delivery Specialist", "company": "DIVVYParking", "Detail": {"industry": ["CommercialRealEstate"], "jobFunction": ["BusinessDevelopment", "ProductManagement", "Strategy"], "jobType": "Full-time", "level": "Associate"}, "jobId": "912865244", "location": "Sydney,Australia", "view": "Posted10hoursago"}{"jobTitle": "Musculoskeletal Physiotherapist PT", "company": "BarangarooOrthopaedic and SportsInjuryClinic", "Detail": {"industry": ["Health,WellnessandFitness", "Hospital&amp;HealthCare", "Sports"], "jobFunction": ["HealthCareProvider"], "jobType": "Part-time", "level": "Mid-Senior level"}, "jobId": "911478273", "location": "Sydney,Australia", "view": "Posted9hoursago"}{"jobTitle": "Associate Adviser", "company": "AlexanderGrey", "Detail": {"industry": ["Insurance", "FinancialServices"], "jobFunction": ["GeneralBusiness", "Finance"], "jobType": "Full-time", "level": "Associate"}, "jobId": "912859129", "location": "Sydney,Australia", "view": "Posted10hoursago"}{"jobTitle": "Foreman", "company": "HansenYuncke", "Detail": {"industry": ["Construction"], "jobFunction": ["Other", "ProjectManagement"], "jobType": "Full-time", "level": "Mid-Senior level"}, "jobId": "912853042", "location": "Sydney,Australia", "view": "Posted11hoursago"}{"jobTitle": "People  and  Culture Manager / HR Manager", "company": "InStitchu", "Detail": {"industry": ["Apparel&amp;Fashion", "Retail"], "jobFunction": ["HumanResources"], "jobType": "Full-time", "level": "Mid-Senior level"}, "jobId": "912842658", "location": "Sydney,Australia", "view": "Posted11hoursago"}{"jobTitle": "Sales Engineer", "company": "Vertiv", "Detail": {"industry": ["Electrical/ElectronicManufacturing", "InformationTechnologyandServices", "MechanicalorIndustrialEngineering"], "jobFunction": ["Engineering", "InformationTechnology", "Sales"], "jobType": "Full-time", "level": "Mid-Senior level"}, "jobId": "912807072", "location": "Sydney,Australia", "view": "Posted12hoursago"}{"jobTitle": "Google Ads Specialist", "company": "TheOnlineCo.", "Detail": {"industry": ["MarketingandAdvertising"], "jobFunction": ["Marketing"], "jobType": "Contract", "level": "Mid-Senior level"}, "jobId": "911462937", "location": "Sydney,Australia", "view": "Posted12hoursago"}{"jobTitle": "Team Assitant", "company": "Showdow", "Detail": {"industry": ["MarketingandAdvertising"], "jobFunction": ["Administrative", "GeneralBusiness", "Accounting"], "jobType": "Part-time", "level": "Associate"}, "jobId": "912802476", "location": "Sydney,Australia", "view": "Posted12hoursago"}{"jobTitle": "Customer Success Manager / Account Manager \\\\u2013 SaaS Growth Company", "company": "ReadyTech", "Detail": {"industry": ["InformationTechnologyandServices"], "jobFunction": ["BusinessDevelopment", "Sales", "CustomerService"], "jobType": "Full-time", "level": "Mid-Senior level"}, "jobId": "912804321", "location": "Sydney,Australia", "view": "Posted5hoursago"}{"jobTitle": "Digital Assistant/Coordinator", "company": "TheMediaPrecinct", "Detail": {"industry": ["MarketingandAdvertising", "OnlineMedia"], "jobFunction": ["Advertising", "Marketing"], "jobType": "Full-time", "level": "Entry level"}, "jobId": "912657937", "location": "Sydney,Australia", "view": "Posted14hoursago"}{"jobTitle": "Head of Emerging Technology", "company": "Domai", "Detail": {"industry": ["OnlineMedia", "InformationTechnologyandServices", "RealEstate"], "jobFunction": ["InformationTechnology"], "jobType": "Full-time", "level": "Mid-Senior level"}, "jobId": "911476794", "location": "Sydney,Australia", "view": "Posted9hoursago"}{"jobTitle": "Account Manager (Mat Leave Cover)", "company": "CheilAustralia", "Detail": {"industry": ["Retail", "MarketingandAdvertising", "ConsumerElectronics"], "jobFunction": ["Marketing", "Advertising", "ProjectManagement"], "jobType": "Full-time", "level": "Associate"}, "jobId": "912694403", "location": "UpperGroundLevel3MurrayRoseAvenue,Sydney,NSW2127,AU", "view": "Posted13hoursago"}{"jobTitle": "Finance Business Partner", "company": "WilsonSelect", "Detail": {"industry": ["Accounting", "Banking", "FinancialServices"], "jobFunction": ["Accounting", "Strategy", "Analyst"], "jobType": "Full-time", "level": "Mid-Senior level"}, "jobId": "912644152", "location": "Sydney,Australia", "view": "Posted14hoursago"}{"jobTitle": "Email Marketing Specialist - 6 month Fixed Term", "company": "WincANZ", "Detail": {"industry": ["ConsumerGoods"], "jobFunction": ["Marketing"], "jobType": "Full-time", "level": "Associate"}, "jobId": "911613644", "location": "Mascot,Sydney,Australia", "view": "Posted8hoursago"}{"jobTitle": "Store Manager", "company": "SeafollyP/L", "Detail": {"industry": ["Apparel&amp;Fashion"], "jobFunction": ["Sales", "Management"], "jobType": "Full-time", "level": "Associate"}, "jobId": "911646002", "location": "CastleHillRd,CastleHillNewSouthWales2154", "view": "Posted7hoursago"}{"jobTitle": "Studio Leader - Architect", "company": "GlueRecruitment", "Detail": {"industry": ["Construction", "Architecture&amp;Planning"], "jobFunction": ["Management", "HumanResources", "ProjectManagement"], "jobType": "Full-time", "level": "Mid-Senior level"}, "jobId": "911486493", "location": "SydneySouth,NewSouthWales,Australia", "view": "Posted9hoursago"}{"jobTitle": "Senior Sales Executive", "company": "LiveTiles", "Detail": {"industry": ["ComputerSoftware", "InformationTechnologyandServices", "ComputerHardware"], "jobFunction": ["InformationTechnology", "Sales", "BusinessDevelopment"], "jobType": "Full-time", "level": "Mid-Senior level"}, "jobId": "911807969", "location": "Sydney,NewSouthWales,Australia", "view": "Posted2hoursago"}{"jobTitle": "Senior Drupal Developer", "company": "PublicisCommunications", "Detail": {"industry": ["MarketingandAdvertising"], "jobFunction": ["Advertising", "InformationTechnology"], "jobType": "Contract", "level": "Mid-Senior level"}, "jobId": "912858614", "location": "Sydney,NewSouthWales,Australia", "view": "Posted10hoursago"}{"jobTitle": "Reservations Consultant- India, Asia  and  Europe", "company": "AdventureWorld", "Detail": {"industry": ["Leisure,Travel&amp;Tourism"], "jobFunction": ["Sales", "CustomerService", "BusinessDevelopment"], "jobType": "Full-time", "level": "Entry level"}, "jobId": "912828460", "location": "Sydney,NewSouthWales,Australia", "view": "Posted11hoursago"}{"jobTitle": "Change Management Consultant", "company": "TheTerraceInitiative", "Detail": {"industry": ["ManagementConsulting"], "jobFunction": ["InformationTechnology", "Consulting", "ProjectManagement"], "jobType": "Full-time", "level": "Associate"}, "jobId": "912812334", "location": "Sydney,NewSouthWales,Australia", "view": "Posted12hoursago"}{"jobTitle": "Australian Border Force \\\\u2013 casual positions", "company": "AustralianBorderForce", "Detail": {"industry": ["LawEnforcement", "GovernmentAdministration"], "jobFunction": ["Administrative"], "jobType": "Temporary", "level": "Associate"}, "jobId": "912801292", "location": "Sydney,NewSouthWales,Australia", "view": "Posted13hoursago"}{"jobTitle": "Brand Manager | Healthy Frozen Treats", "company": "PonyExpress", "Detail": {"industry": ["MarketingandAdvertising", "Design", "EventsServices"], "jobFunction": ["Marketing", "Sales"], "jobType": "Full-time", "level": "Associate"}, "jobId": "911645965", "location": "Melbourne,AU", "view": "Posted7hoursago"}