{"jobTitle": "Guideshop Operator", "company": "GFGAlliance-Australia", "Detail": {"industry": ["Construction", "MechanicalorIndustrialEngineering", "Mining&amp;Metals"], "jobFunction": ["Management", "Manufacturing"], "jobType": "Full-time", "level": "Entry level"}, "jobId": "911214114", "location": "Laverton,AU", "view": "7views"}{"jobTitle": "Occupational Therapist", "company": "TheGEOGroupAustralia", "Detail": {"industry": ["LawEnforcement", "PublicSafety", "MentalHealthCare"], "jobFunction": ["Other", "HealthCareProvider"], "jobType": "Contract", "level": "Mid-Senior level"}, "jobId": "912846099", "location": "Ravenhall,Victoria,Australia", "view": "Posted10hoursago"}{"jobTitle": "Marketing Campaign Coordinator", "company": "3PhaseMarketing", "Detail": {"industry": ["MarketingandAdvertising"], "jobFunction": ["Marketing", "Sales", "Advertising"], "jobType": "Full-time", "level": "Entry level"}, "jobId": "910989749", "location": "Melbourne,Australia", "view": "171views"}{"jobTitle": "Retention Consultant", "company": "Sumo", "Detail": {"industry": ["Utilities"], "jobFunction": ["Sales", "Consulting"], "jobType": "Full-time", "level": "Mid-Senior level"}, "jobId": "910914844", "location": "SouthMelbourne,Victoria,Australia", "view": "21views"}{"jobTitle": "Data or Market Analyst", "company": "FreshlogicPtyLtd", "Detail": {"industry": ["MarketResearch"], "jobFunction": ["Research", "Analyst", "Other"], "jobType": "Contract", "level": "Associate"}, "jobId": "910900434", "location": "Melbourne,Australia", "view": "59views"}{"jobTitle": ".NET Developer", "company": "CallN", "Detail": {"industry": ["InformationTechnologyandServices", "ComputerSoftware", "Telecommunications"], "jobFunction": ["InformationTechnology"], "jobType": "Full-time", "level": "Mid-Senior level"}, "jobId": "910776097", "location": "Melbourne,Australia", "view": "44views"}{"jobTitle": "Health and Wellness Coach, Weight loss Coach", "company": "SumSanos\\\\u2122", "Detail": {"industry": ["Health,WellnessandFitness", "ProfessionalTraining&amp;Coaching"], "jobFunction": ["Training", "HealthCareProvider", "Education"], "jobType": "Part-time", "level": "Entry level"}, "jobId": "910740922", "location": "Richmond,Victoria,Australia", "view": "21views"}{"jobTitle": "Data Engineer -- Python, Spark", "company": "AussieDigitalBusinessSystems", "Detail": {"industry": ["InformationTechnologyandServices"], "jobFunction": ["InformationTechnology"], "jobType": "Contract", "level": "Entry level"}, "jobId": "910763332", "location": "Melbourne,Australia", "view": "55views"}{"jobTitle": "Member Service Advisor", "company": "CPAAustralia", "Detail": {"industry": ["Accounting", "FinancialServices"], "jobFunction": ["CustomerService"], "jobType": "Full-time", "level": "Entry level"}, "jobId": "910981301", "location": "Melbourne", "view": "12views"}{"jobTitle": "Workplace Solutions Specialist", "company": "Officeworks", "Detail": {"industry": ["Retail", "BusinessSuppliesandEquipment", "Furniture"], "jobFunction": ["BusinessDevelopment", "Consulting", "Sales"], "jobType": "Full-time", "level": "Mid-Senior level"}, "jobId": "911204222", "location": "1SouthDrive236-262EastBoundaryRoad,EastBentleigh,VIC3165,AU", "view": "14views"}{"jobTitle": "Health  and  Safety Business Partner", "company": "CleanawayWasteManagement", "Detail": {"industry": ["Transportation/Trucking/Railroad", "EnvironmentalServices", "Renewables&amp;Environment"], "jobFunction": ["HumanResources", "Training"], "jobType": "Full-time", "level": "Mid-Senior level"}, "jobId": "911704441", "location": "DeerPark,VIC", "view": "15views"}{"jobTitle": "Digital Producer", "company": "Grill'dHealthyBurgers", "Detail": {"industry": ["Restaurants", "Hospitality"], "jobFunction": ["Marketing"], "jobType": "Full-time", "level": "Mid-Senior level"}, "jobId": "911245818", "location": "Melbourne,Victoria,Australia", "view": "32views"}{"jobTitle": "Account Manager- Vic", "company": "Dr\\\\xe4ger", "Detail": {"industry": ["MedicalDevices"], "jobFunction": ["Sales"], "jobType": "Full-time", "level": "Mid-Senior level"}, "jobId": "912579679", "location": "Melbourne,Victoria,Australia", "view": "Posted15hoursago"}{"jobTitle": "Teacher - Game Arts", "company": "ChisholmInstitute", "Detail": {"industry": ["NonprofitOrganizationManagement", "HigherEducation", "EducationManagement"], "jobFunction": ["Education", "Training"], "jobType": "Full-time", "level": ""}, "jobId": "912616432", "location": "Dandenong,AU", "view": "Posted14hoursago"}{"jobTitle": "Pathology Collector - Part Time", "company": "NorthernHealth", "Detail": {"industry": ["Hospital&amp;HealthCare"], "jobFunction": ["Accounting", "Finance"], "jobType": "Full-time", "level": ""}, "jobId": "911326555", "location": "Epping,AU", "view": "6views"}{"jobTitle": "Child Care Centre Manger South Melbourne |Guardian's Newest Centre", "company": "GuardianEarlyLearningGroup", "Detail": {"industry": ["EducationManagement"], "jobFunction": ["Education", "Management"], "jobType": "Full-time", "level": "Mid-Senior level"}, "jobId": "912873587", "location": "TopeSt,SouthMelbourneVictoria3205", "view": "Posted9hoursago"}{"jobTitle": "Systems Engineer - Melbourne", "company": "Fortinet", "Detail": {"industry": ["InformationTechnologyandServices", "ComputerSoftware", "Computer&amp;NetworkSecurity"], "jobFunction": ["InformationTechnology"], "jobType": "Full-time", "level": "Entry level"}, "jobId": "911705276", "location": "Melbourne,AU", "view": "18views"}{"jobTitle": "Project Manager - Successfactors", "company": "HalcyonKnights-Tech and ExecutiveTalent", "Detail": {"industry": ["InformationTechnologyandServices"], "jobFunction": ["ProjectManagement"], "jobType": "Full-time", "level": "Associate"}, "jobId": "910787601", "location": "Melbourne", "view": "20views"}{"jobTitle": "GP Sales Representative", "company": "PettitPharma and DeviceSearch|HealthcareRecruitment", "Detail": {"industry": ["Hospital&amp;HealthCare"], "jobFunction": ["Sales"], "jobType": "Full-time", "level": "Mid-Senior level"}, "jobId": "912859621", "location": "Melbourne,Australia", "view": "Posted10hoursago"}{"jobTitle": "Associate or Senior Associate, Corporate - Energy and Resources (Melbourne)", "company": "Allens", "Detail": {"industry": ["LawPractice"], "jobFunction": ["Legal"], "jobType": "Full-time", "level": ""}, "jobId": "912633022", "location": "Melbourne,AU", "view": "Posted14hoursago"}{"jobTitle": "iOS Mobile App Developer", "company": "HSD", "Detail": {"industry": ["InformationTechnologyandServices"], "jobFunction": ["InformationTechnology"], "jobType": "Contract", "level": "Mid-Senior level"}, "jobId": "912645744", "location": "PortMelbourne,Victoria,Australia", "view": "Posted14hoursago"}{"jobTitle": "Executive Assistant - Life Insurance", "company": "AIAAustralia", "Detail": {"industry": ["FinancialServices", "Insurance"], "jobFunction": ["Administrative", "Consulting", "CustomerService"], "jobType": "Full-time", "level": "Associate"}, "jobId": "910982319", "location": "Melbourne", "view": "43views"}{"jobTitle": "Group Manager, Member and Stakeholder Relations", "company": "AustralianEnergyMarketOperator(AEMO)", "Detail": {"industry": ["Utilities", "Oil&amp;Energy", "InformationTechnologyandServices"], "jobFunction": ["PublicRelations", "Management", "CustomerService"], "jobType": "Full-time", "level": "Entry level"}, "jobId": "910735739", "location": "Level22530CollinsSt,Melbourne,VIC3000,AU", "view": "42views"}{"jobTitle": "Executive Recruitment - 4 positions", "company": "MurrindindiShireCouncil", "Detail": {"industry": ["NonprofitOrganizationManagement", "StaffingandRecruiting", "GovernmentAdministration"], "jobFunction": ["HumanResources"], "jobType": "Full-time", "level": "Entry level"}, "jobId": "911764407", "location": "Murrindindi,AU", "view": "41views"}{"jobTitle": "Cyber Security Vacationer", "company": "FerrierHodgso", "Detail": {"industry": ["Computer&amp;NetworkSecurity"], "jobFunction": ["InformationTechnology"], "jobType": "Full-time", "level": ""}, "jobId": "911228629", "location": "Melbourne,Australia", "view": "16views"}