{"jobTitle": "Case Manager / Counsellor- Reconnect", "company": "AnglicareSydney", "Detail": {"industry": ["NonprofitOrganizationManagement"], "jobFunction": ["Other"], "jobType": "Part-time", "level": "Associate"}, "jobId": "911623523", "location": "Cabramatta", "view": "Posted6hoursago"}{"jobTitle": "Business Relationship Manager", "company": "Leidos", "Detail": {"industry": ["InformationTechnologyandServices"], "jobFunction": ["Management"], "jobType": "Full-time", "level": "Mid-Senior level"}, "jobId": "911699208", "location": "Canberra,Australia", "view": "Posted2hoursago"}{"jobTitle": "Studio Coordinator (6 month contract, 3 days a week)", "company": "UniSuper", "Detail": {"industry": ["FinancialServices"], "jobFunction": ["Design", "Art", "InformationTechnology"], "jobType": "Contract", "level": "Entry level"}, "jobId": "913105198", "location": "Melbourne,AU", "view": "Posted14hoursago"}{"jobTitle": "Registered Psychiatric Nurse (RPN 2) \\\\u2013 Mercy Mental Health", "company": "MercyHealthAustralia", "Detail": {"industry": ["NonprofitOrganizationManagement", "Health,WellnessandFitness", "Hospital&amp;HealthCare"], "jobFunction": ["HealthCareProvider"], "jobType": "Part-time", "level": "Associate"}, "jobId": "912697912", "location": "Melbourne,AU", "view": "Posted12hoursago"}{"jobTitle": "Senior Performance Analyst x3", "company": "DepartmentofEducation and Training,Victoria", "Detail": {"industry": ["NonprofitOrganizationManagement", "EducationManagement", "GovernmentAdministration"], "jobFunction": ["BusinessDevelopment", "Sales"], "jobType": "Full-time", "level": "Associate"}, "jobId": "911484937", "location": "Melbourne,AU", "view": "Posted8hoursago"}{"jobTitle": "Resident Liason", "company": "ArcareAgedCare", "Detail": {"industry": ["NonprofitOrganizationManagement", "StaffingandRecruiting", "Hospital&amp;HealthCare"], "jobFunction": ["Other"], "jobType": "Part-time", "level": ""}, "jobId": "911647853", "location": "Melbourne,AU", "view": "Posted6hoursago"}{"jobTitle": "Assistant Director", "company": "AustralianGovernmentDepartmentofVeterans'\\\\u200bAffairs", "Detail": {"industry": ["NonprofitOrganizationManagement", "GovernmentAdministration", "Hospital&amp;HealthCare"], "jobFunction": ["BusinessDevelopment", "Sales"], "jobType": "Full-time", "level": ""}, "jobId": "912313832", "location": "Melbourne,AU", "view": "Posted21hoursago"}{"jobTitle": "Personal Care Worker", "company": "UnitingAgeWell", "Detail": {"industry": ["NonprofitOrganizationManagement", "Individual&amp;FamilyServices", "Hospital&amp;HealthCare"], "jobFunction": ["Other"], "jobType": "Part-time", "level": "Entry level"}, "jobId": "911335681", "location": "Melbourne,AU", "view": "1view"}{"jobTitle": "Senior Historical Archaeology Officer", "company": "OfficeofEnvironmentandHeritage(NSW)", "Detail": {"industry": ["NonprofitOrganizationManagement", "EnvironmentalServices", "GovernmentAdministration"], "jobFunction": ["Education", "Other"], "jobType": "Full-time", "level": "Associate"}, "jobId": "911671878", "location": "CityofParramatta,AU", "view": "Posted5hoursago"}{"jobTitle": "Document and Records Operations Officer", "company": "VictorianGovernment", "Detail": {"industry": ["HumanResources", "GovernmentAdministration", "FinancialServices"], "jobFunction": ["Other", "InformationTechnology", "Management"], "jobType": "Full-time", "level": "Mid-Senior level"}, "jobId": "911488338", "location": "Melbourne,AU", "view": "Posted8hoursago"}{"jobTitle": "2019 Monash Health Graduate Program - Nursing and/or Midwifery Post PMCV Computer Match", "company": "MonashHealth", "Detail": {"industry": ["Hospital&amp;HealthCare"], "jobFunction": ["Education", "Training"], "jobType": "Other", "level": ""}, "jobId": "910416883", "location": "Melbourne,AU", "view": "8views"}{"jobTitle": "Expressions of Interest - Procurement Leader - Laing O'Rourke - Adelaide, SA", "company": "LaingO'Rourke", "Detail": {"industry": ["Construction", "CivilEngineering", "StaffingandRecruiting"], "jobFunction": ["Purchasing", "SupplyChain"], "jobType": "Full-time", "level": "Associate"}, "jobId": "911474780", "location": "Adelaide,AU", "view": "Posted9hoursago"}{"jobTitle": "Continued Care Services Program Manager", "company": "JunctionSupportServices", "Detail": {"industry": ["NonprofitOrganizationManagement"], "jobFunction": ["Management"], "jobType": "Full-time", "level": "Mid-Senior level"}, "jobId": "912682232", "location": "Wodonga,Victoria,Australia", "view": "Posted13hoursago"}{"jobTitle": "Application Support - Migrations", "company": "SteadfastGroupLimited", "Detail": {"industry": ["Insurance"], "jobFunction": ["InformationTechnology"], "jobType": "Full-time", "level": "Associate"}, "jobId": "912879925", "location": "Sydney,NewSouthWales,Australia", "view": "Posted9hoursago"}{"jobTitle": "Acting Director VICNISS", "company": "TheRoyalMelbourneHospital and NorthWesternMentalHealth", "Detail": {"industry": ["Hospital&amp;HealthCare"], "jobFunction": ["BusinessDevelopment", "Sales"], "jobType": "Contract", "level": ""}, "jobId": "911491325", "location": "Melbourne,AU", "view": "Posted8hoursago"}{"jobTitle": "Excellent Graduate Developer|PHP|Port Melbourne", "company": "RobertHalf", "Detail": {"industry": ["InformationTechnologyandServices", "StaffingandRecruiting", "FinancialServices"], "jobFunction": ["Engineering", "InformationTechnology"], "jobType": "Full-time", "level": "Entry level"}, "jobId": "912581554", "location": "Melbourne,AU", "view": "Posted15hoursago"}{"jobTitle": "Program Management Officer", "company": "QuickstepHoldingsLimited", "Detail": {"industry": ["Aviation&amp;Aerospace"], "jobFunction": ["Administrative", "Engineering", "ProjectManagement"], "jobType": "Full-time", "level": "Associate"}, "jobId": "910722384", "location": "361MilperraRoad,Bankstown,NSW2200,AU", "view": "34views"}{"jobTitle": "Grade 3 Senior Dietitian", "company": "TheRoyalChildren'sHospitalFoundationMelbourne", "Detail": {"industry": ["GovernmentAdministration", "Health,WellnessandFitness", "Hospital&amp;HealthCare"], "jobFunction": ["HealthCareProvider"], "jobType": "Full-time", "level": "Entry level"}, "jobId": "911646955", "location": "Melbourne,AU", "view": "Posted6hoursago"}{"jobTitle": "PERSONAL CARE ASSISTANTS", "company": "RoyalFreemasonsLTD", "Detail": {"industry": ["NonprofitOrganizationManagement", "Health,WellnessandFitness", "Hospital&amp;HealthCare"], "jobFunction": ["HealthCareProvider"], "jobType": "Full-time", "level": "Entry level"}, "jobId": "911651669", "location": "Prahran,AU", "view": "Posted6hoursago"}{"jobTitle": "Registrar, Ringwood Magistrates'\\\\u200b Court", "company": "CourtServicesVictoria", "Detail": {"industry": ["NonprofitOrganizationManagement", "LegalServices", "GovernmentAdministration"], "jobFunction": ["HealthCareProvider"], "jobType": "Full-time", "level": "Associate"}, "jobId": "911488335", "location": "Melbourne,AU", "view": "Posted8hoursago"}{"jobTitle": "Senior Actuarial Analyst", "company": "icareNSW", "Detail": {"industry": ["Insurance"], "jobFunction": ["Other"], "jobType": "Full-time", "level": "Mid-Senior level"}, "jobId": "912865731", "location": "Sydney", "view": "Posted8hoursago"}{"jobTitle": "Test Lead / Identity Access Management", "company": "NetworkInternational", "Detail": {"industry": ["InformationTechnologyandServices", "ComputerSoftware", "StaffingandRecruiting"], "jobFunction": ["QualityAssurance"], "jobType": "Full-time", "level": "Associate"}, "jobId": "911650088", "location": "Melbourne,AU", "view": "Posted6hoursago"}{"jobTitle": "Project Coordinator", "company": "SolgenEnergyGroup", "Detail": {"industry": ["Renewables&amp;Environment"], "jobFunction": ["ProjectManagement"], "jobType": "Full-time", "level": "Mid-Senior level"}, "jobId": "911217507", "location": "Sydney,Australia", "view": "226views"}{"jobTitle": "Transcriber", "company": "VisionAustralia", "Detail": {"industry": ["NonprofitOrganizationManagement"], "jobFunction": ["Administrative"], "jobType": "Part-time", "level": ""}, "jobId": "911482570", "location": "CityofParramatta,AU", "view": "Posted8hoursago"}{"jobTitle": "Digital Specialist", "company": "IKEAAustralia", "Detail": {"industry": ["Retail"], "jobFunction": ["Other"], "jobType": "Full-time", "level": "Associate"}, "jobId": "912584971", "location": "Sydney,Australia", "view": "Posted7hoursago"}