{"jobTitle": "Customer Relations Officer", "company": "CaraInc", "Detail": {"industry": ["NonprofitOrganizationManagement", "Individual&amp;FamilyServices", "ConsumerServices"], "jobFunction": ["HealthCareProvider", "CustomerService"], "jobType": "Full-time", "level": "Entry level"}, "jobId": "912862933", "location": "Adelaide,SouthAustralia,Australia", "view": "Posted10hoursago"}{"jobTitle": "Finance Manager", "company": "CPRPharmaServicesPtyLtd", "Detail": {"industry": ["Biotechnology"], "jobFunction": ["Finance", "Accounting"], "jobType": "Full-time", "level": "Associate"}, "jobId": "913046388", "location": "28DalgleishSt,Adelaide,SA5031,AU", "view": "Posted4hoursago"}{"jobTitle": "Executive Assistant", "company": "HOBAN", "Detail": {"industry": ["Construction", "StaffingandRecruiting", "FinancialServices"], "jobFunction": ["Administrative"], "jobType": "Full-time", "level": "Associate"}, "jobId": "912836770", "location": "Melbourne,AU", "view": "Posted11hoursago"}{"jobTitle": "Data Entry / Receptionist", "company": "3M", "Detail": {"industry": ["BusinessSuppliesandEquipment", "ConsumerGoods"], "jobFunction": ["Administrative"], "jobType": "Temporary", "level": "Entry level"}, "jobId": "911481983", "location": "Sydney,Australia", "view": "Posted9hoursago"}{"jobTitle": "Junior Accounts Clerk", "company": "Sharp and Carter", "Detail": {"industry": ["Accounting", "FinancialServices", "Banking"], "jobFunction": ["Accounting", "Finance"], "jobType": "Full-time", "level": "Entry level"}, "jobId": "911433338", "location": "Melbourne,AU", "view": "4views"}{"jobTitle": "Senior HR Manager", "company": "CoreLogicAustralia", "Detail": {"industry": ["RealEstate", "HumanResources", "ManagementConsulting"], "jobFunction": ["HumanResources", "Management", "Consulting"], "jobType": "Full-time", "level": "Mid-Senior level"}, "jobId": "912862568", "location": "Sydney,Australia", "view": "Posted10hoursago"}{"jobTitle": "Media Sales Executive", "company": "SouthernCrossAustereo", "Detail": {"industry": ["BroadcastMedia"], "jobFunction": ["Sales", "BusinessDevelopment"], "jobType": "Full-time", "level": "Associate"}, "jobId": "911996868", "location": "Griffith,AU", "view": "Posted24hoursago"}{"jobTitle": "Tech Assist - Desktop Support", "company": "MacquarieGroup", "Detail": {"industry": ["Banking", "FinancialServices", "InvestmentBanking"], "jobFunction": ["InformationTechnology"], "jobType": "Full-time", "level": ""}, "jobId": "911481149", "location": "Melbourne,AU", "view": "5views"}{"jobTitle": "Regional Application Support Manager", "company": "TheTradeDesk", "Detail": {"industry": ["Internet", "MarketingandAdvertising", "InformationTechnologyandServices"], "jobFunction": ["Strategy", "BusinessDevelopment", "CustomerService"], "jobType": "Full-time", "level": "Mid-Senior level"}, "jobId": "913106954", "location": "Sydney,NewSouthWales,Australia", "view": "Posted20minutesago"}{"jobTitle": "Compliance Analyst", "company": "Chubb", "Detail": {"industry": ["FinancialServices", "Insurance", "LegalServices"], "jobFunction": ["Accounting", "GeneralBusiness", "Legal"], "jobType": "Full-time", "level": "Associate"}, "jobId": "911450751", "location": "Sydney", "view": "Posted14hoursago"}{"jobTitle": "Waitress/waiters and kitchen staff", "company": "PARISGROUP", "Detail": {"industry": ["Retail", "Hospital&amp;HealthCare", "Pharmaceuticals"], "jobFunction": ["Management", "Manufacturing"], "jobType": "Full-time", "level": "Entry level"}, "jobId": "910696340", "location": "Knox,AU", "view": "Posted23hoursago"}{"jobTitle": "Media and Communications Advisor, Alcohol Policy (PREV.173)", "company": "CancerCouncilVictoria", "Detail": {"industry": ["MarketingandAdvertising", "NonprofitOrganizationManagement", "LogisticsandSupplyChain"], "jobFunction": ["Marketing", "PublicRelations", "Writing"], "jobType": "Part-time", "level": "Associate"}, "jobId": "911332991", "location": "Melbourne,AU", "view": "26views"}{"jobTitle": "Strategy Lead", "company": "ScentreGroup(OwnerandOperatorofWestfieldinAusandNZ)", "Detail": {"industry": ["RealEstate", "Retail", "ConsumerGoods"], "jobFunction": ["Consulting", "Strategy", "Management"], "jobType": "Full-time", "level": "Associate"}, "jobId": "912664371", "location": "Sydney,Australia", "view": "Posted14hoursago"}{"jobTitle": "IT Program Manager e-Planning", "company": "UnderwoodExecutive", "Detail": {"industry": ["GovernmentAdministration", "InformationTechnologyandServices"], "jobFunction": ["ProjectManagement", "Design", "InformationTechnology"], "jobType": "Full-time", "level": "Mid-Senior level"}, "jobId": "912694411", "location": "Adelaide,Australia", "view": "Posted13hoursago"}{"jobTitle": "Capacity and Availability Manager", "company": "ASGGroup", "Detail": {"industry": ["InformationTechnologyandServices", "InformationServices", "Telecommunications"], "jobFunction": ["InformationTechnology", "Consulting"], "jobType": "Full-time", "level": "Entry level"}, "jobId": "912646796", "location": "Adelaide,SouthAustralia,Australia", "view": "Posted14hoursago"}{"jobTitle": "Software Engineer - Java", "company": "SiteMinder", "Detail": {"industry": ["InformationTechnologyandServices", "ComputerSoftware", "Internet"], "jobFunction": ["InformationTechnology"], "jobType": "Full-time", "level": "Entry level"}, "jobId": "911437763", "location": "Sydney,AU", "view": "Posted16hoursago"}{"jobTitle": "Equities Analyst", "company": "Morningstar", "Detail": {"industry": ["Research", "InvestmentManagement", "FinancialServices"], "jobFunction": ["Finance", "Research", "Analyst"], "jobType": "Full-time", "level": "Mid-Senior level"}, "jobId": "911629639", "location": "Sydney,NewSouthWales,Australia", "view": "Posted8hoursago"}{"jobTitle": "Vendor Partnerships Manager", "company": "INGAustralia", "Detail": {"industry": ["InformationTechnologyandServices", "Banking", "FinancialServices"], "jobFunction": ["BusinessDevelopment", "Sales"], "jobType": "Full-time", "level": "Associate"}, "jobId": "911325741", "location": "Sydney,AU", "view": "46views"}{"jobTitle": "Scheduling and Interdependency Management Specialist", "company": "AirservicesAustralia", "Detail": {"industry": ["Airlines/Aviation"], "jobFunction": ["ProjectManagement"], "jobType": "Full-time", "level": "Mid-Senior level"}, "jobId": "910955054", "location": "Canberra,MelbourneBrisbane,Canberra,NSW2650,AU", "view": "4views"}{"jobTitle": "Business Analyst", "company": "EndeavourEnergy(NSW)", "Detail": {"industry": ["Utilities"], "jobFunction": ["Finance", "Strategy", "Analyst"], "jobType": "Full-time", "level": "Associate"}, "jobId": "910720917", "location": "51HuntingwoodDrive,Huntingwood,NSW2148,AU", "view": "Posted11hoursago"}{"jobTitle": "Sales Representative", "company": "Henkel", "Detail": {"industry": ["ConsumerGoods"], "jobFunction": ["Sales", "BusinessDevelopment"], "jobType": "Full-time", "level": ""}, "jobId": "911471483", "location": "FrenchsForest,AU", "view": "Posted11hoursago"}{"jobTitle": "Container Unloading / Labouring", "company": "APS", "Detail": {"industry": ["NonprofitOrganizationManagement", "GovernmentAdministration", "FinancialServices"], "jobFunction": ["Other"], "jobType": "Full-time", "level": ""}, "jobId": "910670486", "location": "Footscray,AU", "view": "Posted24hoursago"}{"jobTitle": "Commercial Advice Lawyer 2 years +PAE", "company": "ColemanGreigLawyers", "Detail": {"industry": ["LegalServices"], "jobFunction": ["Legal"], "jobType": "Full-time", "level": "Entry level"}, "jobId": "912844592", "location": "Level11,100GeorgeStreet,Parramatta,NSW2150,AU", "view": "Posted11hoursago"}{"jobTitle": "Senior Professional Services Engineer", "company": "MobileIro", "Detail": {"industry": ["Computer&amp;NetworkSecurity", "ComputerSoftware", "InformationTechnologyandServices"], "jobFunction": ["InformationTechnology"], "jobType": "Full-time", "level": ""}, "jobId": "912854278", "location": "Canberra,AU", "view": "Posted10hoursago"}{"jobTitle": "Sales Engineer", "company": "TheCoutaGroupPtyLtd", "Detail": {"industry": ["Wholesale", "Construction"], "jobFunction": ["Sales", "BusinessDevelopment"], "jobType": "Full-time", "level": "Mid-Senior level"}, "jobId": "910103903", "location": "Sydney,Australia", "view": "Posted3hoursago"}