{"jobTitle": "Manager Business Home Lending Melbourne East", "company": "CommonwealthBank", "Detail": {"industry": ["Banking"], "jobFunction": ["Other"], "jobType": "Full-time", "level": ""}, "jobId": "911262471", "location": "Melbourne,AU", "view": "5views"}{"jobTitle": "Mobile Lending Manager - Western Suburbs", "company": "Porteralle", "Detail": {"industry": ["Banking", "Insurance", "FinancialServices"], "jobFunction": ["Finance", "Sales"], "jobType": "Full-time", "level": "Associate"}, "jobId": "911227449", "location": "Tarneit,AU", "view": "3views"}{"jobTitle": "Commercial Account Executive", "company": "Marketo", "Detail": {"industry": ["InformationTechnologyandServices", "ComputerSoftware", "Internet"], "jobFunction": ["Sales", "BusinessDevelopment"], "jobType": "Full-time", "level": "Associate"}, "jobId": "912301125", "location": "Melbourne,AU", "view": "Posted23hoursago"}{"jobTitle": "Talent Acquisition Advisor", "company": "RMITUniversity", "Detail": {"industry": ["HigherEducation"], "jobFunction": ["HumanResources"], "jobType": "Full-time", "level": ""}, "jobId": "911280229", "location": "Melbourne,AU", "view": "34views"}{"jobTitle": "Business Reporting Manager", "company": "MarshallMcAdam", "Detail": {"industry": ["CivilEngineering", "Construction"], "jobFunction": ["Accounting", "Analyst", "Finance"], "jobType": "Full-time", "level": "Mid-Senior level"}, "jobId": "912652087", "location": "MelbourneCBD,Melbourne,Australia", "view": "Posted14hoursago"}{"jobTitle": "Senior Policy Officer (2 positions)", "company": "DepartmentofEnvironment,Land,WaterandPlanning", "Detail": {"industry": ["GovernmentAdministration", "PublicPolicy"], "jobFunction": ["Administrative"], "jobType": "Full-time", "level": "Associate"}, "jobId": "911628686", "location": "MelbourneCBD,Victoria,Australia", "view": "Posted7hoursago"}{"jobTitle": "Food  and  Beverage Category Manager", "company": "CaterCare", "Detail": {"industry": ["Hospitality", "FacilitiesServices"], "jobFunction": ["Purchasing"], "jobType": "Full-time", "level": "Mid-Senior level"}, "jobId": "911367067", "location": "Suite30589HighStreet,Kew,VIC3101,AU", "view": "62views"}{"jobTitle": "Early Childhood Assistant", "company": "StMichael'sGrammarSchool", "Detail": {"industry": ["Primary/SecondaryEducation"], "jobFunction": ["Education"], "jobType": "Full-time", "level": ""}, "jobId": "911477758", "location": "StKilda", "view": "Posted8hoursago"}{"jobTitle": "Writer", "company": "VanguardAustralia", "Detail": {"industry": ["Banking", "CapitalMarkets", "FinancialServices"], "jobFunction": ["PublicRelations", "Marketing"], "jobType": "Full-time", "level": "Associate"}, "jobId": "912694420", "location": "Melbourne,Australia", "view": "Posted12hoursago"}{"jobTitle": "Revenue Analyst", "company": "MantraGroup", "Detail": {"industry": ["Hospitality", "Leisure,Travel&amp;Tourism"], "jobFunction": ["Management", "CustomerService", "GeneralBusiness"], "jobType": "Full-time", "level": "Director"}, "jobId": "912618663", "location": "Melbourne,Victoria,Australia", "view": "Posted14hoursago"}{"jobTitle": "Senior Marketing  and  Communications Advisor", "company": "Calibre", "Detail": {"industry": ["CivilEngineering", "Construction"], "jobFunction": ["Marketing", "GeneralBusiness", "Art"], "jobType": "Full-time", "level": "Mid-Senior level"}, "jobId": "911203912", "location": "Melbourne,Victoria,Australia", "view": "65views"}{"jobTitle": "Finance Manager", "company": "SpringProfessional", "Detail": {"industry": ["FinancialServices", "Accounting", "Banking"], "jobFunction": ["Finance", "Accounting", "Management"], "jobType": "Full-time", "level": "Mid-Senior level"}, "jobId": "912577935", "location": "Melbourne,Australia", "view": "Posted15hoursago"}{"jobTitle": "Internal Recruitment Consultant", "company": "sgfleet", "Detail": {"industry": ["FinancialServices", "Automotive"], "jobFunction": ["HumanResources", "Consulting"], "jobType": "Full-time", "level": "Associate"}, "jobId": "911266135", "location": "Melbourne,Victoria,Australia", "view": "23views"}{"jobTitle": "National Healthcare Analytics and AI Lead", "company": "Microsoft", "Detail": {"industry": ["ComputerHardware", "ComputerSoftware", "InformationTechnologyandServices"], "jobFunction": ["HealthCareProvider"], "jobType": "Full-time", "level": ""}, "jobId": "910079541", "location": "Melbourne,AU", "view": "38views"}{"jobTitle": "Digital Campaign Specialist", "company": "MARSRecruitment", "Detail": {"industry": ["MarketingandAdvertising", "PublicRelationsandCommunications"], "jobFunction": ["Marketing", "Sales"], "jobType": "Contract", "level": ""}, "jobId": "911297142", "location": "Melbourne,AU", "view": "17views"}{"jobTitle": "Manager Planning Network and Closures", "company": "V/Line", "Detail": {"industry": ["Transportation/Trucking/Railroad"], "jobFunction": ["Strategy", "Consulting", "Management"], "jobType": "Full-time", "level": "Mid-Senior level"}, "jobId": "912608782", "location": "Melbourne,Australia", "view": "Posted15hoursago"}{"jobTitle": "Diploma Educator | Floater | Lunch Cover", "company": "McArthur", "Detail": {"industry": ["NonprofitOrganizationManagement", "StaffingandRecruiting", "Hospital&amp;HealthCare"], "jobFunction": ["Education", "Training"], "jobType": "Part-time", "level": "Associate"}, "jobId": "911111930", "location": "Melbourne,AU", "view": "Posted19hoursago"}{"jobTitle": "Sales Specialist \\\\u2013 Technology Support Services (Melbourne)", "company": "IBM", "Detail": {"industry": ["InformationTechnologyandServices", "ComputerSoftware", "FinancialServices"], "jobFunction": ["Sales"], "jobType": "Full-time", "level": "Entry level"}, "jobId": "910673270", "location": "Melbourne,AU", "view": "Posted23hoursago"}{"jobTitle": "General Counsel and Company Secretary", "company": "Mercedes-BenzAustralia", "Detail": {"industry": ["Automotive"], "jobFunction": ["Legal"], "jobType": "Full-time", "level": "Mid-Senior level"}, "jobId": "911252435", "location": "Melbourne,Australia", "view": "261views"}{"jobTitle": "Aquatics Team Leader", "company": "MitchellShireCouncil", "Detail": {"industry": ["NonprofitOrganizationManagement", "GovernmentAdministration", "Health,WellnessandFitness"], "jobFunction": ["InformationTechnology"], "jobType": "Full-time", "level": "Associate"}, "jobId": "911998083", "location": "Melbourne,AU", "view": "Posted23hoursago"}{"jobTitle": "HR and OH and S Officer", "company": "BushHeritageAustralia", "Detail": {"industry": ["NonprofitOrganizationManagement"], "jobFunction": ["Administrative", "HumanResources", "Other"], "jobType": "Full-time", "level": "Entry level"}, "jobId": "910979927", "location": "Level1,395CollinsStreet,Melbourne,VIC3000,AU", "view": "19views"}{"jobTitle": "Resource Planner - Assurance  and  Advisory", "company": "DeloitteAustralia", "Detail": {"industry": ["StaffingandRecruiting"], "jobFunction": ["Other"], "jobType": "Full-time", "level": "Associate"}, "jobId": "911214204", "location": "Melbourne,Australia", "view": "46views"}{"jobTitle": "C++ Developer", "company": "ClientServer", "Detail": {"industry": ["InformationTechnologyandServices"], "jobFunction": ["InformationTechnology"], "jobType": "Full-time", "level": "Mid-Senior level"}, "jobId": "910955004", "location": "Melbourne,Victoria,Australia", "view": "25views"}{"jobTitle": "BMS Project Engineer | Building Automation | Integration | Graphics", "company": "AustCorpExecutive", "Detail": {"industry": ["InformationTechnologyandServices"], "jobFunction": ["Engineering", "InformationTechnology"], "jobType": "Full-time", "level": ""}, "jobId": "911280280", "location": "Melbourne,AU", "view": "13views"}{"jobTitle": "Pre  and  Post Sales Consultant", "company": "GlobalX", "Detail": {"industry": ["InformationTechnologyandServices", "ComputerSoftware", "LegalServices"], "jobFunction": ["InformationTechnology", "Sales", "BusinessDevelopment"], "jobType": "Full-time", "level": "Mid-Senior level"}, "jobId": "910449266", "location": "Melbourne,Victoria,Australia", "view": "21views"}