{"jobTitle": "Claims Case Manager", "company": "AstonCarter", "Detail": {"industry": ["FinancialServices"], "jobFunction": ["Finance", "Sales"], "jobType": "Full-time", "level": ""}, "jobId": "911604036", "location": "Melbourne,AU", "view": "Posted7hoursago"}{"jobTitle": "Senior Associate (WorkCover) - Melbourne", "company": "MinterElliso", "Detail": {"industry": ["LawPractice", "LegalServices"], "jobFunction": ["Other"], "jobType": "Full-time", "level": ""}, "jobId": "911644422", "location": "Melbourne,AU", "view": "Posted6hoursago"}{"jobTitle": "Hyperion Planning \\\\u2013 Senior Consultant / Consultant - Melbourne / Sydney / Perth / Brisbane", "company": "DXCRedRock", "Detail": {"industry": ["InformationTechnologyandServices"], "jobFunction": ["InformationTechnology"], "jobType": "Contract", "level": "Mid-Senior level"}, "jobId": "912659957", "location": "Melbourne,Australia", "view": "Posted13hoursago"}{"jobTitle": "Research Analyst", "company": "OriginEnergy", "Detail": {"industry": ["Mining&amp;Metals", "Oil&amp;Energy"], "jobFunction": ["HumanResources"], "jobType": "Full-time", "level": ""}, "jobId": "911270352", "location": "Melbourne,AU", "view": "116views"}{"jobTitle": "Software Engineers (.NET)", "company": "NationalAustraliaBank", "Detail": {"industry": ["Banking"], "jobFunction": ["InformationTechnology"], "jobType": "Full-time", "level": "Mid-Senior level"}, "jobId": "912812800", "location": "Melbourne,Australia", "view": "Posted11hoursago"}{"jobTitle": "Senior Employment Relations Specialist", "company": "Bupa", "Detail": {"industry": ["Hospital&amp;HealthCare"], "jobFunction": ["HumanResources"], "jobType": "Full-time", "level": "Mid-Senior level"}, "jobId": "910918339", "location": "Melbourne,Australia", "view": "39views"}{"jobTitle": "Country Manager - Solar PV", "company": "TheGreenRecruitmentCompany", "Detail": {"industry": ["Renewables&amp;Environment", "Utilities"], "jobFunction": ["Management", "BusinessDevelopment", "ProjectManagement"], "jobType": "Full-time", "level": "Mid-Senior level"}, "jobId": "911317151", "location": "Melbourne,Victoria,Australia", "view": "47views"}{"jobTitle": "Senior Sitecore Developer", "company": "", "Detail": {"industry": ["Hospital&amp;HealthCare", "InformationTechnologyandServices", "MarketingandAdvertising"], "jobFunction": ["InformationTechnology"], "jobType": "Full-time", "level": "Mid-Senior level"}, "jobId": "912612246", "location": "33ExhibitionSt,Melbourne,VIC3000,AU", "view": "Posted14hoursago"}{"jobTitle": "Administration Officer - Child Protection - South Division", "company": "DepartmentofHealth and HumanServices,Victoria", "Detail": {"industry": ["NonprofitOrganizationManagement", "GovernmentAdministration", "Hospital&amp;HealthCare"], "jobFunction": ["Administrative"], "jobType": "Full-time", "level": "Entry level"}, "jobId": "912816122", "location": "Melbourne,AU", "view": "Posted11hoursago"}{"jobTitle": "Senior Property Manager - With an Assistant", "company": "Kay and Burto", "Detail": {"industry": ["RealEstate"], "jobFunction": ["CustomerService"], "jobType": "Full-time", "level": "Mid-Senior level"}, "jobId": "912625318", "location": "Brighton,Melbourne,Australia", "view": "Posted14hoursago"}{"jobTitle": "Activation Manager", "company": "OmnicomMediaGroup", "Detail": {"industry": ["MarketingandAdvertising"], "jobFunction": ["Marketing", "Advertising", "Analyst"], "jobType": "Full-time", "level": "Associate"}, "jobId": "910972932", "location": "Melbourne,Australia", "view": "42views"}{"jobTitle": "Senior Industial Designer", "company": "Invetech", "Detail": {"industry": ["Electrical/ElectronicManufacturing"], "jobFunction": ["Design", "Art", "InformationTechnology"], "jobType": "Full-time", "level": ""}, "jobId": "911300174", "location": "Melbourne,AU", "view": "25views"}{"jobTitle": "Regional Sales Manager (Australia  and  New Zealand)", "company": "Checkmarx", "Detail": {"industry": ["Computer&amp;NetworkSecurity", "ComputerSoftware"], "jobFunction": ["Engineering", "ProjectManagement", "CustomerService"], "jobType": "Full-time", "level": "Mid-Senior level"}, "jobId": "910609339", "location": "Melbourne,Victoria,Australia", "view": "66views"}{"jobTitle": "Marketing Manager - Instituional", "company": "WorldVisionAustralia", "Detail": {"industry": ["NonprofitOrganizationManagement", "Philanthropy", "Fund-Raising"], "jobFunction": ["Management", "Marketing"], "jobType": "Full-time", "level": "Mid-Senior level"}, "jobId": "912685116", "location": "Melbourne,Australia", "view": "Posted12hoursago"}{"jobTitle": "Data Analyst", "company": "CityofCasey", "Detail": {"industry": ["GovernmentAdministration"], "jobFunction": ["Analyst"], "jobType": "Full-time", "level": "Mid-Senior level"}, "jobId": "912622895", "location": "NarreWarre", "view": "Posted14hoursago"}{"jobTitle": "Tech Lead / Lead Server Engineer", "company": "ElectronicArts(EA)", "Detail": {"industry": ["ComputerGames", "InformationTechnologyandServices", "ComputerSoftware"], "jobFunction": ["InformationTechnology", "ProductManagement", "Engineering"], "jobType": "Full-time", "level": ""}, "jobId": "911298615", "location": "Melbourne,AU", "view": "45views"}{"jobTitle": "Assistant Brand Manager - Contract", "company": "FuntasticLimited", "Detail": {"industry": ["ConsumerGoods"], "jobFunction": ["Marketing"], "jobType": "Contract", "level": "Associate"}, "jobId": "910926631", "location": "315FerntreeGullyRd,MountWaverleyVictoria3149", "view": "96views"}{"jobTitle": "General Manager Policy and Advocacy", "company": "TheSalvationArmyAustralia", "Detail": {"industry": ["NonprofitOrganizationManagement"], "jobFunction": ["Management", "Other"], "jobType": "Full-time", "level": "Mid-Senior level"}, "jobId": "912627337", "location": "Melbourne,Victoria,Australia", "view": "Posted14hoursago"}{"jobTitle": "Monitoring  and  Assurance Officer", "company": "Hostplus", "Detail": {"industry": ["FinancialServices"], "jobFunction": ["Finance"], "jobType": "Full-time", "level": "Mid-Senior level"}, "jobId": "911420279", "location": "Melbourne,Australia", "view": "Posted16hoursago"}{"jobTitle": "Community Grants Officer", "company": "MooneeValleyCityCouncil", "Detail": {"industry": ["NonprofitOrganizationManagement", "Civic&amp;SocialOrganization", "GovernmentAdministration"], "jobFunction": ["Other"], "jobType": "Temporary", "level": "Entry level"}, "jobId": "911220096", "location": "MooneeValley,AU", "view": "19views"}{"jobTitle": "General Manager", "company": "BecomeRecruitmentAustralia", "Detail": {"industry": ["MarketingandAdvertising", "Design", "OnlineMedia"], "jobFunction": ["Advertising", "Marketing"], "jobType": "Full-time", "level": "Director"}, "jobId": "910748343", "location": "Melbourne,Australia", "view": "127views"}{"jobTitle": "National Wholesale Manager", "company": "CountryRoadGroup", "Detail": {"industry": ["Retail", "Apparel&amp;Fashion"], "jobFunction": ["Sales", "BusinessDevelopment"], "jobType": "Full-time", "level": "Mid-Senior level"}, "jobId": "910726025", "location": "572SwanSt,RichmondVictoria3121", "view": "38views"}{"jobTitle": "Business Process Management/Improvement Specialist", "company": "BAESystemsAustralia", "Detail": {"industry": ["Defense&amp;Space"], "jobFunction": ["Consulting", "Strategy", "BusinessDevelopment"], "jobType": "Contract", "level": "Mid-Senior level"}, "jobId": "910909971", "location": "Melbourne,Australia", "view": "40views"}{"jobTitle": "Corporate Tax Senior Associate", "company": "GrantThorntonAustralia", "Detail": {"industry": ["Accounting"], "jobFunction": ["Accounting", "Consulting"], "jobType": "Full-time", "level": "Associate"}, "jobId": "911229274", "location": "Melbourne", "view": "29views"}{"jobTitle": "Visualisation  and  Reporting Analyst", "company": "TandemCorp-formerlyISGManagement", "Detail": {"industry": ["Telecommunications"], "jobFunction": ["Analyst"], "jobType": "Full-time", "level": "Associate"}, "jobId": "910940085", "location": "Level1,417StKildaRoad.,Melbourne,VIC3004,AU", "view": "86views"}