{"jobTitle": "Senior Payroll Analyst", "company": "TheStarEntertainmentGroup", "Detail": {"industry": ["Hospitality"], "jobFunction": ["Finance"], "jobType": "Full-time", "level": "Mid-Senior level"}, "jobId": "911624223", "location": "Pyrmont", "view": "Posted8hoursago"}{"jobTitle": "Head of Account Managment - Cars", "company": "enworldgroup", "Detail": {"industry": ["OnlineMedia", "MarketingandAdvertising", "Automotive"], "jobFunction": ["Sales", "BusinessDevelopment", "Management"], "jobType": "Full-time", "level": "Mid-Senior level"}, "jobId": "911465686", "location": "SydneyCBD,NewSouthWales,Australia", "view": "Posted12hoursago"}{"jobTitle": "Lead Consultant", "company": "Infosys", "Detail": {"industry": ["InformationTechnologyandServices", "ComputerSoftware", "FinancialServices"], "jobFunction": ["Consulting", "InformationTechnology", "Sales"], "jobType": "Full-time", "level": "Associate"}, "jobId": "913093930", "location": "Melbourne,AU", "view": "Posted1hourago"}{"jobTitle": "RDC Operations Supervisor", "company": "JohnDeere", "Detail": {"industry": ["InformationTechnologyandServices", "ComputerSoftware", "Automotive"], "jobFunction": ["Management", "Manufacturing"], "jobType": "Full-time", "level": "Mid-Senior level"}, "jobId": "912808506", "location": "Derrimut,AU", "view": "Posted12hoursago"}{"jobTitle": "National Key Customer Manager - Sydney", "company": "FletcherBuilding", "Detail": {"industry": ["BuildingMaterials"], "jobFunction": ["Sales"], "jobType": "Full-time", "level": "Mid-Senior level"}, "jobId": "912682656", "location": "Sydney,Australia", "view": "Posted13hoursago"}{"jobTitle": "Demand and Supply Planner - Confectionery", "company": "Nestl\\\\xe9", "Detail": {"industry": ["ConsumerGoods", "LogisticsandSupplyChain"], "jobFunction": ["BusinessDevelopment"], "jobType": "Full-time", "level": "Mid-Senior level"}, "jobId": "911476181", "location": "Sydney", "view": "Posted10hoursago"}{"jobTitle": "Payroll Officer", "company": "ArqGroup", "Detail": {"industry": ["InformationTechnologyandServices", "Internet", "Telecommunications"], "jobFunction": ["Accounting", "Finance"], "jobType": "Full-time", "level": ""}, "jobId": "913108180", "location": "Melbourne,AU", "view": "Posted18minutesago"}{"jobTitle": "Assistant General Manager - Aged care", "company": "AllityAgedCare", "Detail": {"industry": ["NonprofitOrganizationManagement", "Health,WellnessandFitness", "Hospital&amp;HealthCare"], "jobFunction": ["BusinessDevelopment", "Sales"], "jobType": "Full-time", "level": "Mid-Senior level"}, "jobId": "911646981", "location": "Melbourne,AU", "view": "Posted6hoursago"}{"jobTitle": "Care Manager", "company": "AveoGroup", "Detail": {"industry": ["NonprofitOrganizationManagement", "FinancialServices", "Hospital&amp;HealthCare"], "jobFunction": ["HealthCareProvider"], "jobType": "Full-time", "level": "Associate"}, "jobId": "911648085", "location": "Melbourne,AU", "view": "Posted6hoursago"}{"jobTitle": "Early Childhood Teacher", "company": "AffinitySports and EducationLimited", "Detail": {"industry": ["NonprofitOrganizationManagement", "EducationManagement", "StaffingandRecruiting"], "jobFunction": ["Education", "Training"], "jobType": "Part-time", "level": "Entry level"}, "jobId": "911642857", "location": "Melbourne,AU", "view": "Posted7hoursago"}{"jobTitle": "Team Coordinator - Leading Executive Search Firm", "company": "LotusPeopleAU", "Detail": {"industry": ["MarketingandAdvertising", "StaffingandRecruiting", "FinancialServices"], "jobFunction": ["Marketing", "Sales"], "jobType": "Full-time", "level": "Entry level"}, "jobId": "911650980", "location": "Melbourne,AU", "view": "Posted6hoursago"}{"jobTitle": "Care Manager - Regional NSW - Aged Care - Relocation covered - Over $120,000", "company": "RedstoneRecruitment", "Detail": {"industry": ["StaffingandRecruiting", "Health,WellnessandFitness", "Hospital&amp;HealthCare"], "jobFunction": ["HealthCareProvider"], "jobType": "Full-time", "level": "Associate"}, "jobId": "911650957", "location": "Melbourne,AU", "view": "Posted6hoursago"}{"jobTitle": "CAFE MANAGER / VOLUNTEER STAFF MANAGER / FOH WAITSTAFF SUPERVISORS", "company": "Sibling and Co.", "Detail": {"industry": ["Restaurants", "NonprofitOrganizationManagement", "Hospitality"], "jobFunction": ["Management", "Manufacturing"], "jobType": "Volunteer", "level": "Mid-Senior level"}, "jobId": "911339246", "location": "CarltonNorth,AU", "view": "1view"}{"jobTitle": "Casual Customer Service Officer- Port Pirie", "company": "BankSA", "Detail": {"industry": ["Banking", "FinancialServices", "InvestmentBanking"], "jobFunction": ["CustomerService", "InformationTechnology"], "jobType": "Full-time", "level": ""}, "jobId": "913047203", "location": "Adelaide,AU", "view": "Posted4hoursago"}{"jobTitle": "Digital Content Writer", "company": "BaysideCityCouncil", "Detail": {"industry": ["NonprofitOrganizationManagement", "GovernmentRelations", "GovernmentAdministration"], "jobFunction": ["Marketing", "PublicRelations", "Writing"], "jobType": "Full-time", "level": "Entry level"}, "jobId": "912837810", "location": "Bayside,AU", "view": "Posted11hoursago"}{"jobTitle": "Hydrogeologist", "company": "WSPinAustralia and NewZealand", "Detail": {"industry": ["CivilEngineering", "Oil&amp;Energy", "ManagementConsulting"], "jobFunction": ["Research", "Analyst", "InformationTechnology"], "jobType": "Temporary", "level": "Associate"}, "jobId": "913085233", "location": "Sydney,AU", "view": "Posted1hourago"}{"jobTitle": "Equity Strategist", "company": "OptiverAsiaPacific", "Detail": {"industry": ["CapitalMarkets", "Banking", "FinancialServices"], "jobFunction": ["Research", "Finance"], "jobType": "Full-time", "level": "Mid-Senior level"}, "jobId": "911473772", "location": "39HunterSt.,Sydney,NSW2000,AU", "view": "Posted10hoursago"}{"jobTitle": "CNC Programmer/Machinist", "company": "OmegaTechnicalEngineering", "Detail": {"industry": ["MechanicalorIndustrialEngineering", "Automotive", "Defense&amp;Space"], "jobFunction": ["Manufacturing", "Engineering"], "jobType": "Full-time", "level": "Mid-Senior level"}, "jobId": "911248788", "location": "Wodonga,Victoria,Australia", "view": "10views"}{"jobTitle": "Marketing Coordinator", "company": "StJohnAmbulance(Vic)", "Detail": {"industry": ["NonprofitOrganizationManagement", "GovernmentAdministration", "Hospital&amp;HealthCare"], "jobFunction": ["Marketing", "Sales"], "jobType": "Full-time", "level": "Entry level"}, "jobId": "912311473", "location": "Melbourne,AU", "view": "Posted22hoursago"}{"jobTitle": "Senior Educator - Social Science", "company": "HolmesglenInstitute", "Detail": {"industry": ["HigherEducation", "EducationManagement", "GovernmentAdministration"], "jobFunction": ["Education", "Training"], "jobType": "Full-time", "level": "Entry level"}, "jobId": "912308465", "location": "Melbourne,AU", "view": "Posted22hoursago"}{"jobTitle": "Communication Advisor", "company": "VictorianResponsibleGamblingFoundatio", "Detail": {"industry": ["NonprofitOrganizationManagement", "GovernmentRelations", "GovernmentAdministration"], "jobFunction": ["Marketing", "PublicRelations", "Writing"], "jobType": "Full-time", "level": "Associate"}, "jobId": "910664918", "location": "NorthMelbourne,AU", "view": "Posted24hoursago"}{"jobTitle": "OSHC Coordinator - Templestowe, Victoria", "company": "CampAustralia", "Detail": {"industry": ["NonprofitOrganizationManagement", "EducationManagement", "StaffingandRecruiting"], "jobFunction": ["Other"], "jobType": "Full-time", "level": "Associate"}, "jobId": "910800561", "location": "Melbourne,AU", "view": "Posted23hoursago"}{"jobTitle": "E-Commerce Website Store Manager", "company": "BrandCollectivePtyLtd", "Detail": {"industry": ["Apparel&amp;Fashion", "Retail", "LuxuryGoods&amp;Jewelry"], "jobFunction": ["Sales", "BusinessDevelopment"], "jobType": "Full-time", "level": "Mid-Senior level"}, "jobId": "911336347", "location": "Melbourne,AU", "view": "39views"}{"jobTitle": "Elixir/Erlang Developer", "company": "Araza", "Detail": {"industry": ["InformationTechnologyandServices", "ComputerSoftware", "ManagementConsulting"], "jobFunction": ["Engineering", "InformationTechnology"], "jobType": "Full-time", "level": "Entry level"}, "jobId": "911338125", "location": "Melbourne,AU", "view": "16views"}{"jobTitle": "Connecting Care EMR Project Manager", "company": "PeterMacCallumCancerCentre", "Detail": {"industry": ["Research", "MedicalPractice", "Hospital&amp;HealthCare"], "jobFunction": ["ProjectManagement", "InformationTechnology"], "jobType": "Full-time", "level": "Associate"}, "jobId": "911261132", "location": "Melbourne,AU", "view": "9views"}