{"jobTitle": "Course Consultant", "company": "Clarius/Ignite", "Detail": {"industry": ["EducationManagement", "E-Learning"], "jobFunction": ["Sales"], "jobType": "Full-time", "level": ""}, "jobId": "910790686", "location": "Melbourne", "view": "5views"}{"jobTitle": "Inbound Sales Development Representative", "company": "23DegreesConsulting", "Detail": {"industry": ["InformationTechnologyandServices", "Internet", "ComputerSoftware"], "jobFunction": ["Sales", "BusinessDevelopment", "InformationTechnology"], "jobType": "Full-time", "level": "Associate"}, "jobId": "911439129", "location": "Melbourne,Australia", "view": "Posted15hoursago"}{"jobTitle": "WHS Partner - Victoria", "company": "HydroTasmania", "Detail": {"industry": ["Renewables&amp;Environment", "Utilities", "Oil&amp;Energy"], "jobFunction": ["HumanResources"], "jobType": "Contract", "level": "Associate"}, "jobId": "911231052", "location": "Melbourne,Victoria,Australia", "view": "11views"}{"jobTitle": "Business Support Officer", "company": "Hudso", "Detail": {"industry": ["GovernmentAdministration"], "jobFunction": ["Administrative"], "jobType": "Contract", "level": ""}, "jobId": "910973699", "location": "Melbourne,Australia", "view": "25views"}{"jobTitle": "Manufacturing Team Leader", "company": "Lio", "Detail": {"industry": ["ConsumerServices"], "jobFunction": ["Manufacturing", "Production", "SupplyChain"], "jobType": "Full-time", "level": "Mid-Senior level"}, "jobId": "910944798", "location": "ChelseaHeights,Melbourne,Australia", "view": "76views"}{"jobTitle": "Senior Contracts Administrator", "company": "PlatinumPeopleSolutions", "Detail": {"industry": ["Construction"], "jobFunction": ["Administrative", "Other"], "jobType": "Full-time", "level": "Mid-Senior level"}, "jobId": "912650771", "location": "Melbourne,Australia", "view": "Posted13hoursago"}{"jobTitle": "Executive Assistant", "company": "OMDAustralia", "Detail": {"industry": ["MarketingandAdvertising"], "jobFunction": ["Administrative", "Advertising"], "jobType": "Full-time", "level": "Mid-Senior level"}, "jobId": "910948416", "location": "Melbourne,Australia", "view": "148views"}{"jobTitle": "Business Development Manager \\\\u2013 ENGIE Renewables", "company": "ENGIEAustralia and NewZealand", "Detail": {"industry": ["Oil&amp;Energy"], "jobFunction": ["BusinessDevelopment", "Engineering"], "jobType": "Full-time", "level": "Mid-Senior level"}, "jobId": "912652954", "location": "Melbourne,Victoria,Australia", "view": "Posted13hoursago"}{"jobTitle": "Technical Support Analyst - English/Japanese", "company": "DigiCert,Inc.", "Detail": {"industry": ["ComputerSoftware", "InformationTechnologyandServices"], "jobFunction": ["InformationTechnology"], "jobType": "Full-time", "level": "Associate"}, "jobId": "912647341", "location": "Melbourne,Victoria,Australia", "view": "Posted14hoursago"}{"jobTitle": "Frontend Developer", "company": "Tundra", "Detail": {"industry": ["Internet", "ComputerSoftware", "InformationTechnologyandServices"], "jobFunction": ["InformationTechnology", "Strategy", "QualityAssurance"], "jobType": "Full-time", "level": "Mid-Senior level"}, "jobId": "912637070", "location": "Melbourne,Australia", "view": "Posted14hoursago"}{"jobTitle": "Compliance Manager flexible P/T (school hours!)", "company": "AfiliasAustraliaPtyLtd.", "Detail": {"industry": ["Internet"], "jobFunction": ["Administrative", "Legal"], "jobType": "Part-time", "level": "Associate"}, "jobId": "910646333", "location": "360ElizabethStreet,Melbourne,VIC3000,AU", "view": "Posted24hoursago"}{"jobTitle": "Project Director (Client Side)", "company": "GemcoRecruitment", "Detail": {"industry": ["Construction"], "jobFunction": ["ProjectManagement", "Management"], "jobType": "Full-time", "level": "Mid-Senior level"}, "jobId": "911236645", "location": "Melbourne,Victoria,Australia", "view": "41views"}{"jobTitle": "Regional Sales Manager", "company": "SalesTribe", "Detail": {"industry": ["ComputerSoftware", "InformationTechnologyandServices"], "jobFunction": ["Sales"], "jobType": "Full-time", "level": "Director"}, "jobId": "911725903", "location": "Melbourne,Australia", "view": "93views"}{"jobTitle": "Senior Account Executive", "company": "TLAWorldwide", "Detail": {"industry": ["Sports"], "jobFunction": ["Marketing"], "jobType": "Full-time", "level": "Entry level"}, "jobId": "911742697", "location": "Melbourne,Australia", "view": "41views"}{"jobTitle": "Senior Associate / Associate - Tax", "company": "BurgessPaluchLegalRecruitment", "Detail": {"industry": ["LawPractice", "LegalServices"], "jobFunction": ["Legal"], "jobType": "Full-time", "level": "Associate"}, "jobId": "911731996", "location": "Melbourne,AU", "view": "6views"}{"jobTitle": "Project Officers", "company": "TPGTelecom", "Detail": {"industry": ["Telecommunications", "InformationTechnologyandServices"], "jobFunction": ["InformationTechnology", "ProjectManagement", "Engineering"], "jobType": "Full-time", "level": "Entry level"}, "jobId": "911703527", "location": "Melbourne", "view": "59views"}{"jobTitle": "General Manager - People  and  Culture", "company": "MICMRealEstate", "Detail": {"industry": ["RealEstate", "HumanResources"], "jobFunction": ["Consulting", "HumanResources", "Management"], "jobType": "Full-time", "level": "Mid-Senior level"}, "jobId": "911283371", "location": "Melbourne,Australia", "view": "96views"}{"jobTitle": "Key Account Manager, Prof Trade", "company": "Signify", "Detail": {"industry": ["Electrical/ElectronicManufacturing"], "jobFunction": ["Sales", "BusinessDevelopment"], "jobType": "Full-time", "level": "Associate"}, "jobId": "911315949", "location": "Melbourne,Australia", "view": "63views"}{"jobTitle": "Network Engineer-Satellite Systems (1706-30)", "company": "ConsultelSolutions", "Detail": {"industry": ["InformationTechnologyandServices", "Telecommunications"], "jobFunction": ["InformationTechnology"], "jobType": "Full-time", "level": "Mid-Senior level"}, "jobId": "911248819", "location": "St.KildaEast,Victoria,Australia", "view": "45views"}{"jobTitle": "Corporate Travel Consultants \\\\u2013 After Hours Team", "company": "QBTTravel", "Detail": {"industry": ["Leisure,Travel&amp;Tourism"], "jobFunction": ["CustomerService", "Sales"], "jobType": "Full-time", "level": "Associate"}, "jobId": "911271807", "location": "Melbourne,Victoria,Australia", "view": "13views"}{"jobTitle": "Data Entry / Customer Service", "company": "LeaderProductsPtyLtd", "Detail": {"industry": ["Wholesale", "ExecutiveOffice", "Accounting"], "jobFunction": ["Administrative", "CustomerService", "Sales"], "jobType": "Full-time", "level": "Entry level"}, "jobId": "911243134", "location": "Melbourne,Australia", "view": "41views"}{"jobTitle": "Commercial Analyst", "company": "MunroFootwearGroup", "Detail": {"industry": ["Apparel&amp;Fashion", "Retail", "FinancialServices"], "jobFunction": ["Accounting", "Analyst", "Finance"], "jobType": "Full-time", "level": "Mid-Senior level"}, "jobId": "911243147", "location": "850LorimerSt,PortMelbourneVictoria3207", "view": "51views"}{"jobTitle": "Sales Representative", "company": "BlockGrai", "Detail": {"industry": ["LogisticsandSupplyChain", "Farming", "InformationTechnologyandServices"], "jobFunction": ["Sales", "BusinessDevelopment", "SupplyChain"], "jobType": "Full-time", "level": "Mid-Senior level"}, "jobId": "910979235", "location": "Melbourne,Australia", "view": "82views"}{"jobTitle": "Senior Network Architect", "company": "tekbytes", "Detail": {"industry": ["StaffingandRecruiting"], "jobFunction": ["InformationTechnology"], "jobType": "Full-time", "level": "Mid-Senior level"}, "jobId": "910976798", "location": "Melbourne,Australia", "view": "16views"}{"jobTitle": "Health and Safety Manager - Services VIC", "company": "ENGIEServices-Australia and NewZealand", "Detail": {"industry": ["Construction", "FacilitiesServices", "Electrical/ElectronicManufacturing"], "jobFunction": ["HumanResources", "Training", "Other"], "jobType": "Full-time", "level": "Mid-Senior level"}, "jobId": "910969169", "location": "171GrangeRoad,Fairfield,VIC3078,AU", "view": "34views"}